2025-04-28 19:00:12,259 [INFO] SIGNAL-BOT started
2025-04-28 19:00:12,259 [INFO] SIGNAL-BOT started
2025-04-28 19:00:12,259 [INFO] SIGNAL-BOT started
2025-04-28 19:00:13,094 [ERROR] Exception fetching OHLC data for BTCUSDT: 404 Client Error: Not Found for url: https://api.coinex.com/v2/market/kline?market=BTCUSDT&type=15m
2025-04-28 19:00:13,094 [ERROR] Exception fetching OHLC data for BTCUSDT: 404 Client Error: Not Found for url: https://api.coinex.com/v2/market/kline?market=BTCUSDT&type=15m
2025-04-28 19:00:13,094 [ERROR] Exception fetching OHLC data for BTCUSDT: 404 Client Error: Not Found for url: https://api.coinex.com/v2/market/kline?market=BTCUSDT&type=15m
2025-04-28 19:00:13,980 [ERROR] Exception fetching OHLC data for ETHUSDT: 404 Client Error: Not Found for url: https://api.coinex.com/v2/market/kline?market=ETHUSDT&type=15m
2025-04-28 19:00:13,980 [ERROR] Exception fetching OHLC data for ETHUSDT: 404 Client Error: Not Found for url: https://api.coinex.com/v2/market/kline?market=ETHUSDT&type=15m
2025-04-28 19:00:13,980 [ERROR] Exception fetching OHLC data for ETHUSDT: 404 Client Error: Not Found for url: https://api.coinex.com/v2/market/kline?market=ETHUSDT&type=15m
2025-04-28 19:00:14,862 [ERROR] Exception fetching OHLC data for BNBUSDT: 404 Client Error: Not Found for url: https://api.coinex.com/v2/market/kline?market=BNBUSDT&type=15m
2025-04-28 19:00:14,862 [ERROR] Exception fetching OHLC data for BNBUSDT: 404 Client Error: Not Found for url: https://api.coinex.com/v2/market/kline?market=BNBUSDT&type=15m
2025-04-28 19:00:14,862 [ERROR] Exception fetching OHLC data for BNBUSDT: 404 Client Error: Not Found for url: https://api.coinex.com/v2/market/kline?market=BNBUSDT&type=15m
2025-04-28 19:00:15,753 [ERROR] Exception fetching OHLC data for XRPUSDT: 404 Client Error: Not Found for url: https://api.coinex.com/v2/market/kline?market=XRPUSDT&type=15m
2025-04-28 19:00:15,753 [ERROR] Exception fetching OHLC data for XRPUSDT: 404 Client Error: Not Found for url: https://api.coinex.com/v2/market/kline?market=XRPUSDT&type=15m
2025-04-28 19:00:15,753 [ERROR] Exception fetching OHLC data for XRPUSDT: 404 Client Error: Not Found for url: https://api.coinex.com/v2/market/kline?market=XRPUSDT&type=15m
2025-04-28 19:00:16,642 [ERROR] Exception fetching OHLC data for ADAUSDT: 404 Client Error: Not Found for url: https://api.coinex.com/v2/market/kline?market=ADAUSDT&type=15m
2025-04-28 19:00:16,642 [ERROR] Exception fetching OHLC data for ADAUSDT: 404 Client Error: Not Found for url: https://api.coinex.com/v2/market/kline?market=ADAUSDT&type=15m
2025-04-28 19:00:16,642 [ERROR] Exception fetching OHLC data for ADAUSDT: 404 Client Error: Not Found for url: https://api.coinex.com/v2/market/kline?market=ADAUSDT&type=15m
2025-04-28 19:00:17,546 [ERROR] Exception fetching OHLC data for SOLUSDT: 404 Client Error: Not Found for url: https://api.coinex.com/v2/market/kline?market=SOLUSDT&type=15m
2025-04-28 19:00:17,546 [ERROR] Exception fetching OHLC data for SOLUSDT: 404 Client Error: Not Found for url: https://api.coinex.com/v2/market/kline?market=SOLUSDT&type=15m
2025-04-28 19:00:17,546 [ERROR] Exception fetching OHLC data for SOLUSDT: 404 Client Error: Not Found for url: https://api.coinex.com/v2/market/kline?market=SOLUSDT&type=15m
2025-04-28 19:00:18,404 [ERROR] Exception fetching OHLC data for DOTUSDT: 404 Client Error: Not Found for url: https://api.coinex.com/v2/market/kline?market=DOTUSDT&type=15m
2025-04-28 19:00:18,404 [ERROR] Exception fetching OHLC data for DOTUSDT: 404 Client Error: Not Found for url: https://api.coinex.com/v2/market/kline?market=DOTUSDT&type=15m
2025-04-28 19:00:18,404 [ERROR] Exception fetching OHLC data for DOTUSDT: 404 Client Error: Not Found for url: https://api.coinex.com/v2/market/kline?market=DOTUSDT&type=15m
2025-04-28 19:00:19,273 [ERROR] Exception fetching OHLC data for DOGEUSDT: 404 Client Error: Not Found for url: https://api.coinex.com/v2/market/kline?market=DOGEUSDT&type=15m
2025-04-28 19:00:19,273 [ERROR] Exception fetching OHLC data for DOGEUSDT: 404 Client Error: Not Found for url: https://api.coinex.com/v2/market/kline?market=DOGEUSDT&type=15m
2025-04-28 19:00:19,273 [ERROR] Exception fetching OHLC data for DOGEUSDT: 404 Client Error: Not Found for url: https://api.coinex.com/v2/market/kline?market=DOGEUSDT&type=15m
2025-04-28 19:00:20,136 [ERROR] Exception fetching OHLC data for AVAXUSDT: 404 Client Error: Not Found for url: https://api.coinex.com/v2/market/kline?market=AVAXUSDT&type=15m
2025-04-28 19:00:20,136 [ERROR] Exception fetching OHLC data for AVAXUSDT: 404 Client Error: Not Found for url: https://api.coinex.com/v2/market/kline?market=AVAXUSDT&type=15m
2025-04-28 19:00:20,136 [ERROR] Exception fetching OHLC data for AVAXUSDT: 404 Client Error: Not Found for url: https://api.coinex.com/v2/market/kline?market=AVAXUSDT&type=15m
2025-04-28 19:00:20,979 [ERROR] Exception fetching OHLC data for MATICUSDT: 404 Client Error: Not Found for url: https://api.coinex.com/v2/market/kline?market=MATICUSDT&type=15m
2025-04-28 19:00:20,979 [ERROR] Exception fetching OHLC data for MATICUSDT: 404 Client Error: Not Found for url: https://api.coinex.com/v2/market/kline?market=MATICUSDT&type=15m
2025-04-28 19:00:20,979 [ERROR] Exception fetching OHLC data for MATICUSDT: 404 Client Error: Not Found for url: https://api.coinex.com/v2/market/kline?market=MATICUSDT&type=15m
2025-04-28 20:11:41,486 [INFO] SIGNAL-BOT started
2025-04-28 20:11:41,486 [INFO] SIGNAL-BOT started
2025-04-28 20:11:41,486 [INFO] SIGNAL-BOT started
2025-04-28 20:11:42,375 [INFO] Fetched OHLC data for BTCUSDT
2025-04-28 20:11:42,375 [INFO] Fetched OHLC data for BTCUSDT
2025-04-28 20:11:42,375 [INFO] Fetched OHLC data for BTCUSDT
2025-04-28 20:11:43,390 [INFO] Fetched OHLC data for ETHUSDT
2025-04-28 20:11:43,390 [INFO] Fetched OHLC data for ETHUSDT
2025-04-28 20:11:43,390 [INFO] Fetched OHLC data for ETHUSDT
2025-04-28 20:11:44,311 [INFO] Fetched OHLC data for BNBUSDT
2025-04-28 20:11:44,311 [INFO] Fetched OHLC data for BNBUSDT
2025-04-28 20:11:44,311 [INFO] Fetched OHLC data for BNBUSDT
2025-04-28 20:11:45,239 [INFO] Fetched OHLC data for XRPUSDT
2025-04-28 20:11:45,239 [INFO] Fetched OHLC data for XRPUSDT
2025-04-28 20:11:45,239 [INFO] Fetched OHLC data for XRPUSDT
2025-04-28 20:11:46,169 [INFO] Fetched OHLC data for ADAUSDT
2025-04-28 20:11:46,169 [INFO] Fetched OHLC data for ADAUSDT
2025-04-28 20:11:46,169 [INFO] Fetched OHLC data for ADAUSDT
2025-04-28 20:11:47,084 [INFO] Fetched OHLC data for SOLUSDT
2025-04-28 20:11:47,084 [INFO] Fetched OHLC data for SOLUSDT
2025-04-28 20:11:47,084 [INFO] Fetched OHLC data for SOLUSDT
2025-04-28 20:11:48,011 [INFO] Fetched OHLC data for DOTUSDT
2025-04-28 20:11:48,011 [INFO] Fetched OHLC data for DOTUSDT
2025-04-28 20:11:48,011 [INFO] Fetched OHLC data for DOTUSDT
2025-04-28 20:11:48,972 [INFO] Fetched OHLC data for DOGEUSDT
2025-04-28 20:11:48,972 [INFO] Fetched OHLC data for DOGEUSDT
2025-04-28 20:11:48,972 [INFO] Fetched OHLC data for DOGEUSDT
2025-04-28 20:11:49,954 [INFO] Fetched OHLC data for AVAXUSDT
2025-04-28 20:11:49,954 [INFO] Fetched OHLC data for AVAXUSDT
2025-04-28 20:11:49,954 [INFO] Fetched OHLC data for AVAXUSDT
2025-04-28 20:11:50,833 [ERROR] Error fetching OHLC data for MATICUSDT: invalid argument
2025-04-28 20:11:50,833 [ERROR] Error fetching OHLC data for MATICUSDT: invalid argument
2025-04-28 20:11:50,833 [ERROR] Error fetching OHLC data for MATICUSDT: invalid argument
2025-04-28 21:12:56,715 [INFO] SIGNAL-BOT started
2025-04-28 21:12:56,715 [INFO] SIGNAL-BOT started
2025-04-28 21:12:56,715 [INFO] SIGNAL-BOT started
2025-04-28 21:12:57,611 [INFO] Fetched OHLC data for BTCUSDT
2025-04-28 21:12:57,611 [INFO] Fetched OHLC data for BTCUSDT
2025-04-28 21:12:57,611 [INFO] Fetched OHLC data for BTCUSDT
2025-04-28 21:12:58,618 [INFO] Fetched OHLC data for ETHUSDT
2025-04-28 21:12:58,618 [INFO] Fetched OHLC data for ETHUSDT
2025-04-28 21:12:58,618 [INFO] Fetched OHLC data for ETHUSDT
2025-04-28 21:12:59,528 [INFO] Fetched OHLC data for BNBUSDT
2025-04-28 21:12:59,528 [INFO] Fetched OHLC data for BNBUSDT
2025-04-28 21:12:59,528 [INFO] Fetched OHLC data for BNBUSDT
2025-04-28 21:13:00,407 [INFO] Fetched OHLC data for XRPUSDT
2025-04-28 21:13:00,407 [INFO] Fetched OHLC data for XRPUSDT
2025-04-28 21:13:00,407 [INFO] Fetched OHLC data for XRPUSDT
2025-04-28 21:13:01,524 [INFO] Fetched OHLC data for ADAUSDT
2025-04-28 21:13:01,524 [INFO] Fetched OHLC data for ADAUSDT
2025-04-28 21:13:01,524 [INFO] Fetched OHLC data for ADAUSDT
2025-04-28 21:13:02,428 [INFO] Fetched OHLC data for SOLUSDT
2025-04-28 21:13:02,428 [INFO] Fetched OHLC data for SOLUSDT
2025-04-28 21:13:02,428 [INFO] Fetched OHLC data for SOLUSDT
2025-04-28 21:13:03,324 [INFO] Fetched OHLC data for DOTUSDT
2025-04-28 21:13:03,324 [INFO] Fetched OHLC data for DOTUSDT
2025-04-28 21:13:03,324 [INFO] Fetched OHLC data for DOTUSDT
2025-04-28 21:13:04,262 [INFO] Fetched OHLC data for DOGEUSDT
2025-04-28 21:13:04,262 [INFO] Fetched OHLC data for DOGEUSDT
2025-04-28 21:13:04,262 [INFO] Fetched OHLC data for DOGEUSDT
2025-04-28 21:13:05,153 [INFO] Fetched OHLC data for AVAXUSDT
2025-04-28 21:13:05,153 [INFO] Fetched OHLC data for AVAXUSDT
2025-04-28 21:13:05,153 [INFO] Fetched OHLC data for AVAXUSDT
2025-04-28 21:13:06,156 [ERROR] Error fetching OHLC data for MATICUSDT: invalid argument
2025-04-28 21:13:06,156 [ERROR] Error fetching OHLC data for MATICUSDT: invalid argument
2025-04-28 21:13:06,156 [ERROR] Error fetching OHLC data for MATICUSDT: invalid argument
2025-04-28 21:16:04,729 [INFO] SIGNAL-BOT started
2025-04-28 21:16:04,729 [INFO] SIGNAL-BOT started
2025-04-28 21:16:04,729 [INFO] SIGNAL-BOT started
2025-04-28 21:16:05,622 [INFO] Fetched OHLC data for BTCUSDT
2025-04-28 21:16:05,622 [INFO] Fetched OHLC data for BTCUSDT
2025-04-28 21:16:05,622 [INFO] Fetched OHLC data for BTCUSDT
2025-04-28 21:16:06,511 [INFO] Fetched OHLC data for ETHUSDT
2025-04-28 21:16:06,511 [INFO] Fetched OHLC data for ETHUSDT
2025-04-28 21:16:06,511 [INFO] Fetched OHLC data for ETHUSDT
2025-04-28 21:16:07,444 [INFO] Fetched OHLC data for BNBUSDT
2025-04-28 21:16:07,444 [INFO] Fetched OHLC data for BNBUSDT
2025-04-28 21:16:07,444 [INFO] Fetched OHLC data for BNBUSDT
2025-04-28 21:16:08,356 [INFO] Fetched OHLC data for XRPUSDT
2025-04-28 21:16:08,356 [INFO] Fetched OHLC data for XRPUSDT
2025-04-28 21:16:08,356 [INFO] Fetched OHLC data for XRPUSDT
2025-04-28 21:16:09,269 [INFO] Fetched OHLC data for ADAUSDT
2025-04-28 21:16:09,269 [INFO] Fetched OHLC data for ADAUSDT
2025-04-28 21:16:09,269 [INFO] Fetched OHLC data for ADAUSDT
2025-04-28 21:16:10,377 [INFO] Fetched OHLC data for SOLUSDT
2025-04-28 21:16:10,377 [INFO] Fetched OHLC data for SOLUSDT
2025-04-28 21:16:10,377 [INFO] Fetched OHLC data for SOLUSDT
2025-04-28 21:16:11,314 [INFO] Fetched OHLC data for DOTUSDT
2025-04-28 21:16:11,314 [INFO] Fetched OHLC data for DOTUSDT
2025-04-28 21:16:11,314 [INFO] Fetched OHLC data for DOTUSDT
2025-04-28 21:16:12,221 [INFO] Fetched OHLC data for DOGEUSDT
2025-04-28 21:16:12,221 [INFO] Fetched OHLC data for DOGEUSDT
2025-04-28 21:16:12,221 [INFO] Fetched OHLC data for DOGEUSDT
2025-04-28 21:16:13,139 [INFO] Fetched OHLC data for AVAXUSDT
2025-04-28 21:16:13,139 [INFO] Fetched OHLC data for AVAXUSDT
2025-04-28 21:16:13,139 [INFO] Fetched OHLC data for AVAXUSDT
2025-04-28 21:27:01,415 [INFO] Fetched 1985 valid markets
2025-04-28 21:27:01,417 [INFO] Valid markets: PSPUSDT, CWIFUSDT, BITCOINUSDT, TAPUSDT, BROCCOLIUSDT, FTTUSDT_INDEX, ZEROUSDT, SEIBTC, ATOMUSDT, ARTYUSDT, BOOPUSDT, AZEROUSDT, CHRUSDT, WDOGUSDT, XDCBTC, QTUMBTC, ACSUSDT, BENDUSDT, STRDBTC, BDXBTC, KILOUSDT, STARUSDT, BNCUSDT, WHALEUSDT, SGBUSDT, LUNAUSDT, METALUSDT, BEAMXBTC, FIOUSDT, SHARKUSDT, BRETTUSDT, UXLINKUSDT, BLUBUSDT, LFTUSDT, MAXUSDT, GRAMUSDT, XIHSUSDT, SEIUSDT, TAOUSDT_INDEX, MOODENGETHUSDT, WILDUSDT, LOFIUSDT, BRUSDT, BRICKUSDT, TURBOUSDT, ZKBUSDT, LTOUSDT, BEAMXUSDT, XCNUSDT, LMWRUSDT, PIXELUSDT, DOTUSDT_INDEX, TRUFUSDT, SNAIUSDT, MERLUSDT_INDEX, TUSDT, POLBTC, CVXUSDT_INDEX, RXDUSDT, METISUSDT, LINKUSDT, JOEUSDT, TNSRUSDT_INDEX, PELLUSDT, LESTERUSDT, HIPPOUSDT, CROBTC, LUMIUSDT, PEAQUSDT, AXSBTC, IXSUSDT, WENUSDT, WEMIXUSDT, TOSHIUSDT, ARKMUSDT, HERBUSDT, HELLOUSDT, INDEXUSDT, DUREVUSDT, MDTUSDT, NEIROCTOUSDT, KEYCATUSDT, LISTAUSDT, CHEQUSDT, ETHWUSDT, AICMPUSDT, CSPRUSDT, BOMEUSDC, ZYNUSDT, VGXUSDT, CROUSDT_INDEX, AXSUSDT_INDEX, ZILBTC, SIDUSUSDT, RPKUSDT, ZKFUSDT, USTCUSDT, HEIUSDT, IRISBTC, MANEKIUSDT, PURRUSDT, OMUSDT_INDEX, AAVEUSDC, NULSBTC, HBARUSDT, LRCUSDT, FEARNOTUSDT, VICUSDT, LSKUSDT, OASBTC, ALGOUSDT, LATUSDT, BCHBTC_INDEX, KIMBOUSDT, WELSHUSDT, ETHBTC_INDEX, GOMEUSDT, MOBUSDT, DINGOBTC, SNIFTUSDT, CGPTUSDT, KAVABTC, WALUSDT, PHABTC, ONTBTC, SNXUSDT_INDEX, ZEPHUSDT, FLOWUSDC, LAZIOUSDT, XAIUSDT, WCTUSDT, EVRMOREUSDT, NCTUSDT, GINNANUSDT, LISTENUSDT, XRPUSDT_INDEX, WRLDUSDT, AEVOUSDT, JUPUSDT, HNTUSDC, ARCHUSDT, ETHUSDC, OPBTC, AIPGUSDT, FLOWUSDT_INDEX, DUSKUSDT_INDEX, ONESUSDT, GRSBTC, KUBBTC, CENTSUSDT, NEONUSDT, ROOTUSDT, ZILUSDC, JUVUSDT, SOLUSDT_INDEX, PIVXBTC, BNBCARDUSDT, RSS3USDT, COTIUSDT, PRCLUSDT, BELLSUSDT, SHARKCATUSDT, STARGATEUSDT, FRENUSDT, GAMEUSDT, HGPTUSDT, XTZUSDC, NIBIBTC, CHZUSDT, KANUSDT, FJOUSDT, SANDBTC, SOONUSDT, STUPIDUSDT, OREUSDT, SUIBTC, PNKUSDT, L3USDT, FREDUSDT, LTCUSDT_INDEX, VENOMUSDT_INDEX, ALPINEUSDT, BLUBAVAXUSDT, NEARUSDT, ETCBTC, ALGOBTC, LATBTC, CREAMUSDT, KASPERUSDT, JSTUSDT, DOMEUSDT, ARUSDT, IRONBTC, PBUXUSDT, CELUSDT, NEURUSDT, BANANAUSDT, EPIKUSDT, UWUUSDT, JAILSTOOLUSDT, CEEKUSDT, FILUSDC, COMBOUSDT, PSTAKEUSDT, STOUSDT, CCDBTC, CITADAILUSDT, RBCUSDT, WOMUSDT, CETUSDC, IPUSDT_INDEX, CTAUSDT, JETTONUSDT, PUNDIAIUSDT, 0X0USDT, BIGPUMPUSDT, NFPUSDT, BOBUSDT, GMMUSDT, SOLUSDC, BLOKUSDT, ROSEUSDT_INDEX, CKBUSDC, TAOUSDT, FIROUSDT, PORTOUSDT, ALPHAUSDT, POPCATUSDT_INDEX, ADXUSDT, RATSUSDT, ZIGUSDT, FLUXUSDT_INDEX, PENDLEBTC, PAJAMASUSDT, GHXUSDT, EGLDUSDT_INDEX, APTBTC, STXUSDC, HEGICUSDT, TARAUSDT, NEOUSDC, QUICKUSDT, HTERMUSDT, ELONUSDT, STXUSDT_INDEX, GRAILUSDT, TRACYUSDT, MONGUSDT, OPULUSDT, UNIBTC, FIGHTETHUSDT, BRWLUSDT, RFCUSDT, GROKCOINUSDT, ROCKYSOLUSDT, DEEPUSDT, POLUSDT, SSWPUSDT, HFUNUSDT, ELSUSDT, NRNUSDT, GHIBLIUSDT, BANANOUSDT, WINGUSDT, SUIUSDT_INDEX, STONUSDT, HMNDBTC, DEAIUSDT, DCUSDT, NPCUSDT, UNAUSDT, IDUSDT_INDEX, JASMYUSDT_INDEX, DOPUSDT, GOATUSDT_INDEX, AIOZUSDT_INDEX, PEPE2USDT, DJTUSDT, SOLAMAUSDT, CHZUSDT_INDEX, KERNELUSDT, FOXUSDT, HMTUSDT, SWELLUSDT, 1INCHUSDT_INDEX, BNBBTC_INDEX, ACXUSDT, STMXUSDT, ANKRUSDT, BILLYUSDT, ALEXUSDT, MONKYUSDT, TRXUSDT_INDEX, CHATUSDT, DOGINMEUSDT, BRISEUSDT, SFLUSDT, FLUXBUSDT, SEALUSDT, DYDXBTC, KLYUSDT, INJUSDT, BONDUSDT, DIGIMONUSDT, DCRBTC, MASKUSDT_INDEX, BABYDOGEUSDT, ARBTC, SOSOUSDT, COVALUSDT, SALUSDT, KOMAUSDT, PENGUSDT, SXPUSDT, NTRNBTC, SWEATUSDT, GMEEUSDT, BIGTIMEUSDT, FBUSDT, VVVUSDT, LONUSDT, ENJUSDT_INDEX, FSNBTC, MYTHUSDT, SQDUSDT, FORTUSDT, GRTUSDC, MOZUSDT, GOMININGUSDT, XAUTUSDT, RAYUSDT_INDEX, PROUSDT, IZIUSDT, SOLVUSDT_INDEX, KEIROUSDT, SKYAIUSDT, MEMESAIUSDT, DATAUSDT, LYXUSDT, VANRYUSDT, PARTIUSDT_INDEX, FARTCOINUSDT_INDEX, ATHUSDT, ZILUSDT, EPICCHAINUSDT, POLUSDC, HTRUSDT, MOGUSDT, DCBUSDT, TROLLUSDT, DMAILUSDT, DASHBTC, BSVUSDT, ETCUSDT, KEKIUSUSDT, PITUSDT, SOCIALUSDT, ORBSUSDT, SHRUBUSDT, OSMOUSDT, OPAIUSDT, IOTABTC, AABLUSDT, HOLOUSDT, CHESSUSDT, SCFUSDT, CELRUSDT_INDEX, DEROBTC, ARRRBTC, QUAIUSDT, OASUSDT, MYROUSDT_INDEX, IRONUSDT, SOLBTC, GAFIUSDT, WAXLUSDT, XLMUSDC, MUMUUSDT, GMTUSDC, SKIUSDT, CETUSDT_INDEX, WAXPBTC, WAVESBTC, SUIPUSDT, WLDUSDT_INDEX, GLQUSDT, ETNBTC, HACBTC, INJUSDT_INDEX, ARKUSDT, WARTUSDT, AVAXUSDT_INDEX, ONDOUSDT, DEGENAIUSDT, PEOPLEUSDT, ATMUSDT, APPLEUSDT, PHBUSDT, DOTUSDC, HMSTRUSDT_INDEX, EPIKSOLUSDT, MANAUSDT, NUBUSDT, XRPBTC_INDEX, ANDYBSCUSDT, LUNAUSDT_INDEX, HTRBTC, NAPUSDT, JGNUSDT, FORESTUSDT, FREEDOGSUSDT, NEARUSDC, FORMUSDT, ARGUSDT, HARAMBEUSDT, GNOBTC, BNBUSDC, DAIUSDT, IMXUSDT_INDEX, PIUSDT, DYDXUSDC, APUUSDT, WOLFETHUSDT, USAUSDT, TRADEUSDT, PNPUSDT, RARIUSDT, AOUSDT, GOATUSDT, AIOZUSDT, SINGUSDT, AEVOUSDT_INDEX, JUPUSDT_INDEX, RAIUSDT, HONEYUSDT, MORIUSDT, XRPBTC, XYMUSDT, XETAUSDT, GALABTC, ONGUSDT, GPUUSDT, EDUUSDT, OPSECUSDT, DASHUSDC, SHOGGOTHUSDT, MOBILEUSDT, STEEMUSDT, JTOUSDT, LOKAUSDT, ALGOUSDT_INDEX, WBTC, THGUSDT, SCBTC, WNCGUSDT, DIMOUSDT, VIRTUALUSDT_INDEX, AKTUSDT, ZANOUSDT, ERGUSDT, XECUSDT_INDEX, CAKEBTC, IOTAUSDT_INDEX, BTTUSDT_INDEX, FARUSDT, KASUSDC, FACTUSDT, ZETAUSDT, AITECHUSDT, THETAUSDT_INDEX, KEKEUSDT, SCRTUSDT, GAMMAUSDT, NGLUSDT, CATIUSDT, GFIUSDT, ULTIUSDT, BALUSDT, RONUSDT, GASBTC, MINABTC, RUNEUSDT_INDEX, VETUSDT_INDEX, SOVRNUSDT, CVXUSDT, FLOKIUSDC, PNUTUSDT, FHEUSDT, VIAUSDT, ZRXUSDT_INDEX, XRPUSDC, HOPUSDT, FIREUSDT, HEUUSDT, BLASTUSDT, GTCUSDT, BSWUSDT, BOBAUSDT, KUJIUSDT, SUDOUSDT, OMNIUSDT, XZKUSDT, ARMYUSDT, HFTUSDT, SHIBUSDT, WQUILUSDT, GIZMOUSDT, MOTHERUSDT, VTCBTC, MAVIAUSDT, HOTUSDC, SUNUSDT, LUNCUSDT_INDEX, PHAUSDT, KARRATUSDT, KAVAUSDT, XPRBTC, ONTUSDT, MAXSOLUSDT, STCBTC, JASMYBTC, DESOBTC, GRTUSDT, MPUSDT, ARUSDT_INDEX, EACCUSDT, TANKUSDT, AVASOLUSDT, SUNDOGUSDT_INDEX, XPLAUSDT, GECUSDT, DEXTUSDT, BNTUSDT, NACHOUSDT, RIFSOLUSDT, ZROUSDT_INDEX, STXBTC, GODSUSDT, ORDIBTC, AEBTC, LEASHUSDT, AI16ZUSDT, SEIUSDT_INDEX, ETHBTC, ALIUSDT, PRIMEUSDT, BITCIUSDT, PENGUUSDT, YNEUSDT, SBTC, BITCOINUSDT_INDEX, ZERCUSDT, LOOMUSDT, API3USDT, COSUSDT, BANDBTC, ARPAUSDT, STARSBTC, HEHEUSDT, RENDERUSDT, ACABTC, TRBUSDT, SNXBTC, PIXFIUSDT, CHOUSDT, ARCHBTC, YGGUSDT_INDEX, OPUSDT_INDEX, CLYUSDT, BUZUSDT, BLURUSDT_INDEX, ANIMEUSDT, GELUSDT, NLKUSDT, SLFUSDT, BEAMUSDT, STRAXBTC, GSTUSDT, LIBRAUSDT, MSTRUSDT, BLDUSDT, COQUSDT, TWTUSDT, MOODENGUSDT, SFIUSDT, KCNUSDT, FBUSDT_INDEX, SPXUSDT, THETAUSDC, IOTAUSDC, GMXUSDT, C98USDT, SHIBUUSDT, DOTUSDT, SUSDT_INDEX, PEPEUSDT_INDEX, ZBCNUSDT, IPUSDT, ARBUSDC, LTCBTC_INDEX, TOKENUSDT, MUBIUSDT, WATUSDT, SCRUSDT, BSSBUSDT, DMTRUSDT, TERMINUSUSDT, BNBBTC, 1INCHUSDT, RNTUSDT, JUPBTC, ENAUSDC, XEMUSDC, CLVUSDT, AIDOGEUSDT_INDEX, EVERUSDT, VRTXUSDT, MOCHIUSDT, ETHWUSDT_INDEX, WILDNOUTUSDT, STPTUSDT, ZROUSDT, RSS3USDT_INDEX, COTIUSDT_INDEX, GALAUSDC, HMNDUSDT, TONUSDT_INDEX, LDOBTC, RAREUSDT, PUSHUSDT, CETBTC, CITYUSDT, AAVEUSDT, TOWERUSDT, MNTUSDT, API3USDT_INDEX, XENUSDT, SXPUSDT_INDEX, SAMOUSDT, STGUSDT, AIUSDT, ENJUSDC, ZECUSDT_INDEX, DOGEUSDT_INDEX, BSVBTC, OBTUSDT, FLUXBTC, QKCBTC, GRASSUSDT_INDEX, NCUSDT, WUSDT, SMHBTC, BIGTIMEUSDT_INDEX, ANONSOLUSDT, PERPUSDT, SHIBBTC, PNGUSDT, MENDIUSDT, POLYXUSDT, BLUEUSDT, XTZUSDT_INDEX, ARKBTC, MOOVUSDT, BEAMBTC, STONKSUSDT, BBUSDT_INDEX, OPCATUSDT, OVRUSDT, SONICUSDT, BITCATUSDT, DOGEUSDT, LUMUSDT, XNABTC, COREBTC, MNDEUSDT, IQ50USDT, RENUSDT, SUPERUSDT_INDEX, CHEEMSUSDT, BOBOUSDT, AERGOUSDT, EVMOSBTC, DIAUSDT, NOTEUSDT, DOGEAIUSDT, TRUUSDT, MILKUSDT, BABYUSDT, EOSBTC, DOGSUSDT, HOPRUSDT, DEFIUSDT, EVMOSUSDT, KAIBTC, ZECUSDC, EGLDBTC, NATIXUSDT, LLUSDT, EMPUSDT, ETHFIUSDT, MUBARAKUSDT, DEGENUSDT, XEMUSDT, ENAUSDT, SYSUSDT, WINKUSDT, PAWSUSDT, ONGBTC, BUBBUSDT, SKBDIUSDT, A8USDT, XYMBTC, QTUMUSDT_INDEX, POCHITAUSDT, HBARUSDC, HLGUSDT, INITUSDT, CFXUSDT_INDEX, PENDLEUSDT_INDEX, NRGBTC, SCPUSDT, SUAIUSDT, IQUSDT, RENDERBTC, POPCATUSDT, FLOWUSDT, STANUSDT, LQTYUSDT, WIFUSDT_INDEX, KDAUSDT_INDEX, PUFFUSDT, TAOUSDC, FILUSDT_INDEX, CROWNUSDT, SAVMUSDT, KAITOUSDT, NIMBTC, OOGAUSDT, ORCAUSDT, KUBUSDT, GRSUSDT, JOYUSDT, ELIZAUSDT, XTERUSDT, PESTOUSDT, GASUSDT, KMDBTC, MINAUSDT, LEVERUSDT, GEARUSDT, RLCUSDT_INDEX, ORAUSDT, SIGMAUSDT, SUIUSDT, AZEROBTC, HUAHUAUSDT, ASTRBTC, CELRUSDT, POLLENUSDT, SAUCEUSDT, WIFBTC, KDABTC, NKNUSDT, MNTUSDT_INDEX, AAVEUSDT_INDEX, DOGEUSDC, FIDAUSDT, STARLUSDT, BETAUSDT, MOBBTC, GLMUSDT_INDEX, UFDUSDT, MCGUSDT, USDCUSDT_INDEX, STORJUSDT_INDEX, MOCAUSDT, NOBODYUSDT, MORPHOUSDT, ICXBTC, ATOMUSDT_INDEX, HNSBTC, ZRXUSDT, SWARMSUSDT, BZZUSDT, CARVUSDT, ASTUSDT, ENSUSDT, CTKUSDT, EVRUSDT, SHELLUSDT, SLERFUSDT, RENDERUSDT_INDEX, DCRUSDT, KLVUSDT, USDCUSDT, JONESUSDT, CROUSDT, AXSUSDT, ETHUSDT_INDEX, KUJIBTC, ANKRUSDT_INDEX, DUCKUSDT, HOLDUSDT, IMXUSDT, LUMOUSDT, BCHUSDT, ELXUSDT, RUNECOINUSDT, CVPUSDT, MUSICUSDT, TRXUSDC, QNTUSDT_INDEX, MORUSDT, COMPUSDT, DMTUSDT, ENJUSDT, BAKEUSDT, MNTBTC, AAVEBTC, NEARBTC, XUSDT, DOTBTC, HIFIUSDT, VITAUSDT, HYPERFYUSDT, VIRTUALUSDT, PIVXUSDT, FARMHYPEUSDT, DODOUSDT, KASBTC, TIAUSDT, XPRTBTC, BUTTHOLEUSDT, VISTAUSDT, PARAMUSDT, SCUSDT, RXDBTC, BULLUSDT, METISBTC, LINKBTC, GALAUSDT, SIDESHIFTUSDT, GUMMYUSDT, LUMIAUSDT, STORJUSDT, ARDRBTC, KP3RUSDT, APXUSDT, TORNUSDT, SPAUSDT, OPUSUSDT, CKBUSDT, PROMPTUSDT, DENTUSDT, BONKUSDT, POOLXUSDT, BERTUSDT, TLOSBTC, AVAXUSDC, BANKUSDT, SYSBTC, BIFIUSDT, AAAUSDT, B3USDT, AUCTIONUSDT, FISHUSDT, SANDUSDT, CWARUSDT, ARDRUSDT, TURBOSUSDT, DYMUSDT, DRVUSDT, MICEUSDT, FLOKIBTC, ALPHBTC, XECUSDT, POKTUSDT, MOVEUSDT, SDNUSDT, PIZZAUSDT, MEMEUSDT_INDEX, SPOREUSDT, EOSUSDT, UNIBOTUSDT, ATAUSDT, KITTYUSDT, MOVRBTC, APTRUSDT, TREMPUSDT, JEWELUSDT, DOGSUSDT_INDEX, CLOREBTC, BNBUSDT_INDEX, PINGOUSDT, DOAIUSDT, NMRUSDT, OXTUSDT, JTOUSDT_INDEX, GMRXUSDT, HACUSDT, SNEKUSDT, WIFIUSDT, ILVUSDT_INDEX, TYBGUSDT, FUSDT, FARMUSDT, RAILUSDT, NYANUSDT, OCTABTC, ACHUSDT, BONEUSDT, TTUSDT, KDAOUSDT, 1CATUSDT, JELLYJELLYUSDT, OLMUSDT, STRAXUSDT, QNTUSDT, ELFUSDT, RONUSDT_INDEX, ORDERUSDT, NSTRUSDT, SATSUSDT, REVVUSDT, EGLDUSDT, CVCUSDT, SHRAPUSDT, BLASTUSDT_INDEX, DYDXUSDT, ZEROLENDUSDT, OSMOBTC, PONKEUSDT, DBRUSDT, NOCHILLUSDT, THORUSDT, ADABTC_INDEX, OCTUSDT, DOLANUSDT, ELAUSDT, BLOCXUSDT, SUPERUSDT, BEAMXUSDT_INDEX, FETUSDC, BCHBTC, VLXUSDT, HOSICOUSDT, XMRUSDT_INDEX, INJBTC, NMTUSDT, TATUSDT, OLUSDT, ALCHUSDT_INDEX, TSOTCHKEUSDT, SUNDAEUSDT, LUNCUSDT, JKCUSDT, XLMBTC, BUTTUSDT, TSTBSCUSDT, DUSKUSDT, NEXOUSDT, AGLDUSDT, SOMMUSDT, BABYSHARKUSDT, GRTBTC, PAINUSDT, OORTUSDT, WLDBTC, NIBIUSDT, HYPEUSDT_INDEX, COCOROUSDT, NTRNUSDT, PDAUSDT, PENGUUSDT_INDEX, XNOUSDT, POLISUSDT, YULIUSDT, KNCUSDT, ELIXUSDT, TAOCATUSDT, CLEARUSDT, BOTTOUSDT, VAIUSDT, AXSUSDC, RATUSDT, CONVOUSDT, ZETAUSDT_INDEX, STEEMBTC, ATRUSDT, ARBBTC, LUNASOLUSDT, TURBOUSDT_INDEX, BTCUSDC, BBUSDT, GUNUSDT, ADAUSDC, OMGUSDT, PONDUSDT, VRAUSDT, AUCTIONUSDT_INDEX, XRDUSDT, GNSUSDT, MBOXUSDT, BIOUSDT, ALICEUSDT, CAPTAINBNBUSDT, FETBTC, ALTUSDT, UNIUSDC, ROOSTUSDT, FUELUSDT, PICABTC, BOSONUSDT, DOGUSDT_INDEX, UNIUSDT_INDEX, DFIUSDT, STCUSDT, FLUIDUSDT, JASMYUSDT, NUMUSDT, AMPUSDT, CLOUDUSDT, CATANAUSDT, BERRYUSDT, EGPUSDT, ALEPHUSDT, PENDLEUSDT, DHTUSDT, MATHUSDT, TKOUSDT, DASHUSDT, VELOUSDT, BARUSDT, THETABTC, MAGATRUMPUSDT_INDEX, REIUSDT, VITEUSDT, WBTCBTC, MKRUSDT, WANUSDT, DOGKUSDT, SISUSDT, PICAUSDT, HOLDZKUSDT, XAVAUSDT, VETBTC, RFDUSDT, MINUSDT, AURASOLUSDT, IOTXBTC, ASTROUSDT, SMURFCATUSDT, VINEUSDT, DREAMSUSDT, AVAUSDT, PYTHUSDT_INDEX, ZENUSDT, KSMUSDT, AIXBTUSDT, WAGMIUSDT, OCTAUSDT, XTZUSDT, SLPUSDT, RVNUSDT_INDEX, COOKIEUSDT, AINTIUSDT, CKBUSDT_INDEX, PROMPTUSDT_INDEX, CATGOLDUSDT, LTCUSDT, VENOMUSDT, MOONUSDT, TSUKAUSDT, CHONKYUSDT, PAWUSDT, TRXBTC_INDEX, SUNWUKONGUSDT, DECHATUSDT, DUKOUSDT, MOXIEUSDT, XRPUSDT, ZANOBTC, ERGBTC, AKTBTC, VSYSUSDT, SDUSDT, NFTUSDT, HIVEUSDT, APRSUSDT, IMXBTC, RLCUSDT, MARSUSDT, MERLUSDT, XELUSDT, SPECUSDT, XRUSDT, SAFEBTC, SWCHUSDT, MOBYUSDT, MEMEFIUSDT, CANTOUSDT, SUNDOGUSDT, POLSUSDT, KISHUUSDT, BABYSWAPUSDT, ZKLUSDT, UOSUSDT, IOTAUSDT, CFXBTC, FSNUSDT, VSYSBTC, SOLUSDT, LVVAUSDT, KENDUUSDT, BEETSUSDT, TITCOINUSDT, CAKEUSDC, JUSDT, HOPPYUSDT, DOGEBTC, ALTUSDT_INDEX, EGLDUSDC, METAUSDT, REDOUSDT, XSATUSDT, NEOUSDT, XAHUSDT, ARBUSDT_INDEX, SNXUSDT, ACAUSDT, GTAIUSDT, ADAUSDT_INDEX, KAIABTC, XAIUSDT_INDEX, WCTUSDT_INDEX, ORDIUSDT, AEUSDT, CALICOINUSDT, UROUSDT, BIDUSDT, CPOOLUSDT, PIRATEUSDT, FETUSDT, NAKAUSDT, IOUSDT, SOLSUSDT, FLRUSDT, GURUUSDT, NOMBTC, REDUSDT, STFXUSDT, LIMEUSDT, LINKUSDC, SLIMUSDT, SELFIEUSDT, LADYSUSDT, SUSDC, NEIROETHUSDT, AGIUSDT, ICPUSDT_INDEX, EULUSDT, FISUSDT, ARKMUSDT_INDEX, DINGOUSDT, SYKUSDT, LSDUSDT, DRIFTUSDT, VANRYUSDT_INDEX, SOLVUSDT, LITHUSDT, XLMUSDT_INDEX, BTTUSDC, SAGABTC, STRKBTC, GLMRUSDT, ANDYBLASTUSDT, PIPUSDT, GOATSUSDT, GIKOUSDT, BEERUSDT, RBXUSDT, DEGENUSDT_INDEX, ATLASUSDT, MPLXUSDT, XCHUSDT, EPTUSDT, RUNEUSDT, SYNUSDT, GALAUSDT_INDEX, HIVEBTC, DAGUSDT, MTLUSDT, MASKUSDT, MANABTC, INJUSDC, WYNNUSDT, CCDUSDT, NOTUSDT, VOLTUSDT, SYNTUSDT, PORTALUSDT, BTCUSDT, RSRUSDT, MANTAUSDT, AITUSDT, ETNUSDT, AURYUSDT, SCAUSDT, HNTUSDT_INDEX, ZORAUSDT, EIGENUSDT, RONBTC, ETHUSDT, RVNBTC, PIPPINUSDT, DOODOOUSDT, ONDOUSDT_INDEX, PASTERNAKUSDT, ONEUSDT_INDEX, CAKEUSDT, WHYUSDT, DGBBTC, RTMBTC, MANAUSDT_INDEX, COMUSDT, IOTXUSDT_INDEX, OGNUSDT, ICPUSDT, PROMUSDT, BELUSDT, FIOBTC, ORDIUSDT_INDEX, FLXUSDT, MINIUSDT, SIPHERUSDT, RATSUSDT_INDEX, THETAUSDT, CARUSDT, MATESUSDT, WMCUSDT, IRISUSDT, DOGESOLUSDT, OKBUSDT, SECONDUSDT, BICOUSDT_INDEX, TUTUSDT, KANGOUSDT, SUNCATUSDT, MARSETHUSDT, BADUSDT, MELANIAUSDT, BSVUSDC, OMUSDT, STXUSDT, SIRENUSDT, FWOGUSDT_INDEX, FILUSDT, MIMUSDT, KAITOUSDT_INDEX, MAGATRUMPUSDT, HAPPYUSDT, PENDLEUSDC, BOBABTC, CELOUSDT, REACTUSDT, XMRBTC_INDEX, ANALOSUSDT, MOODENGUSDT_INDEX, UMAUSDT, APEUSDC, PWEASEUSDT, ZKUSDT, RADUSDT, ONDOBTC, VANAUSDT, FTTUSDT, GRTUSDT_INDEX, GRPHUSDT, LUNCBTC, CWSUSDT, SNSUSDT, PYTHBTC, MAPOUSDT, ZEREBROUSDT, DUELUSDT, XVSUSDT, GLMRBTC, RVNUSDC, PYRUSDT, MLGUSDT, FLTUSDT, AIMONICAUSDT, AVAXBTC, ROSEUSDT, PREUSDT, ZEPHBTC, SCRUSDT_INDEX, PEPEUSDT, QKCUSDT, FLUXUSDT, BOMEBTC, PAXGUSDT, LSKBTC, K_SMILEYUSDT, BNBUSDT, HIGHERUSDT, GMTUSDT, FOFARUSDT, AGIUSDT_INDEX, BLDBTC, SPACEUSDT, DECENTRALIZEDUSDT, PEPUSDT, MKRUSDT_INDEX, ANYONEUSDT, CATUSDT, EPICSATUSDT, SANDUSDT_INDEX, GRIFTUSDT, PEOPLEUSDT_INDEX, GEODUSDT, DAGBTC, ALPACAUSDT, NEARUSDT_INDEX, REZUSDT, SMHUSDT, TIMEUSDT, POLYXBTC, KAIAUSDT_INDEX, ACTUSDT_INDEX, MOGUSDT_INDEX, TRIASUSDT, VETUSDT, MUBARAKAHUSDT, AURORAUSDT, BARRONUSDT, HMSTRUSDT, SQRUSDT, APEXUSDT, PNUTUSDT_INDEX, BUCKUSDT, XEDUSDT, ETCUSDT_INDEX, P3DBTC, BUZZUSDT, VTCUSDT, KRLUSDT, CRVUSDT, AUDIOUSDT_INDEX, WINUSDT_INDEX, CAPSUSDT, MYROUSDT, SKLUSDT, SUSHIUSDT, BANUSDT_INDEX, SOLOUSDT, ENQAIUSDT, PUPSUSDT, BEPROUSDT, FXSUSDT, DINUSDT, TCAPYUSDT, ORAIBTC, PROPSUSDT, MINAUSDT_INDEX, GASUSDT_INDEX, VTHOUSDT, ZAILGOUSDT, FLOWBTC, DEGODUSDT, DOGEGOVUSDT, ASTOUSDT, APEUSDT_INDEX, QNTBTC, ELFBTC, MSNUSDT, CULTUSDT, OLASUSDT, SATSUSDT_INDEX, BENDOGUSDT, BICOUSDT, IMGNUSDT, BLENDRUSDT, WAVESUSDT_INDEX, LAIUSDT, KMNOUSDT, XCHBTC, FROCUSDT, DERIUSDT, BURGERUSDT, FBBTC, GENEUSDT, JOECOINUSDT, SHADOWUSDT, BEFIUSDT, VRUSDT, BLOCXBTC, ELABTC, CLOREUSDT, FORTHUSDT, VLXBTC, TAIUSDT, IOSTBTC, GPTUSDT, ARIXUSDT, MICHIUSDT, ITAUSDT, AEROUSDT_INDEX, SPELLUSDT, ARCAUSDT, NXRAUSDT, DRUGSUSDT, XLMUSDT, RUNEBTC, SFPUSDT, PEIPEIUSDT, IDEXUSDT, POWRUSDT, GLMRUSDT_INDEX, HAMMYUSDT, NOSUSDT, BOMEUSDT_INDEX, ZEXUSDT, APTUSDT, BDXUSDT, COQUSDT_INDEX, MLNUSDT, ICPUSDC, MANTABTC, SOLBTC_INDEX, CATSUSDT, ONDOUSDC, BOXUSDT, SSEUSDT, CETUSUSDT, EWTUSDT, SEAMUSDT, HENLOUSDT, BANANOBTC, UMEEUSDT, AIOSUSDT, USEDCARUSDT, QIUSDT, UBCUSDT, NEIUSDT, FATHAUSDT, BUBBLEUSDT, ATOMBTC, XMRUSDT, FITFIUSDT, RETARDIOUSDT, RTMUSDT, DGBUSDT, HXDUSDT, SHDWUSDT, CHRUSDT_INDEX, TRXBTC, TRUMPUSDT_INDEX, SHEGENUSDT, CFGUSDT, TOKENUSDT_INDEX, BANUSDT, HULEZHIUSDT, KASUSDT, FLIPUSDT, VOXELUSDT, GFMUSDT, TRUMPUSDT, NILUSDT, SYRUPUSDT, CFXUSDT, KACYUSDT, PRE_DOODUSDT, MAJORUSDT, BLOCKUSDT, MOCAUSDT_INDEX, ALCHUSDT, XIONUSDT, SILLYUSDT, PEPEUSDC, SILOUSDT, AUDIOBTC, INVUSDT, WOLFUSDT, USUALUSDT, LOOKSUSDT, TLOSUSDT, WHALESUSDT, FLOKIUSDT_INDEX, CAUUSDT, GARIUSDT, SEIYANUSDT, VAPORUSDT, KMUSDT, REEFUSDT, RINGUSDT, CUBEUSDT, PROJECT89USDT, CRVUSDT_INDEX, ICPBTC, BURTUSDT, TUSDT_INDEX, PUFFERUSDT, ASRUSDT, BCHUSDT_INDEX, DUSDT, REQUSDT, MAGICUSDT_INDEX, BATUSDT, KAIUSDT, NEOBTC, LPTUSDT_INDEX, LUNABTC, WLDUSDT, SGBBTC, SUSHIUSDT_INDEX, SKLUSDT_INDEX, XYOUSDT, ONEUSDT, PORT3USDT, DESOUSDT, DNXBTC, ESEUSDT, EVANUSDT, NMCUSDT, GHOADUSDT, JAMUSDT, MEWUSDT, SAGAUSDT, STRKUSDT, RIOUSDT, LADYSUSDT_INDEX, BANDUSDT, STARSUSDT, AVLUSDT, TONUSDC, NEIROCTOUSDT_INDEX, AIOTUSDT, ISLANDUSDT, TSTUSDT, AGIXTUSDT, MAGICUSDT, SLNUSDT, BROCCOLIF3BUSDT, HIGHUSDT, ORAIUSDT, JASMYUSDC, HATUSDT, DVIUSDT, NEOXUSDT, YOUSIMUSDT, MSTARUSDT, KONANUSDT, SPSUSDT, HOTUSDT, PEPEBTC, IOTXUSDT, LORDSUSDT, KIPUSDT, CEREUSDT, BELLSBTC, XMRUSDC, AIDOGEUSDT, THLUSDT, PAALUSDT, ENJBTC, HARDUSDT, DOGEBTC_INDEX, DIOUSDT, NOTAIUSDT, FWOGUSDT, RCHUSDT, XNAUSDT, ELIZACTOUSDT, COREUSDT, LPTUSDT, TWTUSDT_INDEX, SIGNUSDT, KDAUSDC, CTRLUSDT, WIFUSDC, CLANKERUSDT, KINUSDT, 1DOLLARUSDT, ADABTC, LKYUSDT, XNOBTC, ARCUSDT, BONKBTC, SAIUSDT, WATERUSDT, BDCUSDT, ROAMUSDT, ZECUSDT, DIONEUSDT, GUSDT, NSUSDT, FACTRUSDT, FETUSDT_INDEX, NAKAUSDT_INDEX, APPUSDT, ALDUSDT, GRASSUSDT, BANANAS31USDT, BULLYUSDT, BUCKAZOIDSUSDT, KARBTC, SAFEUSDT, ZEREBROUSDT_INDEX, TROLLSOLUSDT, CTSIUSDT, ANONUSDT, HBARBTC, LIGOUSDT, CHIUSDT, RWAUSDT, ARUSDC, PUMPUSDT, CSPRBTC, ETHWBTC, PROSUSDT, IOSTUSDT, LAYERUSDT, MONABTC, WNXMUSDT, WOOUSDT, YFIUSDT, DEROUSDT, LINKUSDT_INDEX, METISUSDT_INDEX, CETUSDT, FILBTC, XCHUSDT_INDEX, ZTXUSDT, WINUSDT, MCBUSDT, AUDIOUSDT, TIBBIRUSDT, SPXUSDT_INDEX, AURAUSDT, FLRBTC, ALUUSDT, TIABTC, WYACUSDT, WUSDT_INDEX, LUCEUSDT, CKBBTC, ADAUSDT, XVGBTC, WANBTC, MKRBTC, MONUSDT, DCKUSDT, SUIUSDC, DFIBTC, UMAUSDT_INDEX, ZKUSDT_INDEX, GROKUSDT, MXMUSDT, BTCUSDT_INDEX, RSRUSDT_INDEX, MANTAUSDT_INDEX, BTRSTUSDT, CETUSUSDT_INDEX, REALISUSDT, REFUSDT, SUSDT, CAKEUSDT_INDEX, RSCUSDT, XPRTUSDT, CULTDAOUSDT, USTCUSDT_INDEX, NEXOBTC, LLMUSDT, GLMUSDT, PSGUSDT, OKBBTC, DASHUSDT_INDEX, TRACUSDT, BRETTUSDT_INDEX, UXLINKUSDT_INDEX, HNTBTC, FATUSDT, DCRUSDT_INDEX, HOOKUSDT, PLUMEUSDT, NINJAUSDT, FPUSDT, LOGXUSDT, POLUSDT_INDEX, FUDUSDT, WIFUSDT, KDAUSDT, ONEBTC, RIFUSDT, PARTIUSDT, FARTCOINUSDT, UNFIUSDT, STRDUSDT, DNXUSDT, VINUUSDT, NEOXBTC, DYMUSDT_INDEX, ALCXUSDT, FAIUSDT, KAVAUSDT_INDEX, ETCUSDC, EOSUSDT_INDEX, PYTHUSDT, ROUTEUSDT, BADGERUSDT, WENUSDT_INDEX, BLACKDRAGONUSDT, SENDUSDT, SERAPHUSDT, GNOUSDT, TONBTC, LRDSUSDT, TNSRUSDT, XEMUSDT_INDEX, ENAUSDT_INDEX, LTCUSDC, ACMUSDT, MAKUSDT, SNTUSDT, ALEOUSDT, GUACUSDT, TRXUSDT, TOMIUSDT, SPURSUSDT, POKTBTC, XECBTC, WOJAKUSDT, NEXAUSDT, CHIBTC, TRBUSDT_INDEX, GIGAUSDT, DADDYUSDT, CYBERUSDT, BLZUSDT, WOOUSDT_INDEX, BLURUSDT, NEIROUSDT, LTCBTC, WELLUSDT, QTUMUSDT, XDCUSDT, RAYUSDT, QUBICUSDT, HBARUSDT_INDEX, LRCUSDT_INDEX, ENSUSDT_INDEX, WAXPUSDT, WAVESUSDT, DARKUSDT, METAVUSDT, ACTUSDT, KAIAUSDT, IDUSDT, IXTUSDT, ENABTC, XEMBTC, MONAUSDT, SFUNDUSDT, ONEUSDC, BCHUSDC, ICXUSDT, XAUTUSDT_INDEX, ROSEBTC, ANDYUSDT, SLPUSDT_INDEX, BABYUSDT_INDEX, KMDUSDT, SDNBTC, ACEUSDT, KARUSDT, NOTUSDT_INDEX, TONUSDT, MAGAUSDT, BTTUSDT, SORAUSDT, MASAUSDT, SKRUSDT, P3DUSDT, PIXELUSDT_INDEX, PERRYUSDT, GOGLZUSDT, LONKUSDT, MAVUSDT, ZILUSDT_INDEX, ATHUSDT_INDEX, ZEUSUSDT, COMAIUSDT, GHSTUSDT, ATOMUSDC, BNCBTC, BABYBNBUSDT, XKRUSDT, CTCUSDT, XMRBTC, GPSUSDT, DRBUSDT, ANGLEUSDT, NULSUSDT, JLPUSDT, DGBUSDT_INDEX, AVAXUSDT, LOBOUSDT, BNKRUSDT, UTKUSDT, POLCUSDT, ILVUSDT, STRKUSDT_INDEX, SAGAUSDT_INDEX, CHZBTC, ZORAUSDT_INDEX, EIGENUSDT_INDEX, BAGUSDT, MOVRUSDT, DYDXUSDT_INDEX, PONKEUSDT_INDEX, LIKEUSDT, AEROUSDT, NMCBTC, GMEUSDT, GRIFFAINUSDT, MFERUSDT, MODEUSDT, ALPHUSDT, TOKEUSDT, FLOKIUSDT, XTZBTC, ZKJUSDT, ETHFIUSDT_INDEX, WSDMUSDT, RACAUSDT, IMGUSDT, BRAINLETUSDT, AIOZBTC, FOXYUSDT, CATCOINUSDT, OGUSDT, MOVEUSDT_INDEX, AVAILUSDT, ZECBTC, SHIBUSDC, MEMEUSDT, KASPYUSDT, MOCKJUPUSDT, TIAUSDT_INDEX, ALGOUSDC, LNRUSDT, FXSUSDT_INDEX, OSOLUSDT, RIFBTC, VVAIFUUSDT, ZENTUSDT, BCUTUSDT, VADERUSDT, GMTUSDT_INDEX, RPLUSDT, DNTUSDT, SHIBUSDT_INDEX, QNTUSDC, NIMUSDT, ZEDUSDT, DOLOUSDT, XPRUSDT, AZURUSDT, ZRCUSDT, BONKUSDT_INDEX, ASTRUSDT, KSMBTC, ZENBTC, PORUSDT, CTXCUSDT, BITCIBTC, FXNUSDT, MEWUSDT_INDEX, THEUSDT, ERGUSDT_INDEX, AKTUSDT_INDEX, LOCKINUSDT, SPERGUSDT, HTXUSDT, SOVUSDT, QUDEUSDT, RENDERUSDC, SSVUSDT_INDEX, HYPERUSDT, PEPPERUSDT, RDNTUSDT, DFLUSDT, COMPUSDT_INDEX, ARRRUSDT, NYMUSDT, MIGGLESUSDT, RVNUSDT, BERAUSDT, IOUSDT_INDEX, DOGECASTUSDT, DEGOUSDT, JPGUSDT, CHILLGUYUSDT, RJVUSDT, FLMUSDT, XECUSDC, CATEUSDT, FACTBTC, POLYXUSDT_INDEX, TAIKOUSDT, APTUSDT_INDEX, SCRTBTC, XVGUSDT, MYRIAUSDT, HNTUSDT, SUKUUSDT, KREXUSDT, XNAUSDT_INDEX, CSIXUSDT, APEUSDT, CANTOBTC, BSVUSDT_INDEX, HNSUSDT, MEMECOINUSDT, UNIUSDT, DOGUSDT, COOKUSDT, DMAGAUSDT, BLINKUSDT, TFUELBTC, BABYDOGEUSDT_INDEX, BONKUSDC, SANTOSUSDT, PUNDIXUSDT, INSPUSDT, SEILORUSDT, YGGUSDT, OPUSDT, FIROBTC, TAOBTC, SAROSUSDT, CELOBTC, XRDBTC, WAVESUSDC, CATUSDT_INDEX, SMOLEUSDT, SHUUSDT, HYPEUSDT, ZENUSDT_INDEX, KSMUSDT_INDEX, GOALUSDT, LDOUSDT, DEGENBTC, MEUSDT, OOEUSDT, ZENDUSDT, SZNUSDT, NEOUSDT_INDEX, TOLYUSDT, EPICUSDT, ARBUSDT, NAVXUSDT, FUNUSDT, CRUUSDT, SSVUSDT, GOGUSDT, BOMEUSDT, BMTUSDT, VETUSDC, NOMUSDT, LDOUSDT_INDEX, VITEBTC, NRGUSDT, HOUSEUSDT, RADARUSDT, BCCOINUSDT, COWUSDT, TLMUSDT, SRKUSDT, GNONUSDT, LINGOUSDT, TFUELUSDT, AIUSUSDT, RIPPLEUSDT
2025-04-28 21:27:01,420 [INFO] SIGNAL-BOT started with markets: BTCUSDT, ETHUSDT, BNBUSDT, XRPUSDT, ADAUSDT, SOLUSDT, DOTUSDT, DOGEUSDT, AVAXUSDT
2025-04-28 21:27:03,672 [INFO] Fetched 1985 valid markets
2025-04-28 21:27:04,556 [INFO] Fetched OHLC data for BTCUSDT
2025-04-28 21:27:04,561 [ERROR] Error processing BTCUSDT: 'NoneType' object has no attribute 'iloc'
2025-04-28 21:27:07,442 [INFO] Fetched 1985 valid markets
2025-04-28 21:27:08,287 [INFO] Fetched OHLC data for ETHUSDT
2025-04-28 21:27:08,292 [ERROR] Error processing ETHUSDT: 'NoneType' object has no attribute 'iloc'
2025-04-28 21:27:11,325 [INFO] Fetched 1985 valid markets
2025-04-28 21:27:12,183 [INFO] Fetched OHLC data for BNBUSDT
2025-04-28 21:27:12,188 [ERROR] Error processing BNBUSDT: 'NoneType' object has no attribute 'iloc'
2025-04-28 21:27:15,328 [INFO] Fetched 1985 valid markets
2025-04-28 21:27:16,697 [INFO] Fetched OHLC data for XRPUSDT
2025-04-28 21:27:16,702 [ERROR] Error processing XRPUSDT: 'NoneType' object has no attribute 'iloc'
2025-04-28 21:27:19,804 [INFO] Fetched 1985 valid markets
2025-04-28 21:27:20,690 [INFO] Fetched OHLC data for ADAUSDT
2025-04-28 21:27:20,692 [ERROR] Error processing ADAUSDT: 'NoneType' object has no attribute 'iloc'
2025-04-28 21:27:23,496 [INFO] Fetched 1985 valid markets
2025-04-28 21:27:24,367 [INFO] Fetched OHLC data for SOLUSDT
2025-04-28 21:27:24,372 [ERROR] Error processing SOLUSDT: 'NoneType' object has no attribute 'iloc'
2025-04-28 21:27:27,383 [INFO] Fetched 1985 valid markets
2025-04-28 21:27:28,236 [INFO] Fetched OHLC data for DOTUSDT
2025-04-28 21:27:28,237 [ERROR] Error processing DOTUSDT: 'NoneType' object has no attribute 'iloc'
2025-04-28 21:27:31,213 [INFO] Fetched 1985 valid markets
2025-04-28 21:27:39,899 [INFO] Fetched OHLC data for DOGEUSDT
2025-04-28 21:27:39,904 [ERROR] Error processing DOGEUSDT: 'NoneType' object has no attribute 'iloc'
2025-04-28 21:27:42,873 [INFO] Fetched 1985 valid markets
2025-04-28 21:27:43,903 [INFO] Fetched OHLC data for AVAXUSDT
2025-04-28 21:27:43,905 [ERROR] Error processing AVAXUSDT: 'NoneType' object has no attribute 'iloc'
2025-04-28 21:27:44,906 [INFO] Waiting for next cycle...
2025-04-28 21:49:01,195 [INFO] Waiting for WebSocket data...
2025-04-28 21:49:03,545 [ERROR] WebSocket error: [WinError 10061] No connection could be made because the target machine actively refused it
2025-04-28 21:49:03,546 [INFO] WebSocket closed
2025-04-28 21:49:13,227 [INFO] Fetched 1985 valid markets
2025-04-28 21:49:13,230 [INFO] Valid markets: PSPUSDT, CWIFUSDT, BITCOINUSDT, BROCCOLIUSDT, TAPUSDT, FTTUSDT_INDEX, ZEROUSDT, SEIBTC, ATOMUSDT, BOOPUSDT, ARTYUSDT, AZEROUSDT, CHRUSDT, WDOGUSDT, XDCBTC, QTUMBTC, ACSUSDT, BENDUSDT, STRDBTC, KILOUSDT, BDXBTC, STARUSDT, BNCUSDT, WHALEUSDT, SGBUSDT, LUNAUSDT, METALUSDT, BEAMXBTC, FIOUSDT, SHARKUSDT, BRETTUSDT, UXLINKUSDT, BLUBUSDT, LFTUSDT, MAXUSDT, GRAMUSDT, XIHSUSDT, SEIUSDT, TAOUSDT_INDEX, BRUSDT, LOFIUSDT, WILDUSDT, MOODENGETHUSDT, BRICKUSDT, TURBOUSDT, ZKBUSDT, LTOUSDT, BEAMXUSDT, XCNUSDT, LMWRUSDT, PIXELUSDT, DOTUSDT_INDEX, TRUFUSDT, SNAIUSDT, MERLUSDT_INDEX, POLBTC, TUSDT, CVXUSDT_INDEX, RXDUSDT, METISUSDT, JOEUSDT, LINKUSDT, TNSRUSDT_INDEX, PELLUSDT, LESTERUSDT, HIPPOUSDT, CROBTC, AXSBTC, LUMIUSDT, PEAQUSDT, WENUSDT, WEMIXUSDT, IXSUSDT, ARKMUSDT, TOSHIUSDT, HERBUSDT, HELLOUSDT, INDEXUSDT, DUREVUSDT, CHEQUSDT, KEYCATUSDT, MDTUSDT, NEIROCTOUSDT, LISTAUSDT, AICMPUSDT, ETHWUSDT, CSPRUSDT, BOMEUSDC, ZYNUSDT, VGXUSDT, CROUSDT_INDEX, AXSUSDT_INDEX, SIDUSUSDT, ZILBTC, ZKFUSDT, USTCUSDT, RPKUSDT, HEIUSDT, IRISBTC, PURRUSDT, MANEKIUSDT, OMUSDT_INDEX, AAVEUSDC, NULSBTC, HBARUSDT, LRCUSDT, FEARNOTUSDT, VICUSDT, OASBTC, LSKUSDT, LATUSDT, ALGOUSDT, BCHBTC_INDEX, KIMBOUSDT, WELSHUSDT, ETHBTC_INDEX, DINGOBTC, MOBUSDT, GOMEUSDT, SNIFTUSDT, WALUSDT, CGPTUSDT, KAVABTC, ONTBTC, PHABTC, SNXUSDT_INDEX, FLOWUSDC, ZEPHUSDT, LAZIOUSDT, WCTUSDT, EVRMOREUSDT, XAIUSDT, LISTENUSDT, NCTUSDT, GINNANUSDT, XRPUSDT_INDEX, WRLDUSDT, AEVOUSDT, JUPUSDT, HNTUSDC, ARCHUSDT, ETHUSDC, OPBTC, AIPGUSDT, FLOWUSDT_INDEX, DUSKUSDT_INDEX, ONESUSDT, GRSBTC, KUBBTC, CENTSUSDT, ROOTUSDT, ZILUSDC, NEONUSDT, JUVUSDT, SOLUSDT_INDEX, BNBCARDUSDT, PIVXBTC, RSS3USDT, COTIUSDT, PRCLUSDT, BELLSUSDT, STARGATEUSDT, FRENUSDT, SHARKCATUSDT, GAMEUSDT, XTZUSDC, HGPTUSDT, NIBIBTC, CHZUSDT, KANUSDT, STUPIDUSDT, SOONUSDT, FJOUSDT, SANDBTC, OREUSDT, SUIBTC, PNKUSDT, L3USDT, FREDUSDT, LTCUSDT_INDEX, VENOMUSDT_INDEX, BLUBAVAXUSDT, ALPINEUSDT, NEARUSDT, ETCBTC, LATBTC, ALGOBTC, CREAMUSDT, KASPERUSDT, ARUSDT, DOMEUSDT, JSTUSDT, PBUXUSDT, IRONBTC, NEURUSDT, CELUSDT, JAILSTOOLUSDT, EPIKUSDT, BANANAUSDT, UWUUSDT, CEEKUSDT, FILUSDC, COMBOUSDT, STOUSDT, PSTAKEUSDT, CITADAILUSDT, CCDBTC, RBCUSDT, WOMUSDT, CETUSDC, IPUSDT_INDEX, PUNDIAIUSDT, CTAUSDT, JETTONUSDT, BIGPUMPUSDT, 0X0USDT, NFPUSDT, BOBUSDT, GMMUSDT, SOLUSDC, BLOKUSDT, ROSEUSDT_INDEX, CKBUSDC, PORTOUSDT, TAOUSDT, ALPHAUSDT, FIROUSDT, POPCATUSDT_INDEX, ADXUSDT, RATSUSDT, ZIGUSDT, FLUXUSDT_INDEX, PAJAMASUSDT, GHXUSDT, PENDLEBTC, EGLDUSDT_INDEX, APTBTC, HEGICUSDT, TARAUSDT, STXUSDC, NEOUSDC, QUICKUSDT, HTERMUSDT, ELONUSDT, STXUSDT_INDEX, TRACYUSDT, MONGUSDT, GRAILUSDT, OPULUSDT, UNIBTC, FIGHTETHUSDT, RFCUSDT, BRWLUSDT, GROKCOINUSDT, ROCKYSOLUSDT, DEEPUSDT, HFUNUSDT, POLUSDT, SSWPUSDT, NRNUSDT, ELSUSDT, GHIBLIUSDT, WINGUSDT, BANANOUSDT, HMNDBTC, STONUSDT, SUIUSDT_INDEX, DCUSDT, DEAIUSDT, NPCUSDT, UNAUSDT, IDUSDT_INDEX, DOPUSDT, JASMYUSDT_INDEX, PEPE2USDT, DJTUSDT, AIOZUSDT_INDEX, GOATUSDT_INDEX, SOLAMAUSDT, CHZUSDT_INDEX, KERNELUSDT, SWELLUSDT, HMTUSDT, FOXUSDT, 1INCHUSDT_INDEX, BNBBTC_INDEX, BILLYUSDT, ANKRUSDT, ACXUSDT, STMXUSDT, MONKYUSDT, ALEXUSDT, TRXUSDT_INDEX, CHATUSDT, SEALUSDT, FLUXBUSDT, DOGINMEUSDT, SFLUSDT, BRISEUSDT, KLYUSDT, DYDXBTC, DIGIMONUSDT, INJUSDT, BONDUSDT, DCRBTC, MASKUSDT_INDEX, BABYDOGEUSDT, SOSOUSDT, ARBTC, COVALUSDT, SALUSDT, KOMAUSDT, PENGUSDT, SXPUSDT, NTRNBTC, GMEEUSDT, SWEATUSDT, BIGTIMEUSDT, VVVUSDT, FBUSDT, LONUSDT, ENJUSDT_INDEX, SQDUSDT, FSNBTC, MYTHUSDT, FORTUSDT, MOZUSDT, GRTUSDC, XAUTUSDT, GOMININGUSDT, RAYUSDT_INDEX, PROUSDT, IZIUSDT, SOLVUSDT_INDEX, KEIROUSDT, SKYAIUSDT, MEMESAIUSDT, DATAUSDT, LYXUSDT, VANRYUSDT, FARTCOINUSDT_INDEX, PARTIUSDT_INDEX, ZILUSDT, ATHUSDT, EPICCHAINUSDT, POLUSDC, HTRUSDT, DCBUSDT, MOGUSDT, BSVUSDT, DASHBTC, TROLLUSDT, DMAILUSDT, KEKIUSUSDT, ETCUSDT, SOCIALUSDT, PITUSDT, SHRUBUSDT, OSMOUSDT, ORBSUSDT, OPAIUSDT, HOLOUSDT, IOTABTC, AABLUSDT, SCFUSDT, CHESSUSDT, CELRUSDT_INDEX, DEROBTC, QUAIUSDT, ARRRBTC, OASUSDT, MYROUSDT_INDEX, IRONUSDT, SOLBTC, GAFIUSDT, MUMUUSDT, WAXLUSDT, XLMUSDC, SKIUSDT, GMTUSDC, CETUSDT_INDEX, WAXPBTC, WAVESBTC, SUIPUSDT, WLDUSDT_INDEX, ETNBTC, GLQUSDT, HACBTC, WARTUSDT, INJUSDT_INDEX, ARKUSDT, AVAXUSDT_INDEX, ONDOUSDT, DEGENAIUSDT, PEOPLEUSDT, APPLEUSDT, ATMUSDT, DOTUSDC, PHBUSDT, HMSTRUSDT_INDEX, EPIKSOLUSDT, MANAUSDT, NUBUSDT, ANDYBSCUSDT, XRPBTC_INDEX, FREEDOGSUSDT, LUNAUSDT_INDEX, FORESTUSDT, NAPUSDT, HTRBTC, JGNUSDT, NEARUSDC, FORMUSDT, ARGUSDT, HARAMBEUSDT, BNBUSDC, GNOBTC, DAIUSDT, PIUSDT, IMXUSDT_INDEX, APUUSDT, DYDXUSDC, USAUSDT, WOLFETHUSDT, AOUSDT, RARIUSDT, TRADEUSDT, PNPUSDT, SINGUSDT, GOATUSDT, AIOZUSDT, RAIUSDT, AEVOUSDT_INDEX, JUPUSDT_INDEX, XRPBTC, MORIUSDT, HONEYUSDT, GPUUSDT, ONGUSDT, GALABTC, XYMUSDT, XETAUSDT, EDUUSDT, OPSECUSDT, DASHUSDC, SHOGGOTHUSDT, STEEMUSDT, MOBILEUSDT, LOKAUSDT, JTOUSDT, ALGOUSDT_INDEX, WBTC, SCBTC, THGUSDT, WNCGUSDT, DIMOUSDT, VIRTUALUSDT_INDEX, ERGUSDT, AKTUSDT, ZANOUSDT, XECUSDT_INDEX, CAKEBTC, IOTAUSDT_INDEX, BTTUSDT_INDEX, FARUSDT, FACTUSDT, ZETAUSDT, AITECHUSDT, KASUSDC, THETAUSDT_INDEX, SCRTUSDT, KEKEUSDT, CATIUSDT, GAMMAUSDT, NGLUSDT, ULTIUSDT, GFIUSDT, BALUSDT, RONUSDT, GASBTC, MINABTC, RUNEUSDT_INDEX, SOVRNUSDT, VETUSDT_INDEX, CVXUSDT, FLOKIUSDC, FHEUSDT, PNUTUSDT, VIAUSDT, ZRXUSDT_INDEX, XRPUSDC, HOPUSDT, HEUUSDT, BLASTUSDT, FIREUSDT, GTCUSDT, BOBAUSDT, BSWUSDT, ARMYUSDT, XZKUSDT, SUDOUSDT, OMNIUSDT, KUJIUSDT, GIZMOUSDT, WQUILUSDT, SHIBUSDT, HFTUSDT, MOTHERUSDT, VTCBTC, SUNUSDT, HOTUSDC, MAVIAUSDT, LUNCUSDT_INDEX, KARRATUSDT, KAVAUSDT, PHAUSDT, ONTUSDT, XPRBTC, MAXSOLUSDT, JASMYBTC, STCBTC, DESOBTC, MPUSDT, GRTUSDT, TANKUSDT, ARUSDT_INDEX, AVASOLUSDT, EACCUSDT, SUNDOGUSDT_INDEX, GECUSDT, DEXTUSDT, XPLAUSDT, BNTUSDT, RIFSOLUSDT, NACHOUSDT, ZROUSDT_INDEX, STXBTC, AI16ZUSDT, AEBTC, ORDIBTC, GODSUSDT, LEASHUSDT, SEIUSDT_INDEX, ETHBTC, ALIUSDT, PENGUUSDT, BITCIUSDT, PRIMEUSDT, SBTC, YNEUSDT, BITCOINUSDT_INDEX, ZERCUSDT, LOOMUSDT, API3USDT, COSUSDT, HEHEUSDT, STARSBTC, RENDERUSDT, BANDBTC, ARPAUSDT, PIXFIUSDT, SNXBTC, CHOUSDT, TRBUSDT, ACABTC, ARCHBTC, YGGUSDT_INDEX, OPUSDT_INDEX, CLYUSDT, BUZUSDT, ANIMEUSDT, BLURUSDT_INDEX, GELUSDT, SLFUSDT, NLKUSDT, BEAMUSDT, STRAXBTC, LIBRAUSDT, GSTUSDT, MSTRUSDT, BLDUSDT, COQUSDT, TWTUSDT, MOODENGUSDT, SFIUSDT, KCNUSDT, FBUSDT_INDEX, SPXUSDT, THETAUSDC, C98USDT, IOTAUSDC, GMXUSDT, SHIBUUSDT, DOTUSDT, SUSDT_INDEX, PEPEUSDT_INDEX, IPUSDT, ZBCNUSDT, ARBUSDC, LTCBTC_INDEX, TOKENUSDT, MUBIUSDT, SCRUSDT, WATUSDT, BSSBUSDT, DMTRUSDT, TERMINUSUSDT, 1INCHUSDT, BNBBTC, JUPBTC, RNTUSDT, ENAUSDC, CLVUSDT, XEMUSDC, AIDOGEUSDT_INDEX, EVERUSDT, VRTXUSDT, MOCHIUSDT, ETHWUSDT_INDEX, WILDNOUTUSDT, ZROUSDT, STPTUSDT, RSS3USDT_INDEX, COTIUSDT_INDEX, GALAUSDC, HMNDUSDT, TONUSDT_INDEX, RAREUSDT, PUSHUSDT, LDOBTC, MNTUSDT, CETBTC, AAVEUSDT, TOWERUSDT, CITYUSDT, API3USDT_INDEX, XENUSDT, SXPUSDT_INDEX, SAMOUSDT, AIUSDT, STGUSDT, ENJUSDC, ZECUSDT_INDEX, DOGEUSDT_INDEX, BSVBTC, OBTUSDT, FLUXBTC, QKCBTC, NCUSDT, GRASSUSDT_INDEX, WUSDT, SMHBTC, ANONSOLUSDT, BIGTIMEUSDT_INDEX, SHIBBTC, PERPUSDT, MENDIUSDT, PNGUSDT, BLUEUSDT, POLYXUSDT, XTZUSDT_INDEX, ARKBTC, MOOVUSDT, STONKSUSDT, BEAMBTC, BBUSDT_INDEX, OPCATUSDT, OVRUSDT, SONICUSDT, BITCATUSDT, DOGEUSDT, LUMUSDT, XNABTC, MNDEUSDT, COREBTC, IQ50USDT, RENUSDT, SUPERUSDT_INDEX, CHEEMSUSDT, BOBOUSDT, AERGOUSDT, EVMOSBTC, DIAUSDT, NOTEUSDT, DOGEAIUSDT, TRUUSDT, MILKUSDT, BABYUSDT, EOSBTC, DOGSUSDT, HOPRUSDT, EVMOSUSDT, KAIBTC, DEFIUSDT, ZECUSDC, EGLDBTC, NATIXUSDT, LLUSDT, ETHFIUSDT, EMPUSDT, MUBARAKUSDT, DEGENUSDT, ENAUSDT, XEMUSDT, WINKUSDT, SYSUSDT, PAWSUSDT, BUBBUSDT, ONGBTC, SKBDIUSDT, A8USDT, XYMBTC, QTUMUSDT_INDEX, HBARUSDC, POCHITAUSDT, HLGUSDT, INITUSDT, CFXUSDT_INDEX, PENDLEUSDT_INDEX, SCPUSDT, NRGBTC, SUAIUSDT, IQUSDT, RENDERBTC, POPCATUSDT, STANUSDT, FLOWUSDT, LQTYUSDT, WIFUSDT_INDEX, KDAUSDT_INDEX, TAOUSDC, PUFFUSDT, FILUSDT_INDEX, SAVMUSDT, CROWNUSDT, KAITOUSDT, NIMBTC, OOGAUSDT, ORCAUSDT, KUBUSDT, JOYUSDT, GRSUSDT, XTERUSDT, ELIZAUSDT, PESTOUSDT, GASUSDT, MINAUSDT, KMDBTC, LEVERUSDT, GEARUSDT, RLCUSDT_INDEX, ORAUSDT, SIGMAUSDT, SUIUSDT, HUAHUAUSDT, AZEROBTC, ASTRBTC, POLLENUSDT, CELRUSDT, WIFBTC, SAUCEUSDT, NKNUSDT, KDABTC, MNTUSDT_INDEX, AAVEUSDT_INDEX, DOGEUSDC, FIDAUSDT, BETAUSDT, STARLUSDT, MOBBTC, UFDUSDT, GLMUSDT_INDEX, MCGUSDT, USDCUSDT_INDEX, STORJUSDT_INDEX, MOCAUSDT, NOBODYUSDT, ICXBTC, MORPHOUSDT, ATOMUSDT_INDEX, HNSBTC, ZRXUSDT, SWARMSUSDT, CARVUSDT, BZZUSDT, ASTUSDT, CTKUSDT, ENSUSDT, EVRUSDT, SHELLUSDT, SLERFUSDT, RENDERUSDT_INDEX, DCRUSDT, KLVUSDT, USDCUSDT, JONESUSDT, CROUSDT, AXSUSDT, ETHUSDT_INDEX, KUJIBTC, DUCKUSDT, HOLDUSDT, ANKRUSDT_INDEX, IMXUSDT, LUMOUSDT, BCHUSDT, ELXUSDT, RUNECOINUSDT, TRXUSDC, CVPUSDT, MUSICUSDT, QNTUSDT_INDEX, MORUSDT, DMTUSDT, COMPUSDT, ENJUSDT, BAKEUSDT, MNTBTC, AAVEBTC, NEARBTC, XUSDT, DOTBTC, HIFIUSDT, VITAUSDT, HYPERFYUSDT, VIRTUALUSDT, PIVXUSDT, FARMHYPEUSDT, DODOUSDT, KASBTC, TIAUSDT, BUTTHOLEUSDT, PARAMUSDT, VISTAUSDT, XPRTBTC, SCUSDT, BULLUSDT, RXDBTC, LINKBTC, METISBTC, GUMMYUSDT, GALAUSDT, SIDESHIFTUSDT, LUMIAUSDT, KP3RUSDT, STORJUSDT, ARDRBTC, APXUSDT, TORNUSDT, SPAUSDT, OPUSUSDT, PROMPTUSDT, CKBUSDT, DENTUSDT, POOLXUSDT, BONKUSDT, BERTUSDT, AVAXUSDC, TLOSBTC, BANKUSDT, SYSBTC, BIFIUSDT, B3USDT, AAAUSDT, AUCTIONUSDT, FISHUSDT, SANDUSDT, ARDRUSDT, CWARUSDT, TURBOSUSDT, DYMUSDT, DRVUSDT, FLOKIBTC, ALPHBTC, MICEUSDT, XECUSDT, POKTUSDT, MOVEUSDT, SDNUSDT, PIZZAUSDT, SPOREUSDT, MEMEUSDT_INDEX, UNIBOTUSDT, EOSUSDT, ATAUSDT, KITTYUSDT, MOVRBTC, APTRUSDT, TREMPUSDT, JEWELUSDT, DOGSUSDT_INDEX, CLOREBTC, PINGOUSDT, BNBUSDT_INDEX, DOAIUSDT, NMRUSDT, OXTUSDT, JTOUSDT_INDEX, HACUSDT, GMRXUSDT, SNEKUSDT, WIFIUSDT, ILVUSDT_INDEX, FUSDT, TYBGUSDT, FARMUSDT, RAILUSDT, ACHUSDT, BONEUSDT, OCTABTC, NYANUSDT, TTUSDT, KDAOUSDT, 1CATUSDT, JELLYJELLYUSDT, OLMUSDT, STRAXUSDT, QNTUSDT, ELFUSDT, RONUSDT_INDEX, ORDERUSDT, NSTRUSDT, REVVUSDT, SATSUSDT, EGLDUSDT, CVCUSDT, SHRAPUSDT, BLASTUSDT_INDEX, DYDXUSDT, OSMOBTC, ZEROLENDUSDT, PONKEUSDT, DBRUSDT, THORUSDT, NOCHILLUSDT, ADABTC_INDEX, OCTUSDT, ELAUSDT, DOLANUSDT, BLOCXUSDT, SUPERUSDT, BEAMXUSDT_INDEX, FETUSDC, BCHBTC, VLXUSDT, HOSICOUSDT, XMRUSDT_INDEX, INJBTC, NMTUSDT, TATUSDT, OLUSDT, ALCHUSDT_INDEX, TSOTCHKEUSDT, LUNCUSDT, SUNDAEUSDT, JKCUSDT, XLMBTC, TSTBSCUSDT, DUSKUSDT, BUTTUSDT, NEXOUSDT, AGLDUSDT, SOMMUSDT, BABYSHARKUSDT, GRTBTC, PAINUSDT, OORTUSDT, WLDBTC, NIBIUSDT, HYPEUSDT_INDEX, COCOROUSDT, NTRNUSDT, PDAUSDT, PENGUUSDT_INDEX, YULIUSDT, XNOUSDT, POLISUSDT, TAOCATUSDT, KNCUSDT, ELIXUSDT, CLEARUSDT, BOTTOUSDT, VAIUSDT, CONVOUSDT, RATUSDT, ZETAUSDT_INDEX, AXSUSDC, ATRUSDT, STEEMBTC, ARBBTC, LUNASOLUSDT, TURBOUSDT_INDEX, GUNUSDT, BBUSDT, BTCUSDC, OMGUSDT, PONDUSDT, ADAUSDC, VRAUSDT, BIOUSDT, AUCTIONUSDT_INDEX, XRDUSDT, GNSUSDT, MBOXUSDT, CAPTAINBNBUSDT, ALICEUSDT, FETBTC, ALTUSDT, UNIUSDC, ROOSTUSDT, FUELUSDT, PICABTC, DOGUSDT_INDEX, UNIUSDT_INDEX, BOSONUSDT, DFIUSDT, FLUIDUSDT, NUMUSDT, STCUSDT, JASMYUSDT, AMPUSDT, CLOUDUSDT, DHTUSDT, ALEPHUSDT, PENDLEUSDT, EGPUSDT, MATHUSDT, BERRYUSDT, CATANAUSDT, VELOUSDT, DASHUSDT, TKOUSDT, MAGATRUMPUSDT_INDEX, THETABTC, BARUSDT, REIUSDT, VITEUSDT, WBTCBTC, MKRUSDT, WANUSDT, PICAUSDT, SISUSDT, DOGKUSDT, MINUSDT, RFDUSDT, XAVAUSDT, VETBTC, HOLDZKUSDT, IOTXBTC, SMURFCATUSDT, ASTROUSDT, AURASOLUSDT, VINEUSDT, DREAMSUSDT, PYTHUSDT_INDEX, AVAUSDT, KSMUSDT, ZENUSDT, AIXBTUSDT, WAGMIUSDT, OCTAUSDT, XTZUSDT, RVNUSDT_INDEX, SLPUSDT, COOKIEUSDT, PROMPTUSDT_INDEX, AINTIUSDT, CKBUSDT_INDEX, CATGOLDUSDT, LTCUSDT, VENOMUSDT, MOONUSDT, TRXBTC_INDEX, TSUKAUSDT, PAWUSDT, CHONKYUSDT, DUKOUSDT, DECHATUSDT, SUNWUKONGUSDT, XRPUSDT, MOXIEUSDT, SDUSDT, VSYSUSDT, ERGBTC, ZANOBTC, AKTBTC, NFTUSDT, HIVEUSDT, APRSUSDT, RLCUSDT, IMXBTC, MARSUSDT, MERLUSDT, SPECUSDT, XELUSDT, SAFEBTC, XRUSDT, MOBYUSDT, CANTOUSDT, MEMEFIUSDT, SWCHUSDT, KISHUUSDT, POLSUSDT, SUNDOGUSDT, BABYSWAPUSDT, IOTAUSDT, ZKLUSDT, UOSUSDT, CFXBTC, FSNUSDT, SOLUSDT, VSYSBTC, LVVAUSDT, BEETSUSDT, KENDUUSDT, TITCOINUSDT, CAKEUSDC, JUSDT, HOPPYUSDT, DOGEBTC, ALTUSDT_INDEX, EGLDUSDC, METAUSDT, REDOUSDT, XSATUSDT, NEOUSDT, XAHUSDT, ARBUSDT_INDEX, ACAUSDT, SNXUSDT, GTAIUSDT, ADAUSDT_INDEX, WCTUSDT_INDEX, KAIABTC, XAIUSDT_INDEX, CALICOINUSDT, UROUSDT, AEUSDT, ORDIUSDT, BIDUSDT, NAKAUSDT, FETUSDT, PIRATEUSDT, CPOOLUSDT, IOUSDT, SOLSUSDT, FLRUSDT, REDUSDT, NOMBTC, GURUUSDT, LIMEUSDT, STFXUSDT, SLIMUSDT, LINKUSDC, SELFIEUSDT, LADYSUSDT, SUSDC, NEIROETHUSDT, AGIUSDT, ICPUSDT_INDEX, FISUSDT, EULUSDT, ARKMUSDT_INDEX, DINGOUSDT, SYKUSDT, DRIFTUSDT, LSDUSDT, VANRYUSDT_INDEX, SOLVUSDT, LITHUSDT, XLMUSDT_INDEX, SAGABTC, STRKBTC, BTTUSDC, ANDYBLASTUSDT, GLMRUSDT, PIPUSDT, GOATSUSDT, GIKOUSDT, RBXUSDT, BEERUSDT, DEGENUSDT_INDEX, EPTUSDT, XCHUSDT, ATLASUSDT, MPLXUSDT, RUNEUSDT, SYNUSDT, GALAUSDT_INDEX, HIVEBTC, DAGUSDT, MTLUSDT, MASKUSDT, INJUSDC, MANABTC, CCDUSDT, WYNNUSDT, VOLTUSDT, NOTUSDT, PORTALUSDT, SYNTUSDT, BTCUSDT, RSRUSDT, MANTAUSDT, AITUSDT, ETNUSDT, AURYUSDT, SCAUSDT, HNTUSDT_INDEX, ZORAUSDT, EIGENUSDT, RONBTC, RVNBTC, ETHUSDT, DOODOOUSDT, PIPPINUSDT, ONDOUSDT_INDEX, PASTERNAKUSDT, ONEUSDT_INDEX, WHYUSDT, CAKEUSDT, DGBBTC, RTMBTC, MANAUSDT_INDEX, COMUSDT, IOTXUSDT_INDEX, OGNUSDT, ICPUSDT, PROMUSDT, BELUSDT, FIOBTC, ORDIUSDT_INDEX, FLXUSDT, SIPHERUSDT, MINIUSDT, RATSUSDT_INDEX, THETAUSDT, CARUSDT, MATESUSDT, WMCUSDT, DOGESOLUSDT, IRISUSDT, OKBUSDT, SECONDUSDT, BICOUSDT_INDEX, TUTUSDT, MARSETHUSDT, KANGOUSDT, SUNCATUSDT, MELANIAUSDT, BADUSDT, OMUSDT, BSVUSDC, SIRENUSDT, STXUSDT, FWOGUSDT_INDEX, FILUSDT, MIMUSDT, KAITOUSDT_INDEX, MAGATRUMPUSDT, HAPPYUSDT, PENDLEUSDC, BOBABTC, REACTUSDT, CELOUSDT, XMRBTC_INDEX, ANALOSUSDT, MOODENGUSDT_INDEX, PWEASEUSDT, ZKUSDT, APEUSDC, UMAUSDT, ONDOBTC, RADUSDT, VANAUSDT, FTTUSDT, GRTUSDT_INDEX, GRPHUSDT, LUNCBTC, CWSUSDT, SNSUSDT, PYTHBTC, MAPOUSDT, ZEREBROUSDT, DUELUSDT, XVSUSDT, RVNUSDC, PYRUSDT, GLMRBTC, MLGUSDT, FLTUSDT, AIMONICAUSDT, PREUSDT, AVAXBTC, ROSEUSDT, ZEPHBTC, SCRUSDT_INDEX, PEPEUSDT, FLUXUSDT, QKCUSDT, BOMEBTC, PAXGUSDT, LSKBTC, K_SMILEYUSDT, BNBUSDT, HIGHERUSDT, FOFARUSDT, GMTUSDT, AGIUSDT_INDEX, BLDBTC, SPACEUSDT, DECENTRALIZEDUSDT, PEPUSDT, MKRUSDT_INDEX, ANYONEUSDT, CATUSDT, EPICSATUSDT, SANDUSDT_INDEX, GRIFTUSDT, PEOPLEUSDT_INDEX, DAGBTC, GEODUSDT, ALPACAUSDT, NEARUSDT_INDEX, REZUSDT, SMHUSDT, POLYXBTC, TIMEUSDT, KAIAUSDT_INDEX, ACTUSDT_INDEX, MOGUSDT_INDEX, TRIASUSDT, VETUSDT, MUBARAKAHUSDT, BARRONUSDT, HMSTRUSDT, AURORAUSDT, APEXUSDT, SQRUSDT, PNUTUSDT_INDEX, XEDUSDT, BUCKUSDT, ETCUSDT_INDEX, P3DBTC, BUZZUSDT, VTCUSDT, KRLUSDT, CRVUSDT, AUDIOUSDT_INDEX, WINUSDT_INDEX, CAPSUSDT, MYROUSDT, SKLUSDT, SUSHIUSDT, BANUSDT_INDEX, SOLOUSDT, PUPSUSDT, BEPROUSDT, ENQAIUSDT, DINUSDT, TCAPYUSDT, FXSUSDT, ORAIBTC, PROPSUSDT, MINAUSDT_INDEX, GASUSDT_INDEX, VTHOUSDT, ZAILGOUSDT, DOGEGOVUSDT, DEGODUSDT, FLOWBTC, ASTOUSDT, APEUSDT_INDEX, QNTBTC, MSNUSDT, ELFBTC, CULTUSDT, OLASUSDT, SATSUSDT_INDEX, BENDOGUSDT, IMGNUSDT, BLENDRUSDT, BICOUSDT, WAVESUSDT_INDEX, LAIUSDT, KMNOUSDT, FROCUSDT, XCHBTC, DERIUSDT, GENEUSDT, JOECOINUSDT, BURGERUSDT, FBBTC, SHADOWUSDT, BEFIUSDT, VRUSDT, ELABTC, BLOCXBTC, CLOREUSDT, VLXBTC, FORTHUSDT, TAIUSDT, IOSTBTC, GPTUSDT, ITAUSDT, ARIXUSDT, MICHIUSDT, AEROUSDT_INDEX, SPELLUSDT, ARCAUSDT, NXRAUSDT, DRUGSUSDT, XLMUSDT, SFPUSDT, RUNEBTC, IDEXUSDT, PEIPEIUSDT, POWRUSDT, GLMRUSDT_INDEX, HAMMYUSDT, NOSUSDT, BOMEUSDT_INDEX, ZEXUSDT, APTUSDT, BDXUSDT, COQUSDT_INDEX, MLNUSDT, ICPUSDC, MANTABTC, SOLBTC_INDEX, CATSUSDT, ONDOUSDC, SSEUSDT, BOXUSDT, EWTUSDT, CETUSUSDT, SEAMUSDT, HENLOUSDT, AIOSUSDT, BANANOBTC, UMEEUSDT, USEDCARUSDT, NEIUSDT, BUBBLEUSDT, UBCUSDT, FATHAUSDT, ATOMBTC, QIUSDT, XMRUSDT, RETARDIOUSDT, FITFIUSDT, RTMUSDT, DGBUSDT, HXDUSDT, SHDWUSDT, CHRUSDT_INDEX, TRUMPUSDT_INDEX, TRXBTC, SHEGENUSDT, CFGUSDT, TOKENUSDT_INDEX, HULEZHIUSDT, BANUSDT, KASUSDT, FLIPUSDT, GFMUSDT, TRUMPUSDT, VOXELUSDT, NILUSDT, SYRUPUSDT, CFXUSDT, PRE_DOODUSDT, KACYUSDT, BLOCKUSDT, MAJORUSDT, MOCAUSDT_INDEX, ALCHUSDT, XIONUSDT, PEPEUSDC, INVUSDT, SILOUSDT, AUDIOBTC, SILLYUSDT, USUALUSDT, WOLFUSDT, LOOKSUSDT, WHALESUSDT, TLOSUSDT, FLOKIUSDT_INDEX, CAUUSDT, GARIUSDT, SEIYANUSDT, VAPORUSDT, KMUSDT, REEFUSDT, RINGUSDT, CUBEUSDT, PROJECT89USDT, CRVUSDT_INDEX, ICPBTC, BURTUSDT, TUSDT_INDEX, PUFFERUSDT, ASRUSDT, BCHUSDT_INDEX, DUSDT, REQUSDT, MAGICUSDT_INDEX, BATUSDT, KAIUSDT, NEOBTC, LPTUSDT_INDEX, LUNABTC, WLDUSDT, SGBBTC, SUSHIUSDT_INDEX, SKLUSDT_INDEX, PORT3USDT, XYOUSDT, ONEUSDT, ESEUSDT, DNXBTC, DESOUSDT, EVANUSDT, NMCUSDT, GHOADUSDT, JAMUSDT, MEWUSDT, RIOUSDT, SAGAUSDT, STRKUSDT, LADYSUSDT_INDEX, AVLUSDT, BANDUSDT, STARSUSDT, TONUSDC, NEIROCTOUSDT_INDEX, AIOTUSDT, AGIXTUSDT, ISLANDUSDT, TSTUSDT, SLNUSDT, MAGICUSDT, BROCCOLIF3BUSDT, HIGHUSDT, HATUSDT, JASMYUSDC, DVIUSDT, ORAIUSDT, YOUSIMUSDT, NEOXUSDT, MSTARUSDT, KONANUSDT, SPSUSDT, PEPEBTC, HOTUSDT, IOTXUSDT, KIPUSDT, LORDSUSDT, BELLSBTC, CEREUSDT, XMRUSDC, AIDOGEUSDT, ENJBTC, PAALUSDT, THLUSDT, HARDUSDT, DOGEBTC_INDEX, DIOUSDT, NOTAIUSDT, FWOGUSDT, ELIZACTOUSDT, COREUSDT, RCHUSDT, XNAUSDT, LPTUSDT, TWTUSDT_INDEX, SIGNUSDT, CTRLUSDT, KDAUSDC, WIFUSDC, CLANKERUSDT, KINUSDT, 1DOLLARUSDT, ADABTC, ARCUSDT, LKYUSDT, XNOBTC, ROAMUSDT, BONKBTC, BDCUSDT, WATERUSDT, SAIUSDT, ZECUSDT, NSUSDT, GUSDT, DIONEUSDT, FACTRUSDT, FETUSDT_INDEX, NAKAUSDT_INDEX, ALDUSDT, APPUSDT, BANANAS31USDT, GRASSUSDT, BULLYUSDT, BUCKAZOIDSUSDT, SAFEUSDT, KARBTC, ZEREBROUSDT_INDEX, TROLLSOLUSDT, CTSIUSDT, ANONUSDT, HBARBTC, LIGOUSDT, CHIUSDT, RWAUSDT, ARUSDC, PUMPUSDT, ETHWBTC, CSPRBTC, PROSUSDT, LAYERUSDT, IOSTUSDT, MONABTC, WNXMUSDT, WOOUSDT, YFIUSDT, DEROUSDT, LINKUSDT_INDEX, METISUSDT_INDEX, CETUSDT, FILBTC, XCHUSDT_INDEX, TIBBIRUSDT, ZTXUSDT, MCBUSDT, WINUSDT, AUDIOUSDT, SPXUSDT_INDEX, AURAUSDT, FLRBTC, ALUUSDT, TIABTC, WYACUSDT, WUSDT_INDEX, CKBBTC, LUCEUSDT, XVGBTC, ADAUSDT, MKRBTC, WANBTC, MONUSDT, DCKUSDT, SUIUSDC, DFIBTC, UMAUSDT_INDEX, ZKUSDT_INDEX, GROKUSDT, MXMUSDT, BTCUSDT_INDEX, RSRUSDT_INDEX, MANTAUSDT_INDEX, BTRSTUSDT, CETUSUSDT_INDEX, REALISUSDT, SUSDT, REFUSDT, CAKEUSDT_INDEX, RSCUSDT, CULTDAOUSDT, XPRTUSDT, USTCUSDT_INDEX, LLMUSDT, NEXOBTC, GLMUSDT, PSGUSDT, OKBBTC, DASHUSDT_INDEX, TRACUSDT, BRETTUSDT_INDEX, UXLINKUSDT_INDEX, FATUSDT, HNTBTC, DCRUSDT_INDEX, PLUMEUSDT, HOOKUSDT, NINJAUSDT, FPUSDT, LOGXUSDT, POLUSDT_INDEX, FUDUSDT, KDAUSDT, WIFUSDT, RIFUSDT, ONEBTC, PARTIUSDT, FARTCOINUSDT, UNFIUSDT, STRDUSDT, DNXUSDT, VINUUSDT, NEOXBTC, DYMUSDT_INDEX, FAIUSDT, ALCXUSDT, KAVAUSDT_INDEX, ETCUSDC, EOSUSDT_INDEX, PYTHUSDT, ROUTEUSDT, BADGERUSDT, WENUSDT_INDEX, SENDUSDT, BLACKDRAGONUSDT, SERAPHUSDT, GNOUSDT, TONBTC, TNSRUSDT, LRDSUSDT, XEMUSDT_INDEX, ENAUSDT_INDEX, LTCUSDC, SNTUSDT, ALEOUSDT, ACMUSDT, MAKUSDT, TRXUSDT, GUACUSDT, TOMIUSDT, XECBTC, POKTBTC, SPURSUSDT, WOJAKUSDT, NEXAUSDT, CHIBTC, TRBUSDT_INDEX, DADDYUSDT, GIGAUSDT, CYBERUSDT, BLZUSDT, WOOUSDT_INDEX, BLURUSDT, NEIROUSDT, WELLUSDT, LTCBTC, XDCUSDT, QTUMUSDT, RAYUSDT, QUBICUSDT, HBARUSDT_INDEX, LRCUSDT_INDEX, ENSUSDT_INDEX, DARKUSDT, WAXPUSDT, WAVESUSDT, METAVUSDT, ACTUSDT, KAIAUSDT, IDUSDT, ENABTC, XEMBTC, MONAUSDT, IXTUSDT, SFUNDUSDT, ONEUSDC, ICXUSDT, BCHUSDC, XAUTUSDT_INDEX, ROSEBTC, ANDYUSDT, SLPUSDT_INDEX, BABYUSDT_INDEX, SDNBTC, KMDUSDT, ACEUSDT, KARUSDT, NOTUSDT_INDEX, TONUSDT, MAGAUSDT, BTTUSDT, SORAUSDT, MASAUSDT, SKRUSDT, P3DUSDT, PIXELUSDT_INDEX, PERRYUSDT, GOGLZUSDT, LONKUSDT, MAVUSDT, ZILUSDT_INDEX, ATHUSDT_INDEX, COMAIUSDT, ZEUSUSDT, GHSTUSDT, ATOMUSDC, BABYBNBUSDT, BNCBTC, XKRUSDT, DRBUSDT, GPSUSDT, XMRBTC, CTCUSDT, ANGLEUSDT, JLPUSDT, NULSUSDT, DGBUSDT_INDEX, AVAXUSDT, LOBOUSDT, BNKRUSDT, POLCUSDT, UTKUSDT, ILVUSDT, STRKUSDT_INDEX, SAGAUSDT_INDEX, CHZBTC, ZORAUSDT_INDEX, EIGENUSDT_INDEX, BAGUSDT, MOVRUSDT, DYDXUSDT_INDEX, PONKEUSDT_INDEX, LIKEUSDT, AEROUSDT, NMCBTC, GMEUSDT, GRIFFAINUSDT, MFERUSDT, MODEUSDT, ALPHUSDT, FLOKIUSDT, TOKEUSDT, XTZBTC, ZKJUSDT, ETHFIUSDT_INDEX, IMGUSDT, RACAUSDT, WSDMUSDT, BRAINLETUSDT, FOXYUSDT, AIOZBTC, CATCOINUSDT, MOVEUSDT_INDEX, OGUSDT, ZECBTC, AVAILUSDT, SHIBUSDC, MEMEUSDT, KASPYUSDT, MOCKJUPUSDT, TIAUSDT_INDEX, ALGOUSDC, LNRUSDT, FXSUSDT_INDEX, OSOLUSDT, RIFBTC, ZENTUSDT, VVAIFUUSDT, VADERUSDT, BCUTUSDT, GMTUSDT_INDEX, RPLUSDT, DNTUSDT, SHIBUSDT_INDEX, QNTUSDC, NIMUSDT, ZEDUSDT, DOLOUSDT, XPRUSDT, AZURUSDT, ZRCUSDT, BONKUSDT_INDEX, ASTRUSDT, ZENBTC, KSMBTC, PORUSDT, FXNUSDT, CTXCUSDT, BITCIBTC, MEWUSDT_INDEX, THEUSDT, ERGUSDT_INDEX, AKTUSDT_INDEX, LOCKINUSDT, SPERGUSDT, HTXUSDT, SOVUSDT, QUDEUSDT, RENDERUSDC, SSVUSDT_INDEX, HYPERUSDT, PEPPERUSDT, DFLUSDT, RDNTUSDT, COMPUSDT_INDEX, ARRRUSDT, NYMUSDT, MIGGLESUSDT, BERAUSDT, RVNUSDT, IOUSDT_INDEX, DOGECASTUSDT, DEGOUSDT, JPGUSDT, CHILLGUYUSDT, RJVUSDT, FLMUSDT, FACTBTC, XECUSDC, CATEUSDT, POLYXUSDT_INDEX, TAIKOUSDT, APTUSDT_INDEX, SCRTBTC, XVGUSDT, MYRIAUSDT, SUKUUSDT, HNTUSDT, KREXUSDT, XNAUSDT_INDEX, CSIXUSDT, CANTOBTC, APEUSDT, BSVUSDT_INDEX, MEMECOINUSDT, HNSUSDT, BLINKUSDT, DOGUSDT, UNIUSDT, COOKUSDT, DMAGAUSDT, TFUELBTC, BABYDOGEUSDT_INDEX, BONKUSDC, INSPUSDT, PUNDIXUSDT, SANTOSUSDT, SEILORUSDT, OPUSDT, FIROBTC, TAOBTC, YGGUSDT, SAROSUSDT, CELOBTC, WAVESUSDC, XRDBTC, CATUSDT_INDEX, HYPEUSDT, SHUUSDT, SMOLEUSDT, ZENUSDT_INDEX, KSMUSDT_INDEX, GOALUSDT, LDOUSDT, DEGENBTC, MEUSDT, SZNUSDT, OOEUSDT, ZENDUSDT, NEOUSDT_INDEX, TOLYUSDT, EPICUSDT, ARBUSDT, FUNUSDT, NAVXUSDT, CRUUSDT, SSVUSDT, BMTUSDT, BOMEUSDT, GOGUSDT, NOMUSDT, VETUSDC, LDOUSDT_INDEX, NRGUSDT, VITEBTC, HOUSEUSDT, RADARUSDT, BCCOINUSDT, TLMUSDT, COWUSDT, SRKUSDT, GNONUSDT, LINGOUSDT, TFUELUSDT, AIUSUSDT, RIPPLEUSDT
2025-04-28 21:49:13,235 [INFO] SIGNAL-BOT started with markets: BTCUSDT, ETHUSDT, BNBUSDT, XRPUSDT, ADAUSDT, SOLUSDT, DOTUSDT, DOGEUSDT, AVAXUSDT
2025-04-28 21:49:13,236 [INFO] Processing BTCUSDT
2025-04-28 21:49:13,236 [WARNING] No OHLC data available for BTCUSDT
2025-04-28 21:49:13,237 [WARNING] No OHLC data for BTCUSDT
2025-04-28 21:49:14,237 [INFO] Processing ETHUSDT
2025-04-28 21:49:14,237 [WARNING] No OHLC data available for ETHUSDT
2025-04-28 21:49:14,239 [WARNING] No OHLC data for ETHUSDT
2025-04-28 21:49:15,242 [INFO] Processing BNBUSDT
2025-04-28 21:49:15,242 [WARNING] No OHLC data available for BNBUSDT
2025-04-28 21:49:15,245 [WARNING] No OHLC data for BNBUSDT
2025-04-28 21:49:16,248 [INFO] Processing XRPUSDT
2025-04-28 21:49:16,248 [WARNING] No OHLC data available for XRPUSDT
2025-04-28 21:49:16,250 [WARNING] No OHLC data for XRPUSDT
2025-04-28 21:49:17,252 [INFO] Processing ADAUSDT
2025-04-28 21:49:17,253 [WARNING] No OHLC data available for ADAUSDT
2025-04-28 21:49:17,255 [WARNING] No OHLC data for ADAUSDT
2025-04-28 21:49:18,258 [INFO] Processing SOLUSDT
2025-04-28 21:49:18,259 [WARNING] No OHLC data available for SOLUSDT
2025-04-28 21:49:18,261 [WARNING] No OHLC data for SOLUSDT
2025-04-28 21:49:19,263 [INFO] Processing DOTUSDT
2025-04-28 21:49:19,263 [WARNING] No OHLC data available for DOTUSDT
2025-04-28 21:49:19,266 [WARNING] No OHLC data for DOTUSDT
2025-04-28 21:49:20,270 [INFO] Processing DOGEUSDT
2025-04-28 21:49:20,271 [WARNING] No OHLC data available for DOGEUSDT
2025-04-28 21:49:20,273 [WARNING] No OHLC data for DOGEUSDT
2025-04-28 21:49:21,284 [INFO] Processing AVAXUSDT
2025-04-28 21:49:21,285 [WARNING] No OHLC data available for AVAXUSDT
2025-04-28 21:49:21,287 [WARNING] No OHLC data for AVAXUSDT
2025-04-28 21:49:22,290 [INFO] Waiting for next cycle...
2025-04-29 01:17:28,986 [INFO] SIGNAL-BOT started
2025-04-29 01:17:29,956 [ERROR] استثنا در دریافت داده‌های OHLC برای BTCUSDT: 503 Server Error: Service Temporarily Unavailable for url: https://api.xt.com/v4/public/kline?symbol=btc_usdt&interval=15m&limit=100
2025-04-29 01:17:30,759 [ERROR] استثنا در دریافت داده‌های OHLC برای ETHUSDT: 503 Server Error: Service Temporarily Unavailable for url: https://api.xt.com/v4/public/kline?symbol=eth_usdt&interval=15m&limit=100
2025-04-29 01:17:31,567 [ERROR] استثنا در دریافت داده‌های OHLC برای BNBUSDT: 503 Server Error: Service Temporarily Unavailable for url: https://api.xt.com/v4/public/kline?symbol=bnb_usdt&interval=15m&limit=100
2025-04-29 01:17:32,539 [ERROR] استثنا در دریافت داده‌های OHLC برای XRPUSDT: 503 Server Error: Service Temporarily Unavailable for url: https://api.xt.com/v4/public/kline?symbol=xrp_usdt&interval=15m&limit=100
2025-04-29 01:17:33,500 [ERROR] استثنا در دریافت داده‌های OHLC برای ADAUSDT: 503 Server Error: Service Temporarily Unavailable for url: https://api.xt.com/v4/public/kline?symbol=ada_usdt&interval=15m&limit=100
2025-04-29 01:17:34,293 [ERROR] استثنا در دریافت داده‌های OHLC برای SOLUSDT: 503 Server Error: Service Temporarily Unavailable for url: https://api.xt.com/v4/public/kline?symbol=sol_usdt&interval=15m&limit=100
2025-04-29 01:17:35,069 [ERROR] استثنا در دریافت داده‌های OHLC برای DOTUSDT: 503 Server Error: Service Temporarily Unavailable for url: https://api.xt.com/v4/public/kline?symbol=dot_usdt&interval=15m&limit=100
2025-04-29 01:17:35,912 [ERROR] استثنا در دریافت داده‌های OHLC برای DOGEUSDT: 503 Server Error: Service Temporarily Unavailable for url: https://api.xt.com/v4/public/kline?symbol=doge_usdt&interval=15m&limit=100
2025-04-29 01:17:36,705 [ERROR] استثنا در دریافت داده‌های OHLC برای AVAXUSDT: 503 Server Error: Service Temporarily Unavailable for url: https://api.xt.com/v4/public/kline?symbol=avax_usdt&interval=15m&limit=100
2025-04-29 01:27:36,977 [INFO] SIGNAL-BOT started
2025-04-29 01:27:37,940 [WARNING] خطای 503 برای BTCUSDT، بازآزمایی 1/3...
2025-04-29 01:27:43,879 [WARNING] خطای 503 برای BTCUSDT، بازآزمایی 2/3...
2025-04-29 01:27:49,841 [WARNING] خطای 503 برای BTCUSDT، بازآزمایی 3/3...
2025-04-29 01:27:54,842 [ERROR] شکست در دریافت داده‌های OHLC برای BTCUSDT پس از 3 تلاش
2025-04-29 01:27:56,822 [WARNING] خطای 503 برای ETHUSDT، بازآزمایی 1/3...
2025-04-29 01:28:02,656 [WARNING] خطای 503 برای ETHUSDT، بازآزمایی 2/3...
2025-04-29 01:28:08,702 [WARNING] خطای 503 برای ETHUSDT، بازآزمایی 3/3...
2025-04-29 01:28:13,703 [ERROR] شکست در دریافت داده‌های OHLC برای ETHUSDT پس از 3 تلاش
2025-04-29 01:28:15,637 [WARNING] خطای 503 برای BNBUSDT، بازآزمایی 1/3...
2025-04-29 01:28:21,609 [WARNING] خطای 503 برای BNBUSDT، بازآزمایی 2/3...
2025-04-29 01:28:27,593 [WARNING] خطای 503 برای BNBUSDT، بازآزمایی 3/3...
2025-04-29 01:28:32,594 [ERROR] شکست در دریافت داده‌های OHLC برای BNBUSDT پس از 3 تلاش
2025-04-29 01:28:34,574 [WARNING] خطای 503 برای XRPUSDT، بازآزمایی 1/3...
2025-04-29 01:28:40,571 [WARNING] خطای 503 برای XRPUSDT، بازآزمایی 2/3...
2025-04-29 01:28:46,563 [WARNING] خطای 503 برای XRPUSDT، بازآزمایی 3/3...
2025-04-29 01:28:51,564 [ERROR] شکست در دریافت داده‌های OHLC برای XRPUSDT پس از 3 تلاش
2025-04-29 01:28:53,609 [WARNING] خطای 503 برای ADAUSDT، بازآزمایی 1/3...
2025-04-29 01:29:03,206 [WARNING] خطای 503 برای ADAUSDT، بازآزمایی 2/3...
2025-04-29 01:29:09,210 [WARNING] خطای 503 برای ADAUSDT، بازآزمایی 3/3...
2025-04-29 01:29:14,211 [ERROR] شکست در دریافت داده‌های OHLC برای ADAUSDT پس از 3 تلاش
2025-04-29 01:29:16,458 [WARNING] خطای 503 برای SOLUSDT، بازآزمایی 1/3...
2025-04-29 01:29:22,500 [WARNING] خطای 503 برای SOLUSDT، بازآزمایی 2/3...
2025-04-29 01:29:28,649 [WARNING] خطای 503 برای SOLUSDT، بازآزمایی 3/3...
2025-04-29 01:29:33,651 [ERROR] شکست در دریافت داده‌های OHLC برای SOLUSDT پس از 3 تلاش
2025-04-29 01:29:35,727 [WARNING] خطای 503 برای DOTUSDT، بازآزمایی 1/3...
2025-04-29 01:29:42,203 [WARNING] خطای 503 برای DOTUSDT، بازآزمایی 2/3...
2025-04-29 01:29:48,444 [WARNING] خطای 503 برای DOTUSDT، بازآزمایی 3/3...
2025-04-29 01:29:53,446 [ERROR] شکست در دریافت داده‌های OHLC برای DOTUSDT پس از 3 تلاش
2025-04-29 01:29:55,720 [WARNING] خطای 503 برای DOGEUSDT، بازآزمایی 1/3...
2025-04-29 01:30:01,721 [WARNING] خطای 503 برای DOGEUSDT، بازآزمایی 2/3...
2025-04-29 01:30:07,965 [WARNING] خطای 503 برای DOGEUSDT، بازآزمایی 3/3...
2025-04-29 01:30:12,966 [ERROR] شکست در دریافت داده‌های OHLC برای DOGEUSDT پس از 3 تلاش
2025-04-29 01:30:15,004 [WARNING] خطای 503 برای AVAXUSDT، بازآزمایی 1/3...
2025-04-29 01:30:21,063 [WARNING] خطای 503 برای AVAXUSDT، بازآزمایی 2/3...
2025-04-29 01:30:27,077 [WARNING] خطای 503 برای AVAXUSDT، بازآزمایی 3/3...
2025-04-29 01:30:32,078 [ERROR] شکست در دریافت داده‌های OHLC برای AVAXUSDT پس از 3 تلاش
2025-04-29 01:45:34,090 [WARNING] خطای 503 برای BTCUSDT، بازآزمایی 1/3...
2025-04-29 01:45:40,035 [WARNING] خطای 503 برای BTCUSDT، بازآزمایی 2/3...
2025-04-29 01:45:45,989 [WARNING] خطای 503 برای BTCUSDT، بازآزمایی 3/3...
2025-04-29 01:45:50,990 [ERROR] شکست در دریافت داده‌های OHLC برای BTCUSDT پس از 3 تلاش
2025-04-29 01:45:52,956 [WARNING] خطای 503 برای ETHUSDT، بازآزمایی 1/3...
2025-04-29 01:45:58,986 [WARNING] خطای 503 برای ETHUSDT، بازآزمایی 2/3...
2025-04-29 01:46:04,850 [WARNING] خطای 503 برای ETHUSDT، بازآزمایی 3/3...
2025-04-29 01:46:09,852 [ERROR] شکست در دریافت داده‌های OHLC برای ETHUSDT پس از 3 تلاش
2025-04-29 01:46:11,794 [WARNING] خطای 503 برای BNBUSDT، بازآزمایی 1/3...
2025-04-29 01:46:17,765 [WARNING] خطای 503 برای BNBUSDT، بازآزمایی 2/3...
2025-04-29 01:46:23,723 [WARNING] خطای 503 برای BNBUSDT، بازآزمایی 3/3...
2025-04-29 01:46:28,724 [ERROR] شکست در دریافت داده‌های OHLC برای BNBUSDT پس از 3 تلاش
2025-04-29 01:46:30,715 [WARNING] خطای 503 برای XRPUSDT، بازآزمایی 1/3...
2025-04-29 01:46:36,710 [WARNING] خطای 503 برای XRPUSDT، بازآزمایی 2/3...
2025-04-29 01:46:42,675 [WARNING] خطای 503 برای XRPUSDT، بازآزمایی 3/3...
2025-04-29 01:46:47,676 [ERROR] شکست در دریافت داده‌های OHLC برای XRPUSDT پس از 3 تلاش
2025-04-29 01:46:49,641 [WARNING] خطای 503 برای ADAUSDT، بازآزمایی 1/3...
2025-04-29 01:46:55,625 [WARNING] خطای 503 برای ADAUSDT، بازآزمایی 2/3...
2025-04-29 01:47:01,601 [WARNING] خطای 503 برای ADAUSDT، بازآزمایی 3/3...
2025-04-29 01:47:06,602 [ERROR] شکست در دریافت داده‌های OHLC برای ADAUSDT پس از 3 تلاش
2025-04-29 01:47:08,419 [WARNING] خطای 503 برای SOLUSDT، بازآزمایی 1/3...
2025-04-29 01:47:23,791 [ERROR] خطای درخواست برای SOLUSDT: HTTPSConnectionPool(host='api.xt.com', port=443): Read timed out. (read timeout=10)
2025-04-29 01:47:29,718 [WARNING] خطای 503 برای SOLUSDT، بازآزمایی 3/3...
2025-04-29 01:47:34,719 [ERROR] شکست در دریافت داده‌های OHLC برای SOLUSDT پس از 3 تلاش
2025-04-29 01:47:46,077 [ERROR] خطای درخواست برای DOTUSDT: HTTPSConnectionPool(host='api.xt.com', port=443): Read timed out. (read timeout=10)
2025-04-29 01:47:52,058 [WARNING] خطای 503 برای DOTUSDT، بازآزمایی 2/3...
2025-04-29 01:47:58,090 [WARNING] خطای 503 برای DOTUSDT، بازآزمایی 3/3...
2025-04-29 01:48:03,092 [ERROR] شکست در دریافت داده‌های OHLC برای DOTUSDT پس از 3 تلاش
2025-04-29 01:48:05,096 [WARNING] خطای 503 برای DOGEUSDT، بازآزمایی 1/3...
2025-04-29 01:48:11,111 [WARNING] خطای 503 برای DOGEUSDT، بازآزمایی 2/3...
2025-04-29 01:48:16,908 [WARNING] خطای 503 برای DOGEUSDT، بازآزمایی 3/3...
2025-04-29 01:48:21,909 [ERROR] شکست در دریافت داده‌های OHLC برای DOGEUSDT پس از 3 تلاش
2025-04-29 01:48:23,876 [WARNING] خطای 503 برای AVAXUSDT، بازآزمایی 1/3...
2025-04-29 01:48:29,832 [WARNING] خطای 503 برای AVAXUSDT، بازآزمایی 2/3...
2025-04-29 01:48:35,811 [WARNING] خطای 503 برای AVAXUSDT، بازآزمایی 3/3...
2025-04-29 01:48:40,812 [ERROR] شکست در دریافت داده‌های OHLC برای AVAXUSDT پس از 3 تلاش
2025-04-29 02:09:42,924 [INFO] SIGNAL-BOT started
2025-04-29 02:09:43,523 [INFO] دریافت داده‌های OHLC برای BTCUSDT
2025-04-29 02:09:43,524 [ERROR] استثنای عمومی برای BTCUSDT: 1
2025-04-29 02:09:45,157 [INFO] دریافت داده‌های OHLC برای ETHUSDT
2025-04-29 02:09:45,158 [ERROR] استثنای عمومی برای ETHUSDT: 1
2025-04-29 02:09:46,781 [INFO] دریافت داده‌های OHLC برای BNBUSDT
2025-04-29 02:09:46,783 [ERROR] استثنای عمومی برای BNBUSDT: 1
2025-04-29 02:09:48,391 [INFO] دریافت داده‌های OHLC برای XRPUSDT
2025-04-29 02:09:48,392 [ERROR] استثنای عمومی برای XRPUSDT: 1
2025-04-29 02:09:50,037 [INFO] دریافت داده‌های OHLC برای ADAUSDT
2025-04-29 02:09:50,037 [ERROR] استثنای عمومی برای ADAUSDT: 1
2025-04-29 02:09:51,651 [INFO] دریافت داده‌های OHLC برای SOLUSDT
2025-04-29 02:09:51,652 [ERROR] استثنای عمومی برای SOLUSDT: 1
2025-04-29 02:09:53,304 [INFO] دریافت داده‌های OHLC برای DOTUSDT
2025-04-29 02:09:53,304 [ERROR] استثنای عمومی برای DOTUSDT: 1
2025-04-29 02:09:54,896 [INFO] دریافت داده‌های OHLC برای DOGEUSDT
2025-04-29 02:09:54,897 [ERROR] استثنای عمومی برای DOGEUSDT: 1
2025-04-29 02:09:56,530 [INFO] دریافت داده‌های OHLC برای AVAXUSDT
2025-04-29 02:09:56,532 [ERROR] استثنای عمومی برای AVAXUSDT: 1
2025-04-29 02:38:28,944 [INFO] اتصال به API XT برقرار شد
2025-04-29 02:38:31,015 [INFO] بات SIGNAL-BOT با موفقیت شروع شد
2025-04-29 02:38:31,015 [ERROR] خطا در دریافت داده‌های OHLC برای BTCUSDT: 'Perp' object has no attribute 'get_kline'
2025-04-29 02:38:31,015 [WARNING] داده‌های OHLC برای BTCUSDT دریافت نشد
2025-04-29 02:38:31,016 [ERROR] خطا در دریافت داده‌های OHLC برای ETHUSDT: 'Perp' object has no attribute 'get_kline'
2025-04-29 02:38:31,016 [WARNING] داده‌های OHLC برای ETHUSDT دریافت نشد
2025-04-29 02:38:31,016 [ERROR] خطا در دریافت داده‌های OHLC برای BNBUSDT: 'Perp' object has no attribute 'get_kline'
2025-04-29 02:38:31,017 [WARNING] داده‌های OHLC برای BNBUSDT دریافت نشد
2025-04-29 02:38:31,017 [ERROR] خطا در دریافت داده‌های OHLC برای XRPUSDT: 'Perp' object has no attribute 'get_kline'
2025-04-29 02:38:31,018 [WARNING] داده‌های OHLC برای XRPUSDT دریافت نشد
2025-04-29 02:38:31,018 [ERROR] خطا در دریافت داده‌های OHLC برای ADAUSDT: 'Perp' object has no attribute 'get_kline'
2025-04-29 02:38:31,019 [WARNING] داده‌های OHLC برای ADAUSDT دریافت نشد
2025-04-29 02:38:31,019 [ERROR] خطا در دریافت داده‌های OHLC برای SOLUSDT: 'Perp' object has no attribute 'get_kline'
2025-04-29 02:38:31,020 [WARNING] داده‌های OHLC برای SOLUSDT دریافت نشد
2025-04-29 02:38:31,020 [ERROR] خطا در دریافت داده‌های OHLC برای DOTUSDT: 'Perp' object has no attribute 'get_kline'
2025-04-29 02:38:31,021 [WARNING] داده‌های OHLC برای DOTUSDT دریافت نشد
2025-04-29 02:38:31,021 [ERROR] خطا در دریافت داده‌های OHLC برای DOGEUSDT: 'Perp' object has no attribute 'get_kline'
2025-04-29 02:38:31,022 [WARNING] داده‌های OHLC برای DOGEUSDT دریافت نشد
2025-04-29 02:38:31,022 [ERROR] خطا در دریافت داده‌های OHLC برای AVAXUSDT: 'Perp' object has no attribute 'get_kline'
2025-04-29 02:38:31,022 [WARNING] داده‌های OHLC برای AVAXUSDT دریافت نشد
2025-04-29 02:38:31,023 [INFO] انتظار برای چرخه بعدی (15 دقیقه)
2025-04-29 02:44:22,425 [INFO] اتصال به API XT برقرار شد
2025-04-29 02:44:24,185 [INFO] بات SIGNAL-BOT با موفقیت شروع شد
2025-04-29 02:44:24,186 [ERROR] خطا در دریافت داده‌های OHLC برای BTCUSDT: 'Perp' object has no attribute 'get_kline'
2025-04-29 02:44:24,187 [WARNING] داده‌های OHLC برای BTCUSDT دریافت نشد
2025-04-29 02:44:24,190 [ERROR] خطا در دریافت داده‌های OHLC برای ETHUSDT: 'Perp' object has no attribute 'get_kline'
2025-04-29 02:44:24,191 [WARNING] داده‌های OHLC برای ETHUSDT دریافت نشد
2025-04-29 02:44:24,191 [ERROR] خطا در دریافت داده‌های OHLC برای BNBUSDT: 'Perp' object has no attribute 'get_kline'
2025-04-29 02:44:24,191 [WARNING] داده‌های OHLC برای BNBUSDT دریافت نشد
2025-04-29 02:44:24,192 [ERROR] خطا در دریافت داده‌های OHLC برای XRPUSDT: 'Perp' object has no attribute 'get_kline'
2025-04-29 02:44:24,192 [WARNING] داده‌های OHLC برای XRPUSDT دریافت نشد
2025-04-29 02:44:24,193 [ERROR] خطا در دریافت داده‌های OHLC برای ADAUSDT: 'Perp' object has no attribute 'get_kline'
2025-04-29 02:44:24,194 [WARNING] داده‌های OHLC برای ADAUSDT دریافت نشد
2025-04-29 02:44:24,195 [ERROR] خطا در دریافت داده‌های OHLC برای SOLUSDT: 'Perp' object has no attribute 'get_kline'
2025-04-29 02:44:24,195 [WARNING] داده‌های OHLC برای SOLUSDT دریافت نشد
2025-04-29 02:44:24,196 [ERROR] خطا در دریافت داده‌های OHLC برای DOTUSDT: 'Perp' object has no attribute 'get_kline'
2025-04-29 02:44:24,196 [WARNING] داده‌های OHLC برای DOTUSDT دریافت نشد
2025-04-29 02:44:24,197 [ERROR] خطا در دریافت داده‌های OHLC برای DOGEUSDT: 'Perp' object has no attribute 'get_kline'
2025-04-29 02:44:24,197 [WARNING] داده‌های OHLC برای DOGEUSDT دریافت نشد
2025-04-29 02:44:24,198 [ERROR] خطا در دریافت داده‌های OHLC برای AVAXUSDT: 'Perp' object has no attribute 'get_kline'
2025-04-29 02:44:24,198 [WARNING] داده‌های OHLC برای AVAXUSDT دریافت نشد
2025-04-29 02:44:24,199 [INFO] انتظار برای چرخه بعدی (15 دقیقه)
2025-04-29 03:33:19,489 [INFO] مقداردهی اولیه XT API انجام شد
2025-04-29 03:33:21,268 [INFO] بات SIGNAL-BOT با موفقیت شروع شد
2025-04-29 03:33:21,269 [ERROR] خطای درخواست برای BTCUSDT: Failed to parse: [invalid url, do not cite]/v4/public/kline
2025-04-29 03:33:21,269 [WARNING] داده‌های OHLC برای BTCUSDT دریافت نشد
2025-04-29 03:33:21,269 [ERROR] خطای درخواست برای ETHUSDT: Failed to parse: [invalid url, do not cite]/v4/public/kline
2025-04-29 03:33:21,270 [WARNING] داده‌های OHLC برای ETHUSDT دریافت نشد
2025-04-29 03:33:21,270 [ERROR] خطای درخواست برای BNBUSDT: Failed to parse: [invalid url, do not cite]/v4/public/kline
2025-04-29 03:33:21,270 [WARNING] داده‌های OHLC برای BNBUSDT دریافت نشد
2025-04-29 03:33:21,271 [ERROR] خطای درخواست برای XRPUSDT: Failed to parse: [invalid url, do not cite]/v4/public/kline
2025-04-29 03:33:21,271 [WARNING] داده‌های OHLC برای XRPUSDT دریافت نشد
2025-04-29 03:33:21,271 [ERROR] خطای درخواست برای ADAUSDT: Failed to parse: [invalid url, do not cite]/v4/public/kline
2025-04-29 03:33:21,272 [WARNING] داده‌های OHLC برای ADAUSDT دریافت نشد
2025-04-29 03:33:21,272 [ERROR] خطای درخواست برای SOLUSDT: Failed to parse: [invalid url, do not cite]/v4/public/kline
2025-04-29 03:33:21,272 [WARNING] داده‌های OHLC برای SOLUSDT دریافت نشد
2025-04-29 03:33:21,273 [ERROR] خطای درخواست برای DOTUSDT: Failed to parse: [invalid url, do not cite]/v4/public/kline
2025-04-29 03:33:21,273 [WARNING] داده‌های OHLC برای DOTUSDT دریافت نشد
2025-04-29 03:33:21,274 [ERROR] خطای درخواست برای DOGEUSDT: Failed to parse: [invalid url, do not cite]/v4/public/kline
2025-04-29 03:33:21,274 [WARNING] داده‌های OHLC برای DOGEUSDT دریافت نشد
2025-04-29 03:33:21,275 [ERROR] خطای درخواست برای AVAXUSDT: Failed to parse: [invalid url, do not cite]/v4/public/kline
2025-04-29 03:33:21,276 [WARNING] داده‌های OHLC برای AVAXUSDT دریافت نشد
2025-04-29 03:33:21,276 [INFO] انتظار برای چرخه بعدی (15 دقیقه)
2025-04-29 03:36:06,784 [INFO] مقداردهی اولیه XT API انجام شد
2025-04-29 03:36:07,386 [INFO] بات SIGNAL-BOT با موفقیت شروع شد
2025-04-29 03:36:07,387 [ERROR] خطای درخواست برای BTCUSDT: Failed to parse: [invalid url, do not cite]/v4/public/kline
2025-04-29 03:36:07,388 [WARNING] داده‌های OHLC برای BTCUSDT دریافت نشد
2025-04-29 03:36:07,391 [ERROR] خطای درخواست برای ETHUSDT: Failed to parse: [invalid url, do not cite]/v4/public/kline
2025-04-29 03:36:07,392 [WARNING] داده‌های OHLC برای ETHUSDT دریافت نشد
2025-04-29 03:36:07,392 [ERROR] خطای درخواست برای BNBUSDT: Failed to parse: [invalid url, do not cite]/v4/public/kline
2025-04-29 03:36:07,393 [WARNING] داده‌های OHLC برای BNBUSDT دریافت نشد
2025-04-29 03:36:07,394 [ERROR] خطای درخواست برای XRPUSDT: Failed to parse: [invalid url, do not cite]/v4/public/kline
2025-04-29 03:36:07,394 [WARNING] داده‌های OHLC برای XRPUSDT دریافت نشد
2025-04-29 03:36:07,395 [ERROR] خطای درخواست برای ADAUSDT: Failed to parse: [invalid url, do not cite]/v4/public/kline
2025-04-29 03:36:07,396 [WARNING] داده‌های OHLC برای ADAUSDT دریافت نشد
2025-04-29 03:36:07,397 [ERROR] خطای درخواست برای SOLUSDT: Failed to parse: [invalid url, do not cite]/v4/public/kline
2025-04-29 03:36:07,397 [WARNING] داده‌های OHLC برای SOLUSDT دریافت نشد
2025-04-29 03:36:07,398 [ERROR] خطای درخواست برای DOTUSDT: Failed to parse: [invalid url, do not cite]/v4/public/kline
2025-04-29 03:36:07,398 [WARNING] داده‌های OHLC برای DOTUSDT دریافت نشد
2025-04-29 03:36:07,398 [ERROR] خطای درخواست برای DOGEUSDT: Failed to parse: [invalid url, do not cite]/v4/public/kline
2025-04-29 03:36:07,399 [WARNING] داده‌های OHLC برای DOGEUSDT دریافت نشد
2025-04-29 03:36:07,400 [ERROR] خطای درخواست برای AVAXUSDT: Failed to parse: [invalid url, do not cite]/v4/public/kline
2025-04-29 03:36:07,400 [WARNING] داده‌های OHLC برای AVAXUSDT دریافت نشد
2025-04-29 03:36:07,400 [INFO] انتظار برای چرخه بعدی (15 دقیقه)
2025-04-29 03:47:20,089 [INFO] مقداردهی اولیه XT API انجام شد
2025-04-29 03:47:21,865 [INFO] بات SIGNAL-BOT با موفقیت شروع شد
2025-04-29 03:47:21,865 [ERROR] خطای درخواست برای BTCUSDT: Failed to parse: [invalid url, do not cite]/v4/public/kline
2025-04-29 03:47:21,866 [WARNING] داده‌های OHLC برای BTCUSDT دریافت نشد
2025-04-29 03:47:21,870 [ERROR] خطای درخواست برای ETHUSDT: Failed to parse: [invalid url, do not cite]/v4/public/kline
2025-04-29 03:47:21,870 [WARNING] داده‌های OHLC برای ETHUSDT دریافت نشد
2025-04-29 03:47:21,871 [ERROR] خطای درخواست برای BNBUSDT: Failed to parse: [invalid url, do not cite]/v4/public/kline
2025-04-29 03:47:21,871 [WARNING] داده‌های OHLC برای BNBUSDT دریافت نشد
2025-04-29 03:47:21,872 [ERROR] خطای درخواست برای XRPUSDT: Failed to parse: [invalid url, do not cite]/v4/public/kline
2025-04-29 03:47:21,873 [WARNING] داده‌های OHLC برای XRPUSDT دریافت نشد
2025-04-29 03:47:21,873 [ERROR] خطای درخواست برای ADAUSDT: Failed to parse: [invalid url, do not cite]/v4/public/kline
2025-04-29 03:47:21,874 [WARNING] داده‌های OHLC برای ADAUSDT دریافت نشد
2025-04-29 03:47:21,875 [ERROR] خطای درخواست برای SOLUSDT: Failed to parse: [invalid url, do not cite]/v4/public/kline
2025-04-29 03:47:21,875 [WARNING] داده‌های OHLC برای SOLUSDT دریافت نشد
2025-04-29 03:47:21,876 [ERROR] خطای درخواست برای DOTUSDT: Failed to parse: [invalid url, do not cite]/v4/public/kline
2025-04-29 03:47:21,876 [WARNING] داده‌های OHLC برای DOTUSDT دریافت نشد
2025-04-29 03:47:21,877 [ERROR] خطای درخواست برای DOGEUSDT: Failed to parse: [invalid url, do not cite]/v4/public/kline
2025-04-29 03:47:21,877 [WARNING] داده‌های OHLC برای DOGEUSDT دریافت نشد
2025-04-29 03:47:21,878 [ERROR] خطای درخواست برای AVAXUSDT: Failed to parse: [invalid url, do not cite]/v4/public/kline
2025-04-29 03:47:21,878 [WARNING] داده‌های OHLC برای AVAXUSDT دریافت نشد
2025-04-29 03:47:21,878 [INFO] انتظار برای چرخه بعدی (15 دقیقه)
2025-04-29 03:57:32,245 [INFO] مقداردهی اولیه XT API انجام شد
2025-04-29 03:57:34,062 [INFO] بات SIGNAL-BOT با موفقیت شروع شد
2025-04-29 03:57:34,062 [ERROR] خطا در پردازش BTCUSDT: replace expected at least 2 arguments, got 1
2025-04-29 03:57:34,063 [ERROR] خطا در پردازش ETHUSDT: replace expected at least 2 arguments, got 1
2025-04-29 03:57:34,063 [ERROR] خطا در پردازش BNBUSDT: replace expected at least 2 arguments, got 1
2025-04-29 03:57:34,063 [ERROR] خطا در پردازش XRPUSDT: replace expected at least 2 arguments, got 1
2025-04-29 03:57:34,063 [ERROR] خطا در پردازش ADAUSDT: replace expected at least 2 arguments, got 1
2025-04-29 03:57:34,063 [ERROR] خطا در پردازش SOLUSDT: replace expected at least 2 arguments, got 1
2025-04-29 03:57:34,064 [ERROR] خطا در پردازش DOTUSDT: replace expected at least 2 arguments, got 1
2025-04-29 03:57:34,064 [ERROR] خطا در پردازش DOGEUSDT: replace expected at least 2 arguments, got 1
2025-04-29 03:57:34,064 [ERROR] خطا در پردازش AVAXUSDT: replace expected at least 2 arguments, got 1
2025-04-29 03:57:34,064 [INFO] انتظار برای چرخه بعدی (15 دقیقه)
2025-04-29 04:12:34,066 [ERROR] خطا در پردازش BTCUSDT: replace expected at least 2 arguments, got 1
2025-04-29 04:12:34,067 [ERROR] خطا در پردازش ETHUSDT: replace expected at least 2 arguments, got 1
2025-04-29 04:12:34,068 [ERROR] خطا در پردازش BNBUSDT: replace expected at least 2 arguments, got 1
2025-04-29 04:12:34,069 [ERROR] خطا در پردازش XRPUSDT: replace expected at least 2 arguments, got 1
2025-04-29 04:12:34,069 [ERROR] خطا در پردازش ADAUSDT: replace expected at least 2 arguments, got 1
2025-04-29 04:12:34,070 [ERROR] خطا در پردازش SOLUSDT: replace expected at least 2 arguments, got 1
2025-04-29 04:12:34,070 [ERROR] خطا در پردازش DOTUSDT: replace expected at least 2 arguments, got 1
2025-04-29 04:12:34,071 [ERROR] خطا در پردازش DOGEUSDT: replace expected at least 2 arguments, got 1
2025-04-29 04:12:34,074 [ERROR] خطا در پردازش AVAXUSDT: replace expected at least 2 arguments, got 1
2025-04-29 04:12:34,077 [INFO] انتظار برای چرخه بعدی (15 دقیقه)
2025-04-29 04:15:19,808 [INFO] مقداردهی اولیه XT API انجام شد
2025-04-29 04:15:21,671 [INFO] بات SIGNAL-BOT با موفقیت شروع شد
2025-04-29 04:15:21,672 [ERROR] خطای درخواست برای BTCUSDT: Failed to parse: [invalid url, do not cite]/v4/public/kline
2025-04-29 04:15:21,673 [WARNING] داده‌های OHLC برای BTCUSDT دریافت نشد
2025-04-29 04:15:21,673 [ERROR] خطای درخواست برای ETHUSDT: Failed to parse: [invalid url, do not cite]/v4/public/kline
2025-04-29 04:15:21,673 [WARNING] داده‌های OHLC برای ETHUSDT دریافت نشد
2025-04-29 04:15:21,674 [ERROR] خطای درخواست برای BNBUSDT: Failed to parse: [invalid url, do not cite]/v4/public/kline
2025-04-29 04:15:21,674 [WARNING] داده‌های OHLC برای BNBUSDT دریافت نشد
2025-04-29 04:15:21,674 [ERROR] خطای درخواست برای XRPUSDT: Failed to parse: [invalid url, do not cite]/v4/public/kline
2025-04-29 04:15:21,674 [WARNING] داده‌های OHLC برای XRPUSDT دریافت نشد
2025-04-29 04:15:21,675 [ERROR] خطای درخواست برای ADAUSDT: Failed to parse: [invalid url, do not cite]/v4/public/kline
2025-04-29 04:15:21,675 [WARNING] داده‌های OHLC برای ADAUSDT دریافت نشد
2025-04-29 04:15:21,675 [ERROR] خطای درخواست برای SOLUSDT: Failed to parse: [invalid url, do not cite]/v4/public/kline
2025-04-29 04:15:21,676 [WARNING] داده‌های OHLC برای SOLUSDT دریافت نشد
2025-04-29 04:15:21,676 [ERROR] خطای درخواست برای DOTUSDT: Failed to parse: [invalid url, do not cite]/v4/public/kline
2025-04-29 04:15:21,676 [WARNING] داده‌های OHLC برای DOTUSDT دریافت نشد
2025-04-29 04:15:21,676 [ERROR] خطای درخواست برای DOGEUSDT: Failed to parse: [invalid url, do not cite]/v4/public/kline
2025-04-29 04:15:21,677 [WARNING] داده‌های OHLC برای DOGEUSDT دریافت نشد
2025-04-29 04:15:21,677 [ERROR] خطای درخواست برای AVAXUSDT: Failed to parse: [invalid url, do not cite]/v4/public/kline
2025-04-29 04:15:21,677 [WARNING] داده‌های OHLC برای AVAXUSDT دریافت نشد
2025-04-29 04:15:21,678 [ERROR] خطای درخواست برای MATICUSDT: Failed to parse: [invalid url, do not cite]/v4/public/kline
2025-04-29 04:15:21,678 [WARNING] داده‌های OHLC برای MATICUSDT دریافت نشد
2025-04-29 04:15:21,678 [INFO] انتظار برای چرخه بعدی (15 دقیقه)
2025-04-29 04:30:21,679 [ERROR] خطای درخواست برای BTCUSDT: Failed to parse: [invalid url, do not cite]/v4/public/kline
2025-04-29 04:30:21,680 [WARNING] داده‌های OHLC برای BTCUSDT دریافت نشد
2025-04-29 04:30:21,681 [ERROR] خطای درخواست برای ETHUSDT: Failed to parse: [invalid url, do not cite]/v4/public/kline
2025-04-29 04:30:21,681 [WARNING] داده‌های OHLC برای ETHUSDT دریافت نشد
2025-04-29 04:30:21,682 [ERROR] خطای درخواست برای BNBUSDT: Failed to parse: [invalid url, do not cite]/v4/public/kline
2025-04-29 04:30:21,682 [WARNING] داده‌های OHLC برای BNBUSDT دریافت نشد
2025-04-29 04:30:21,682 [ERROR] خطای درخواست برای XRPUSDT: Failed to parse: [invalid url, do not cite]/v4/public/kline
2025-04-29 04:30:21,683 [WARNING] داده‌های OHLC برای XRPUSDT دریافت نشد
2025-04-29 04:30:21,684 [ERROR] خطای درخواست برای ADAUSDT: Failed to parse: [invalid url, do not cite]/v4/public/kline
2025-04-29 04:30:21,684 [WARNING] داده‌های OHLC برای ADAUSDT دریافت نشد
2025-04-29 04:30:21,685 [ERROR] خطای درخواست برای SOLUSDT: Failed to parse: [invalid url, do not cite]/v4/public/kline
2025-04-29 04:30:21,686 [WARNING] داده‌های OHLC برای SOLUSDT دریافت نشد
2025-04-29 04:30:21,687 [ERROR] خطای درخواست برای DOTUSDT: Failed to parse: [invalid url, do not cite]/v4/public/kline
2025-04-29 04:30:21,687 [WARNING] داده‌های OHLC برای DOTUSDT دریافت نشد
2025-04-29 04:30:21,688 [ERROR] خطای درخواست برای DOGEUSDT: Failed to parse: [invalid url, do not cite]/v4/public/kline
2025-04-29 04:30:21,688 [WARNING] داده‌های OHLC برای DOGEUSDT دریافت نشد
2025-04-29 04:30:21,689 [ERROR] خطای درخواست برای AVAXUSDT: Failed to parse: [invalid url, do not cite]/v4/public/kline
2025-04-29 04:30:21,689 [WARNING] داده‌های OHLC برای AVAXUSDT دریافت نشد
2025-04-29 04:30:21,689 [ERROR] خطای درخواست برای MATICUSDT: Failed to parse: [invalid url, do not cite]/v4/public/kline
2025-04-29 04:30:21,690 [WARNING] داده‌های OHLC برای MATICUSDT دریافت نشد
2025-04-29 04:30:21,690 [INFO] انتظار برای چرخه بعدی (15 دقیقه)
2025-04-29 04:33:16,211 [ERROR] خطا در مقداردهی اولیه XT API: 'xt_api_url'
2025-04-29 04:36:28,177 [INFO] مقداردهی اولیه XT API انجام شد
2025-04-29 04:36:30,003 [INFO] بات SIGNAL-BOT با موفقیت شروع شد
2025-04-29 04:36:30,004 [ERROR] خطای درخواست برای BTCUSDT: Failed to parse: [invalid url, do not cite]/v4/public/kline
2025-04-29 04:36:30,004 [WARNING] داده‌های OHLC برای BTCUSDT دریافت نشد
2025-04-29 04:36:30,004 [ERROR] خطای درخواست برای ETHUSDT: Failed to parse: [invalid url, do not cite]/v4/public/kline
2025-04-29 04:36:30,004 [WARNING] داده‌های OHLC برای ETHUSDT دریافت نشد
2025-04-29 04:36:30,005 [ERROR] خطای درخواست برای BNBUSDT: Failed to parse: [invalid url, do not cite]/v4/public/kline
2025-04-29 04:36:30,005 [WARNING] داده‌های OHLC برای BNBUSDT دریافت نشد
2025-04-29 04:36:30,005 [ERROR] خطای درخواست برای XRPUSDT: Failed to parse: [invalid url, do not cite]/v4/public/kline
2025-04-29 04:36:30,006 [WARNING] داده‌های OHLC برای XRPUSDT دریافت نشد
2025-04-29 04:36:30,006 [ERROR] خطای درخواست برای ADAUSDT: Failed to parse: [invalid url, do not cite]/v4/public/kline
2025-04-29 04:36:30,006 [WARNING] داده‌های OHLC برای ADAUSDT دریافت نشد
2025-04-29 04:36:30,006 [ERROR] خطای درخواست برای SOLUSDT: Failed to parse: [invalid url, do not cite]/v4/public/kline
2025-04-29 04:36:30,007 [WARNING] داده‌های OHLC برای SOLUSDT دریافت نشد
2025-04-29 04:36:30,008 [ERROR] خطای درخواست برای DOTUSDT: Failed to parse: [invalid url, do not cite]/v4/public/kline
2025-04-29 04:36:30,008 [WARNING] داده‌های OHLC برای DOTUSDT دریافت نشد
2025-04-29 04:36:30,008 [ERROR] خطای درخواست برای DOGEUSDT: Failed to parse: [invalid url, do not cite]/v4/public/kline
2025-04-29 04:36:30,009 [WARNING] داده‌های OHLC برای DOGEUSDT دریافت نشد
2025-04-29 04:36:30,010 [ERROR] خطای درخواست برای AVAXUSDT: Failed to parse: [invalid url, do not cite]/v4/public/kline
2025-04-29 04:36:30,010 [WARNING] داده‌های OHLC برای AVAXUSDT دریافت نشد
2025-04-29 04:36:30,011 [ERROR] خطای درخواست برای MATICUSDT: Failed to parse: [invalid url, do not cite]/v4/public/kline
2025-04-29 04:36:30,011 [WARNING] داده‌های OHLC برای MATICUSDT دریافت نشد
2025-04-29 04:36:30,011 [INFO] انتظار برای چرخه بعدی (15 دقیقه)
2025-04-29 04:37:38,770 [INFO] مقداردهی اولیه XT API انجام شد
2025-04-29 04:37:40,611 [INFO] بات SIGNAL-BOT با موفقیت شروع شد
2025-04-29 04:37:40,612 [ERROR] خطای درخواست برای BTCUSDT: Failed to parse: [invalid url, do not cite]/v4/public/kline
2025-04-29 04:37:40,615 [WARNING] داده‌های OHLC برای BTCUSDT دریافت نشد
2025-04-29 04:37:40,616 [ERROR] خطای درخواست برای ETHUSDT: Failed to parse: [invalid url, do not cite]/v4/public/kline
2025-04-29 04:37:40,616 [WARNING] داده‌های OHLC برای ETHUSDT دریافت نشد
2025-04-29 04:37:40,617 [ERROR] خطای درخواست برای BNBUSDT: Failed to parse: [invalid url, do not cite]/v4/public/kline
2025-04-29 04:37:40,618 [WARNING] داده‌های OHLC برای BNBUSDT دریافت نشد
2025-04-29 04:37:40,618 [ERROR] خطای درخواست برای XRPUSDT: Failed to parse: [invalid url, do not cite]/v4/public/kline
2025-04-29 04:37:40,619 [WARNING] داده‌های OHLC برای XRPUSDT دریافت نشد
2025-04-29 04:37:40,620 [ERROR] خطای درخواست برای ADAUSDT: Failed to parse: [invalid url, do not cite]/v4/public/kline
2025-04-29 04:37:40,620 [WARNING] داده‌های OHLC برای ADAUSDT دریافت نشد
2025-04-29 04:37:40,621 [ERROR] خطای درخواست برای SOLUSDT: Failed to parse: [invalid url, do not cite]/v4/public/kline
2025-04-29 04:37:40,621 [WARNING] داده‌های OHLC برای SOLUSDT دریافت نشد
2025-04-29 04:37:40,622 [ERROR] خطای درخواست برای DOTUSDT: Failed to parse: [invalid url, do not cite]/v4/public/kline
2025-04-29 04:37:40,622 [WARNING] داده‌های OHLC برای DOTUSDT دریافت نشد
2025-04-29 04:37:40,623 [ERROR] خطای درخواست برای DOGEUSDT: Failed to parse: [invalid url, do not cite]/v4/public/kline
2025-04-29 04:37:40,623 [WARNING] داده‌های OHLC برای DOGEUSDT دریافت نشد
2025-04-29 04:37:40,624 [ERROR] خطای درخواست برای AVAXUSDT: Failed to parse: [invalid url, do not cite]/v4/public/kline
2025-04-29 04:37:40,625 [WARNING] داده‌های OHLC برای AVAXUSDT دریافت نشد
2025-04-29 04:37:40,625 [ERROR] خطای درخواست برای MATICUSDT: Failed to parse: [invalid url, do not cite]/v4/public/kline
2025-04-29 04:37:40,626 [WARNING] داده‌های OHLC برای MATICUSDT دریافت نشد
2025-04-29 04:37:40,626 [INFO] انتظار برای چرخه بعدی (15 دقیقه)
2025-04-29 04:44:49,390 [INFO] مقداردهی اولیه XT API انجام شد
2025-04-29 04:44:51,209 [INFO] بات SIGNAL-BOT با موفقیت شروع شد
2025-04-29 04:44:51,209 [ERROR] خطای درخواست برای BTCUSDT: Failed to parse: [invalid url, do not cite]/v4/public/kline
2025-04-29 04:44:51,209 [WARNING] داده‌های OHLC برای BTCUSDT دریافت نشد
2025-04-29 04:44:51,209 [ERROR] خطای درخواست برای ETHUSDT: Failed to parse: [invalid url, do not cite]/v4/public/kline
2025-04-29 04:44:51,209 [WARNING] داده‌های OHLC برای ETHUSDT دریافت نشد
2025-04-29 04:44:51,210 [ERROR] خطای درخواست برای BNBUSDT: Failed to parse: [invalid url, do not cite]/v4/public/kline
2025-04-29 04:44:51,210 [WARNING] داده‌های OHLC برای BNBUSDT دریافت نشد
2025-04-29 04:44:51,210 [ERROR] خطای درخواست برای XRPUSDT: Failed to parse: [invalid url, do not cite]/v4/public/kline
2025-04-29 04:44:51,211 [WARNING] داده‌های OHLC برای XRPUSDT دریافت نشد
2025-04-29 04:44:51,211 [ERROR] خطای درخواست برای ADAUSDT: Failed to parse: [invalid url, do not cite]/v4/public/kline
2025-04-29 04:44:51,211 [WARNING] داده‌های OHLC برای ADAUSDT دریافت نشد
2025-04-29 04:44:51,211 [ERROR] خطای درخواست برای SOLUSDT: Failed to parse: [invalid url, do not cite]/v4/public/kline
2025-04-29 04:44:51,213 [WARNING] داده‌های OHLC برای SOLUSDT دریافت نشد
2025-04-29 04:44:51,213 [ERROR] خطای درخواست برای DOTUSDT: Failed to parse: [invalid url, do not cite]/v4/public/kline
2025-04-29 04:44:51,213 [WARNING] داده‌های OHLC برای DOTUSDT دریافت نشد
2025-04-29 04:44:51,213 [ERROR] خطای درخواست برای DOGEUSDT: Failed to parse: [invalid url, do not cite]/v4/public/kline
2025-04-29 04:44:51,214 [WARNING] داده‌های OHLC برای DOGEUSDT دریافت نشد
2025-04-29 04:44:51,214 [ERROR] خطای درخواست برای AVAXUSDT: Failed to parse: [invalid url, do not cite]/v4/public/kline
2025-04-29 04:44:51,214 [WARNING] داده‌های OHLC برای AVAXUSDT دریافت نشد
2025-04-29 04:44:51,214 [ERROR] خطای درخواست برای MATICUSDT: Failed to parse: [invalid url, do not cite]/v4/public/kline
2025-04-29 04:44:51,215 [WARNING] داده‌های OHLC برای MATICUSDT دریافت نشد
2025-04-29 04:44:51,215 [INFO] انتظار برای چرخه بعدی (15 دقیقه)
2025-04-29 04:58:24,386 [ERROR] خطا در بارگذاری config.json: Expecting property name enclosed in double quotes: line 2 column 3 (char 4)
2025-04-29 05:00:50,234 [INFO] مقداردهی اولیه XT API انجام شد
2025-04-29 05:00:52,113 [INFO] بات SIGNAL-BOT با موفقیت شروع شد
2025-04-29 05:00:52,114 [ERROR] خطای درخواست برای BTCUSDT: Failed to parse: [invalid url, do not cite]/v4/public/kline
2025-04-29 05:00:52,114 [WARNING] داده‌های OHLC برای BTCUSDT دریافت نشد
2025-04-29 05:00:52,114 [ERROR] خطای درخواست برای ETHUSDT: Failed to parse: [invalid url, do not cite]/v4/public/kline
2025-04-29 05:00:52,115 [WARNING] داده‌های OHLC برای ETHUSDT دریافت نشد
2025-04-29 05:00:52,115 [ERROR] خطای درخواست برای BNBUSDT: Failed to parse: [invalid url, do not cite]/v4/public/kline
2025-04-29 05:00:52,115 [WARNING] داده‌های OHLC برای BNBUSDT دریافت نشد
2025-04-29 05:00:52,116 [ERROR] خطای درخواست برای XRPUSDT: Failed to parse: [invalid url, do not cite]/v4/public/kline
2025-04-29 05:00:52,116 [WARNING] داده‌های OHLC برای XRPUSDT دریافت نشد
2025-04-29 05:00:52,116 [ERROR] خطای درخواست برای ADAUSDT: Failed to parse: [invalid url, do not cite]/v4/public/kline
2025-04-29 05:00:52,117 [WARNING] داده‌های OHLC برای ADAUSDT دریافت نشد
2025-04-29 05:00:52,117 [ERROR] خطای درخواست برای SOLUSDT: Failed to parse: [invalid url, do not cite]/v4/public/kline
2025-04-29 05:00:52,117 [WARNING] داده‌های OHLC برای SOLUSDT دریافت نشد
2025-04-29 05:00:52,118 [ERROR] خطای درخواست برای DOTUSDT: Failed to parse: [invalid url, do not cite]/v4/public/kline
2025-04-29 05:00:52,118 [WARNING] داده‌های OHLC برای DOTUSDT دریافت نشد
2025-04-29 05:00:52,119 [ERROR] خطای درخواست برای DOGEUSDT: Failed to parse: [invalid url, do not cite]/v4/public/kline
2025-04-29 05:00:52,119 [WARNING] داده‌های OHLC برای DOGEUSDT دریافت نشد
2025-04-29 05:00:52,120 [ERROR] خطای درخواست برای AVAXUSDT: Failed to parse: [invalid url, do not cite]/v4/public/kline
2025-04-29 05:00:52,120 [WARNING] داده‌های OHLC برای AVAXUSDT دریافت نشد
2025-04-29 05:00:52,121 [ERROR] خطای درخواست برای MATICUSDT: Failed to parse: [invalid url, do not cite]/v4/public/kline
2025-04-29 05:00:52,121 [WARNING] داده‌های OHLC برای MATICUSDT دریافت نشد
2025-04-29 05:00:52,122 [INFO] انتظار برای چرخه بعدی (15 دقیقه)
2025-04-29 05:03:10,408 [INFO] مقداردهی اولیه XT API انجام شد
2025-04-29 05:03:12,190 [INFO] بات SIGNAL-BOT با موفقیت شروع شد
2025-04-29 05:03:12,191 [ERROR] خطای درخواست برای BTCUSDT: Failed to parse: [invalid url, do not cite]/v4/public/kline
2025-04-29 05:03:12,192 [WARNING] داده‌های OHLC برای BTCUSDT دریافت نشد
2025-04-29 05:03:12,192 [ERROR] خطای درخواست برای ETHUSDT: Failed to parse: [invalid url, do not cite]/v4/public/kline
2025-04-29 05:03:12,192 [WARNING] داده‌های OHLC برای ETHUSDT دریافت نشد
2025-04-29 05:03:12,192 [ERROR] خطای درخواست برای BNBUSDT: Failed to parse: [invalid url, do not cite]/v4/public/kline
2025-04-29 05:03:12,193 [WARNING] داده‌های OHLC برای BNBUSDT دریافت نشد
2025-04-29 05:03:12,193 [ERROR] خطای درخواست برای XRPUSDT: Failed to parse: [invalid url, do not cite]/v4/public/kline
2025-04-29 05:03:12,193 [WARNING] داده‌های OHLC برای XRPUSDT دریافت نشد
2025-04-29 05:03:12,194 [ERROR] خطای درخواست برای ADAUSDT: Failed to parse: [invalid url, do not cite]/v4/public/kline
2025-04-29 05:03:12,194 [WARNING] داده‌های OHLC برای ADAUSDT دریافت نشد
2025-04-29 05:03:12,194 [ERROR] خطای درخواست برای SOLUSDT: Failed to parse: [invalid url, do not cite]/v4/public/kline
2025-04-29 05:03:12,194 [WARNING] داده‌های OHLC برای SOLUSDT دریافت نشد
2025-04-29 05:03:12,195 [ERROR] خطای درخواست برای DOTUSDT: Failed to parse: [invalid url, do not cite]/v4/public/kline
2025-04-29 05:03:12,196 [WARNING] داده‌های OHLC برای DOTUSDT دریافت نشد
2025-04-29 05:03:12,196 [ERROR] خطای درخواست برای DOGEUSDT: Failed to parse: [invalid url, do not cite]/v4/public/kline
2025-04-29 05:03:12,197 [WARNING] داده‌های OHLC برای DOGEUSDT دریافت نشد
2025-04-29 05:03:12,197 [ERROR] خطای درخواست برای AVAXUSDT: Failed to parse: [invalid url, do not cite]/v4/public/kline
2025-04-29 05:03:12,198 [WARNING] داده‌های OHLC برای AVAXUSDT دریافت نشد
2025-04-29 05:03:12,199 [ERROR] خطای درخواست برای MATICUSDT: Failed to parse: [invalid url, do not cite]/v4/public/kline
2025-04-29 05:03:12,199 [WARNING] داده‌های OHLC برای MATICUSDT دریافت نشد
2025-04-29 05:03:12,200 [INFO] انتظار برای چرخه بعدی (15 دقیقه)
2025-04-29 05:04:04,253 [INFO] مقداردهی اولیه XT API انجام شد
2025-04-29 05:04:06,025 [INFO] بات SIGNAL-BOT با موفقیت شروع شد
2025-04-29 05:04:06,026 [ERROR] خطای درخواست برای BTCUSDT: Failed to parse: [invalid url, do not cite]/v4/public/kline
2025-04-29 05:04:06,026 [WARNING] داده‌های OHLC برای BTCUSDT دریافت نشد
2025-04-29 05:04:06,026 [ERROR] خطای درخواست برای ETHUSDT: Failed to parse: [invalid url, do not cite]/v4/public/kline
2025-04-29 05:04:06,026 [WARNING] داده‌های OHLC برای ETHUSDT دریافت نشد
2025-04-29 05:04:06,027 [ERROR] خطای درخواست برای BNBUSDT: Failed to parse: [invalid url, do not cite]/v4/public/kline
2025-04-29 05:04:06,027 [WARNING] داده‌های OHLC برای BNBUSDT دریافت نشد
2025-04-29 05:04:06,027 [ERROR] خطای درخواست برای XRPUSDT: Failed to parse: [invalid url, do not cite]/v4/public/kline
2025-04-29 05:04:06,027 [WARNING] داده‌های OHLC برای XRPUSDT دریافت نشد
2025-04-29 05:04:06,028 [ERROR] خطای درخواست برای ADAUSDT: Failed to parse: [invalid url, do not cite]/v4/public/kline
2025-04-29 05:04:06,028 [WARNING] داده‌های OHLC برای ADAUSDT دریافت نشد
2025-04-29 05:04:06,029 [ERROR] خطای درخواست برای SOLUSDT: Failed to parse: [invalid url, do not cite]/v4/public/kline
2025-04-29 05:04:06,030 [WARNING] داده‌های OHLC برای SOLUSDT دریافت نشد
2025-04-29 05:04:06,030 [ERROR] خطای درخواست برای DOTUSDT: Failed to parse: [invalid url, do not cite]/v4/public/kline
2025-04-29 05:04:06,031 [WARNING] داده‌های OHLC برای DOTUSDT دریافت نشد
2025-04-29 05:04:06,031 [ERROR] خطای درخواست برای DOGEUSDT: Failed to parse: [invalid url, do not cite]/v4/public/kline
2025-04-29 05:04:06,032 [WARNING] داده‌های OHLC برای DOGEUSDT دریافت نشد
2025-04-29 05:04:06,032 [ERROR] خطای درخواست برای AVAXUSDT: Failed to parse: [invalid url, do not cite]/v4/public/kline
2025-04-29 05:04:06,033 [WARNING] داده‌های OHLC برای AVAXUSDT دریافت نشد
2025-04-29 05:04:06,033 [ERROR] خطای درخواست برای MATICUSDT: Failed to parse: [invalid url, do not cite]/v4/public/kline
2025-04-29 05:04:06,033 [WARNING] داده‌های OHLC برای MATICUSDT دریافت نشد
2025-04-29 05:04:06,034 [INFO] انتظار برای چرخه بعدی (15 دقیقه)
2025-04-29 10:32:11,751 [INFO] مقداردهی اولیه XT API انجام شد
2025-04-29 10:32:14,270 [INFO] بات SIGNAL-BOT با موفقیت شروع شد
2025-04-29 10:32:21,143 [ERROR] خطای درخواست برای BTCUSDT: Failed to parse: [invalid url, do not cite]/v4/public/kline
2025-04-29 10:32:21,144 [WARNING] داده‌های OHLC برای BTCUSDT دریافت نشد
2025-04-29 10:32:21,144 [ERROR] خطای درخواست برای ETHUSDT: Failed to parse: [invalid url, do not cite]/v4/public/kline
2025-04-29 10:32:21,145 [WARNING] داده‌های OHLC برای ETHUSDT دریافت نشد
2025-04-29 10:32:21,145 [ERROR] خطای درخواست برای BNBUSDT: Failed to parse: [invalid url, do not cite]/v4/public/kline
2025-04-29 10:32:21,146 [WARNING] داده‌های OHLC برای BNBUSDT دریافت نشد
2025-04-29 10:32:21,146 [ERROR] خطای درخواست برای XRPUSDT: Failed to parse: [invalid url, do not cite]/v4/public/kline
2025-04-29 10:32:21,147 [WARNING] داده‌های OHLC برای XRPUSDT دریافت نشد
2025-04-29 10:32:21,148 [ERROR] خطای درخواست برای ADAUSDT: Failed to parse: [invalid url, do not cite]/v4/public/kline
2025-04-29 10:32:21,148 [WARNING] داده‌های OHLC برای ADAUSDT دریافت نشد
2025-04-29 10:32:21,148 [INFO] انتظار برای چرخه بعدی (15 دقیقه)
2025-04-29 10:34:17,125 [INFO] مقداردهی اولیه XT API انجام شد
2025-04-29 10:34:19,452 [INFO] بات SIGNAL-BOT با موفقیت شروع شد
2025-04-29 10:34:19,453 [ERROR] خطای درخواست برای BTCUSDT: Failed to parse: [invalid url, do not cite]/v4/public/kline
2025-04-29 10:34:19,454 [WARNING] داده‌های OHLC برای BTCUSDT دریافت نشد
2025-04-29 10:34:19,457 [ERROR] خطای درخواست برای ETHUSDT: Failed to parse: [invalid url, do not cite]/v4/public/kline
2025-04-29 10:34:19,457 [WARNING] داده‌های OHLC برای ETHUSDT دریافت نشد
2025-04-29 10:34:19,458 [ERROR] خطای درخواست برای BNBUSDT: Failed to parse: [invalid url, do not cite]/v4/public/kline
2025-04-29 10:34:19,458 [WARNING] داده‌های OHLC برای BNBUSDT دریافت نشد
2025-04-29 10:34:19,459 [ERROR] خطای درخواست برای XRPUSDT: Failed to parse: [invalid url, do not cite]/v4/public/kline
2025-04-29 10:34:19,459 [WARNING] داده‌های OHLC برای XRPUSDT دریافت نشد
2025-04-29 10:34:19,460 [ERROR] خطای درخواست برای ADAUSDT: Failed to parse: [invalid url, do not cite]/v4/public/kline
2025-04-29 10:34:19,460 [WARNING] داده‌های OHLC برای ADAUSDT دریافت نشد
2025-04-29 10:34:19,461 [INFO] انتظار برای چرخه بعدی (15 دقیقه)
2025-04-29 10:35:17,381 [INFO] مقداردهی اولیه XT API انجام شد
2025-04-29 10:35:19,695 [INFO] بات SIGNAL-BOT با موفقیت شروع شد
2025-04-29 10:35:19,696 [ERROR] خطای درخواست برای BTCUSDT: Failed to parse: [invalid url, do not cite]/v4/public/kline
2025-04-29 10:35:19,696 [WARNING] داده‌های OHLC برای BTCUSDT دریافت نشد
2025-04-29 10:35:19,700 [ERROR] خطای درخواست برای ETHUSDT: Failed to parse: [invalid url, do not cite]/v4/public/kline
2025-04-29 10:35:19,701 [WARNING] داده‌های OHLC برای ETHUSDT دریافت نشد
2025-04-29 10:35:19,701 [ERROR] خطای درخواست برای BNBUSDT: Failed to parse: [invalid url, do not cite]/v4/public/kline
2025-04-29 10:35:19,702 [WARNING] داده‌های OHLC برای BNBUSDT دریافت نشد
2025-04-29 10:35:19,702 [ERROR] خطای درخواست برای XRPUSDT: Failed to parse: [invalid url, do not cite]/v4/public/kline
2025-04-29 10:35:19,702 [WARNING] داده‌های OHLC برای XRPUSDT دریافت نشد
2025-04-29 10:35:19,703 [ERROR] خطای درخواست برای ADAUSDT: Failed to parse: [invalid url, do not cite]/v4/public/kline
2025-04-29 10:35:19,704 [WARNING] داده‌های OHLC برای ADAUSDT دریافت نشد
2025-04-29 10:35:19,704 [INFO] انتظار برای چرخه بعدی (15 دقیقه)
2025-04-29 10:39:19,811 [INFO] مقداردهی اولیه XT API انجام شد
2025-04-29 10:39:22,158 [INFO] بات SIGNAL-BOT با موفقیت شروع شد
2025-04-29 10:39:22,158 [ERROR] خطای درخواست برای BTCUSDT: Failed to parse: [invalid url, do not cite]/v4/public/kline
2025-04-29 10:39:22,158 [WARNING] داده‌های OHLC برای BTCUSDT دریافت نشد
2025-04-29 10:39:22,159 [ERROR] خطای درخواست برای ETHUSDT: Failed to parse: [invalid url, do not cite]/v4/public/kline
2025-04-29 10:39:22,160 [WARNING] داده‌های OHLC برای ETHUSDT دریافت نشد
2025-04-29 10:39:22,160 [ERROR] خطای درخواست برای BNBUSDT: Failed to parse: [invalid url, do not cite]/v4/public/kline
2025-04-29 10:39:22,160 [WARNING] داده‌های OHLC برای BNBUSDT دریافت نشد
2025-04-29 10:39:22,161 [ERROR] خطای درخواست برای XRPUSDT: Failed to parse: [invalid url, do not cite]/v4/public/kline
2025-04-29 10:39:22,161 [WARNING] داده‌های OHLC برای XRPUSDT دریافت نشد
2025-04-29 10:39:22,162 [ERROR] خطای درخواست برای ADAUSDT: Failed to parse: [invalid url, do not cite]/v4/public/kline
2025-04-29 10:39:22,162 [WARNING] داده‌های OHLC برای ADAUSDT دریافت نشد
2025-04-29 10:39:22,162 [INFO] انتظار برای چرخه بعدی (15 دقیقه)
2025-04-29 11:09:01,159 [INFO] مقداردهی اولیه XT API برای بازار اسپات انجام شد
2025-04-29 11:09:03,456 [INFO] بات SIGNAL-BOT با موفقیت شروع شد
2025-04-29 11:09:04,140 [ERROR] خطای HTTP برای BTCUSDT: 503 Server Error: Service Temporarily Unavailable for url: https://api.xt.com/v4/public/kline?symbol=BTCUSDT&interval=15m&limit=100
2025-04-29 11:09:04,143 [WARNING] داده‌های OHLC برای BTCUSDT دریافت نشد
2025-04-29 11:09:04,917 [ERROR] خطای HTTP برای ETHUSDT: 503 Server Error: Service Temporarily Unavailable for url: https://api.xt.com/v4/public/kline?symbol=ETHUSDT&interval=15m&limit=100
2025-04-29 11:09:04,919 [WARNING] داده‌های OHLC برای ETHUSDT دریافت نشد
2025-04-29 11:09:05,917 [ERROR] خطای HTTP برای BNBUSDT: 503 Server Error: Service Temporarily Unavailable for url: https://api.xt.com/v4/public/kline?symbol=BNBUSDT&interval=15m&limit=100
2025-04-29 11:09:05,918 [WARNING] داده‌های OHLC برای BNBUSDT دریافت نشد
2025-04-29 11:09:06,674 [ERROR] خطای HTTP برای XRPUSDT: 503 Server Error: Service Temporarily Unavailable for url: https://api.xt.com/v4/public/kline?symbol=XRPUSDT&interval=15m&limit=100
2025-04-29 11:09:06,675 [WARNING] داده‌های OHLC برای XRPUSDT دریافت نشد
2025-04-29 11:09:07,268 [ERROR] خطای HTTP برای ADAUSDT: 503 Server Error: Service Temporarily Unavailable for url: https://api.xt.com/v4/public/kline?symbol=ADAUSDT&interval=15m&limit=100
2025-04-29 11:09:07,270 [WARNING] داده‌های OHLC برای ADAUSDT دریافت نشد
2025-04-29 11:09:07,270 [INFO] انتظار برای چرخه بعدی (15 دقیقه)
2025-04-29 12:58:12,679 [INFO] مقداردهی اولیه XT API برای بازار اسپات انجام شد
2025-04-29 12:58:14,470 [INFO] بات SIGNAL-BOT با موفقیت شروع شد
2025-04-29 12:58:15,257 [ERROR] خطای HTTP برای BTCUSDT: 503 Server Error: Service Temporarily Unavailable for url: https://api.xt.com/v4/public/kline?symbol=BTCUSDT&interval=15m&limit=100
2025-04-29 12:58:15,258 [WARNING] داده‌های OHLC برای BTCUSDT دریافت نشد
2025-04-29 12:58:15,845 [ERROR] خطای HTTP برای ETHUSDT: 503 Server Error: Service Temporarily Unavailable for url: https://api.xt.com/v4/public/kline?symbol=ETHUSDT&interval=15m&limit=100
2025-04-29 12:58:15,847 [WARNING] داده‌های OHLC برای ETHUSDT دریافت نشد
2025-04-29 12:58:16,742 [ERROR] خطای HTTP برای BNBUSDT: 503 Server Error: Service Temporarily Unavailable for url: https://api.xt.com/v4/public/kline?symbol=BNBUSDT&interval=15m&limit=100
2025-04-29 12:58:16,744 [WARNING] داده‌های OHLC برای BNBUSDT دریافت نشد
2025-04-29 12:58:17,355 [ERROR] خطای HTTP برای XRPUSDT: 503 Server Error: Service Temporarily Unavailable for url: https://api.xt.com/v4/public/kline?symbol=XRPUSDT&interval=15m&limit=100
2025-04-29 12:58:17,355 [WARNING] داده‌های OHLC برای XRPUSDT دریافت نشد
2025-04-29 12:58:17,940 [ERROR] خطای HTTP برای ADAUSDT: 503 Server Error: Service Temporarily Unavailable for url: https://api.xt.com/v4/public/kline?symbol=ADAUSDT&interval=15m&limit=100
2025-04-29 12:58:17,940 [WARNING] داده‌های OHLC برای ADAUSDT دریافت نشد
2025-04-29 12:58:17,942 [INFO] انتظار برای چرخه بعدی (15 دقیقه)
2025-04-29 12:59:11,422 [INFO] مقداردهی اولیه XT API برای بازار اسپات انجام شد
2025-04-29 12:59:13,216 [INFO] بات SIGNAL-BOT با موفقیت شروع شد
2025-04-29 12:59:14,001 [ERROR] خطای HTTP برای BTCUSDT: 503 Server Error: Service Temporarily Unavailable for url: https://api.xt.com/v4/public/kline?symbol=BTCUSDT&interval=15m&limit=100
2025-04-29 12:59:14,002 [WARNING] داده‌های OHLC برای BTCUSDT دریافت نشد
2025-04-29 12:59:14,762 [ERROR] خطای HTTP برای ETHUSDT: 503 Server Error: Service Temporarily Unavailable for url: https://api.xt.com/v4/public/kline?symbol=ETHUSDT&interval=15m&limit=100
2025-04-29 12:59:14,762 [WARNING] داده‌های OHLC برای ETHUSDT دریافت نشد
2025-04-29 12:59:15,538 [ERROR] خطای HTTP برای BNBUSDT: 503 Server Error: Service Temporarily Unavailable for url: https://api.xt.com/v4/public/kline?symbol=BNBUSDT&interval=15m&limit=100
2025-04-29 12:59:15,539 [WARNING] داده‌های OHLC برای BNBUSDT دریافت نشد
2025-04-29 12:59:16,132 [ERROR] خطای HTTP برای XRPUSDT: 503 Server Error: Service Temporarily Unavailable for url: https://api.xt.com/v4/public/kline?symbol=XRPUSDT&interval=15m&limit=100
2025-04-29 12:59:16,133 [WARNING] داده‌های OHLC برای XRPUSDT دریافت نشد
2025-04-29 12:59:16,737 [ERROR] خطای HTTP برای ADAUSDT: 503 Server Error: Service Temporarily Unavailable for url: https://api.xt.com/v4/public/kline?symbol=ADAUSDT&interval=15m&limit=100
2025-04-29 12:59:16,738 [WARNING] داده‌های OHLC برای ADAUSDT دریافت نشد
2025-04-29 12:59:16,740 [INFO] انتظار برای چرخه بعدی (15 دقیقه)
2025-04-29 13:04:37,864 [INFO] مقداردهی اولیه XT API برای بازار اسپات انجام شد
2025-04-29 13:04:39,704 [INFO] بات SIGNAL-BOT با موفقیت شروع شد
2025-04-29 13:04:40,494 [ERROR] خطای HTTP برای BTCUSDT: 503 Server Error: Service Temporarily Unavailable for url: https://api.xt.com/v4/public/kline?symbol=BTCUSDT&interval=15m&limit=100
2025-04-29 13:04:40,496 [WARNING] داده‌های OHLC برای BTCUSDT دریافت نشد
2025-04-29 13:04:42,119 [ERROR] خطای HTTP برای ETHUSDT: 503 Server Error: Service Temporarily Unavailable for url: https://api.xt.com/v4/public/kline?symbol=ETHUSDT&interval=15m&limit=100
2025-04-29 13:04:42,121 [WARNING] داده‌های OHLC برای ETHUSDT دریافت نشد
2025-04-29 13:04:42,748 [ERROR] خطای HTTP برای BNBUSDT: 503 Server Error: Service Temporarily Unavailable for url: https://api.xt.com/v4/public/kline?symbol=BNBUSDT&interval=15m&limit=100
2025-04-29 13:04:42,749 [WARNING] داده‌های OHLC برای BNBUSDT دریافت نشد
2025-04-29 13:04:43,365 [ERROR] خطای HTTP برای XRPUSDT: 503 Server Error: Service Temporarily Unavailable for url: https://api.xt.com/v4/public/kline?symbol=XRPUSDT&interval=15m&limit=100
2025-04-29 13:04:43,366 [WARNING] داده‌های OHLC برای XRPUSDT دریافت نشد
2025-04-29 13:04:43,989 [ERROR] خطای HTTP برای ADAUSDT: 503 Server Error: Service Temporarily Unavailable for url: https://api.xt.com/v4/public/kline?symbol=ADAUSDT&interval=15m&limit=100
2025-04-29 13:04:43,990 [WARNING] داده‌های OHLC برای ADAUSDT دریافت نشد
2025-04-29 13:04:44,621 [ERROR] خطای HTTP برای SOLUSDT: 503 Server Error: Service Temporarily Unavailable for url: https://api.xt.com/v4/public/kline?symbol=SOLUSDT&interval=15m&limit=100
2025-04-29 13:04:44,622 [WARNING] داده‌های OHLC برای SOLUSDT دریافت نشد
2025-04-29 13:04:45,384 [ERROR] خطای HTTP برای DOTUSDT: 503 Server Error: Service Temporarily Unavailable for url: https://api.xt.com/v4/public/kline?symbol=DOTUSDT&interval=15m&limit=100
2025-04-29 13:04:45,385 [WARNING] داده‌های OHLC برای DOTUSDT دریافت نشد
2025-04-29 13:04:46,165 [ERROR] خطای HTTP برای DOGEUSDT: 503 Server Error: Service Temporarily Unavailable for url: https://api.xt.com/v4/public/kline?symbol=DOGEUSDT&interval=15m&limit=100
2025-04-29 13:04:46,165 [WARNING] داده‌های OHLC برای DOGEUSDT دریافت نشد
2025-04-29 13:04:46,773 [ERROR] خطای HTTP برای AVAXUSDT: 503 Server Error: Service Temporarily Unavailable for url: https://api.xt.com/v4/public/kline?symbol=AVAXUSDT&interval=15m&limit=100
2025-04-29 13:04:46,775 [WARNING] داده‌های OHLC برای AVAXUSDT دریافت نشد
2025-04-29 13:04:47,390 [ERROR] خطای HTTP برای MATICUSDT: 503 Server Error: Service Temporarily Unavailable for url: https://api.xt.com/v4/public/kline?symbol=MATICUSDT&interval=15m&limit=100
2025-04-29 13:04:47,391 [WARNING] داده‌های OHLC برای MATICUSDT دریافت نشد
2025-04-29 13:04:47,395 [INFO] انتظار برای چرخه بعدی (15 دقیقه)
2025-04-29 13:12:21,713 [INFO] مقداردهی اولیه XT API برای بازار اسپات انجام شد
2025-04-29 13:12:23,489 [INFO] بات SIGNAL-BOT با موفقیت شروع شد
2025-04-29 13:12:24,321 [ERROR] خطای HTTP برای BTCUSDT: 503 Server Error: Service Temporarily Unavailable for url: https://api.xt.com/v4/public/kline?symbol=BTCUSDT&interval=15m&limit=100
2025-04-29 13:12:24,323 [WARNING] داده‌های OHLC برای BTCUSDT دریافت نشد
2025-04-29 13:12:25,101 [ERROR] خطای HTTP برای ETHUSDT: 503 Server Error: Service Temporarily Unavailable for url: https://api.xt.com/v4/public/kline?symbol=ETHUSDT&interval=15m&limit=100
2025-04-29 13:12:25,101 [WARNING] داده‌های OHLC برای ETHUSDT دریافت نشد
2025-04-29 13:12:25,698 [ERROR] خطای HTTP برای BNBUSDT: 503 Server Error: Service Temporarily Unavailable for url: https://api.xt.com/v4/public/kline?symbol=BNBUSDT&interval=15m&limit=100
2025-04-29 13:12:25,699 [WARNING] داده‌های OHLC برای BNBUSDT دریافت نشد
2025-04-29 13:12:26,475 [ERROR] خطای HTTP برای XRPUSDT: 503 Server Error: Service Temporarily Unavailable for url: https://api.xt.com/v4/public/kline?symbol=XRPUSDT&interval=15m&limit=100
2025-04-29 13:12:26,476 [WARNING] داده‌های OHLC برای XRPUSDT دریافت نشد
2025-04-29 13:12:27,095 [ERROR] خطای HTTP برای ADAUSDT: 503 Server Error: Service Temporarily Unavailable for url: https://api.xt.com/v4/public/kline?symbol=ADAUSDT&interval=15m&limit=100
2025-04-29 13:12:27,097 [WARNING] داده‌های OHLC برای ADAUSDT دریافت نشد
2025-04-29 13:12:27,755 [ERROR] خطای HTTP برای SOLUSDT: 503 Server Error: Service Temporarily Unavailable for url: https://api.xt.com/v4/public/kline?symbol=SOLUSDT&interval=15m&limit=100
2025-04-29 13:12:27,757 [WARNING] داده‌های OHLC برای SOLUSDT دریافت نشد
2025-04-29 13:12:28,392 [ERROR] خطای HTTP برای DOTUSDT: 503 Server Error: Service Temporarily Unavailable for url: https://api.xt.com/v4/public/kline?symbol=DOTUSDT&interval=15m&limit=100
2025-04-29 13:12:28,394 [WARNING] داده‌های OHLC برای DOTUSDT دریافت نشد
2025-04-29 13:12:29,006 [ERROR] خطای HTTP برای DOGEUSDT: 503 Server Error: Service Temporarily Unavailable for url: https://api.xt.com/v4/public/kline?symbol=DOGEUSDT&interval=15m&limit=100
2025-04-29 13:12:29,006 [WARNING] داده‌های OHLC برای DOGEUSDT دریافت نشد
2025-04-29 13:12:29,625 [ERROR] خطای HTTP برای AVAXUSDT: 503 Server Error: Service Temporarily Unavailable for url: https://api.xt.com/v4/public/kline?symbol=AVAXUSDT&interval=15m&limit=100
2025-04-29 13:12:29,626 [WARNING] داده‌های OHLC برای AVAXUSDT دریافت نشد
2025-04-29 13:12:30,227 [ERROR] خطای HTTP برای MATICUSDT: 503 Server Error: Service Temporarily Unavailable for url: https://api.xt.com/v4/public/kline?symbol=MATICUSDT&interval=15m&limit=100
2025-04-29 13:12:30,228 [WARNING] داده‌های OHLC برای MATICUSDT دریافت نشد
2025-04-29 13:12:30,230 [INFO] انتظار برای چرخه بعدی (15 دقیقه)
2025-04-29 22:31:21,370 [INFO] مقداردهی اولیه XT API برای بازار اسپات انجام شد
2025-04-29 22:31:23,652 [INFO] بات SIGNAL-BOT با موفقیت شروع شد
2025-04-29 22:31:24,417 [WARNING] خطای 503 برای BTCUSDT. تلاش مجدد 1/3 پس از 5 ثانیه...
2025-04-29 22:31:30,153 [WARNING] خطای 503 برای BTCUSDT. تلاش مجدد 2/3 پس از 5 ثانیه...
2025-04-29 22:31:36,038 [WARNING] خطای 503 برای BTCUSDT. تلاش مجدد 3/3 پس از 5 ثانیه...
2025-04-29 22:31:41,040 [ERROR] تلاش‌ها برای BTCUSDT ناموفق بود پس از 3 بار
2025-04-29 22:31:41,041 [WARNING] داده‌های OHLC برای BTCUSDT دریافت نشد
2025-04-29 22:31:41,824 [WARNING] خطای 503 برای ETHUSDT. تلاش مجدد 1/3 پس از 5 ثانیه...
2025-04-29 22:31:47,613 [WARNING] خطای 503 برای ETHUSDT. تلاش مجدد 2/3 پس از 5 ثانیه...
2025-04-29 22:31:53,397 [WARNING] خطای 503 برای ETHUSDT. تلاش مجدد 3/3 پس از 5 ثانیه...
2025-04-29 22:31:58,398 [ERROR] تلاش‌ها برای ETHUSDT ناموفق بود پس از 3 بار
2025-04-29 22:31:58,399 [WARNING] داده‌های OHLC برای ETHUSDT دریافت نشد
2025-04-29 22:31:59,176 [WARNING] خطای 503 برای BNBUSDT. تلاش مجدد 1/3 پس از 5 ثانیه...
2025-04-29 22:32:04,832 [WARNING] خطای 503 برای BNBUSDT. تلاش مجدد 2/3 پس از 5 ثانیه...
2025-04-29 22:32:10,698 [WARNING] خطای 503 برای BNBUSDT. تلاش مجدد 3/3 پس از 5 ثانیه...
2025-04-29 22:32:15,699 [ERROR] تلاش‌ها برای BNBUSDT ناموفق بود پس از 3 بار
2025-04-29 22:32:15,700 [WARNING] داده‌های OHLC برای BNBUSDT دریافت نشد
2025-04-29 22:32:16,527 [WARNING] خطای 503 برای XRPUSDT. تلاش مجدد 1/3 پس از 5 ثانیه...
2025-04-29 22:32:22,302 [WARNING] خطای 503 برای XRPUSDT. تلاش مجدد 2/3 پس از 5 ثانیه...
2025-04-29 22:32:28,607 [WARNING] خطای 503 برای XRPUSDT. تلاش مجدد 3/3 پس از 5 ثانیه...
2025-04-29 22:32:33,609 [ERROR] تلاش‌ها برای XRPUSDT ناموفق بود پس از 3 بار
2025-04-29 22:32:33,610 [WARNING] داده‌های OHLC برای XRPUSDT دریافت نشد
2025-04-29 22:32:34,417 [WARNING] خطای 503 برای ADAUSDT. تلاش مجدد 1/3 پس از 5 ثانیه...
2025-04-29 22:32:40,498 [WARNING] خطای 503 برای ADAUSDT. تلاش مجدد 2/3 پس از 5 ثانیه...
2025-04-29 22:32:58,540 [WARNING] خطای 503 برای ADAUSDT. تلاش مجدد 3/3 پس از 5 ثانیه...
2025-04-29 22:33:03,542 [ERROR] تلاش‌ها برای ADAUSDT ناموفق بود پس از 3 بار
2025-04-29 22:33:03,543 [WARNING] داده‌های OHLC برای ADAUSDT دریافت نشد
2025-04-29 22:33:04,355 [WARNING] خطای 503 برای SOLUSDT. تلاش مجدد 1/3 پس از 5 ثانیه...
2025-04-29 22:33:10,087 [WARNING] خطای 503 برای SOLUSDT. تلاش مجدد 2/3 پس از 5 ثانیه...
2025-04-29 22:33:15,796 [WARNING] خطای 503 برای SOLUSDT. تلاش مجدد 3/3 پس از 5 ثانیه...
2025-04-29 22:33:20,799 [ERROR] تلاش‌ها برای SOLUSDT ناموفق بود پس از 3 بار
2025-04-29 22:33:20,799 [WARNING] داده‌های OHLC برای SOLUSDT دریافت نشد
2025-04-29 22:33:21,559 [WARNING] خطای 503 برای DOTUSDT. تلاش مجدد 1/3 پس از 5 ثانیه...
2025-04-29 22:33:27,407 [WARNING] خطای 503 برای DOTUSDT. تلاش مجدد 2/3 پس از 5 ثانیه...
2025-04-29 22:33:33,232 [WARNING] خطای 503 برای DOTUSDT. تلاش مجدد 3/3 پس از 5 ثانیه...
2025-04-29 22:33:38,233 [ERROR] تلاش‌ها برای DOTUSDT ناموفق بود پس از 3 بار
2025-04-29 22:33:38,234 [WARNING] داده‌های OHLC برای DOTUSDT دریافت نشد
2025-04-29 22:33:38,991 [WARNING] خطای 503 برای DOGEUSDT. تلاش مجدد 1/3 پس از 5 ثانیه...
2025-04-29 22:33:44,748 [WARNING] خطای 503 برای DOGEUSDT. تلاش مجدد 2/3 پس از 5 ثانیه...
2025-04-29 22:33:50,489 [WARNING] خطای 503 برای DOGEUSDT. تلاش مجدد 3/3 پس از 5 ثانیه...
2025-04-29 22:33:55,491 [ERROR] تلاش‌ها برای DOGEUSDT ناموفق بود پس از 3 بار
2025-04-29 22:33:55,491 [WARNING] داده‌های OHLC برای DOGEUSDT دریافت نشد
2025-04-29 22:33:56,270 [WARNING] خطای 503 برای AVAXUSDT. تلاش مجدد 1/3 پس از 5 ثانیه...
2025-04-29 22:34:02,069 [WARNING] خطای 503 برای AVAXUSDT. تلاش مجدد 2/3 پس از 5 ثانیه...
2025-04-29 22:34:07,804 [WARNING] خطای 503 برای AVAXUSDT. تلاش مجدد 3/3 پس از 5 ثانیه...
2025-04-29 22:34:12,806 [ERROR] تلاش‌ها برای AVAXUSDT ناموفق بود پس از 3 بار
2025-04-29 22:34:12,806 [WARNING] داده‌های OHLC برای AVAXUSDT دریافت نشد
2025-04-29 22:34:13,568 [WARNING] خطای 503 برای MATICUSDT. تلاش مجدد 1/3 پس از 5 ثانیه...
2025-04-29 22:34:19,332 [WARNING] خطای 503 برای MATICUSDT. تلاش مجدد 2/3 پس از 5 ثانیه...
2025-04-29 22:34:25,070 [WARNING] خطای 503 برای MATICUSDT. تلاش مجدد 3/3 پس از 5 ثانیه...
2025-04-29 22:34:30,071 [ERROR] تلاش‌ها برای MATICUSDT ناموفق بود پس از 3 بار
2025-04-29 22:34:30,071 [WARNING] داده‌های OHLC برای MATICUSDT دریافت نشد
2025-04-29 22:34:30,072 [INFO] انتظار برای چرخه بعدی (15 دقیقه)
2025-04-29 22:49:30,868 [WARNING] خطای 503 برای BTCUSDT. تلاش مجدد 1/3 پس از 5 ثانیه...
2025-04-29 22:49:36,605 [WARNING] خطای 503 برای BTCUSDT. تلاش مجدد 2/3 پس از 5 ثانیه...
2025-04-29 22:49:42,366 [WARNING] خطای 503 برای BTCUSDT. تلاش مجدد 3/3 پس از 5 ثانیه...
2025-04-29 22:49:47,368 [ERROR] تلاش‌ها برای BTCUSDT ناموفق بود پس از 3 بار
2025-04-29 22:49:47,368 [WARNING] داده‌های OHLC برای BTCUSDT دریافت نشد
2025-04-29 22:49:48,116 [WARNING] خطای 503 برای ETHUSDT. تلاش مجدد 1/3 پس از 5 ثانیه...
2025-04-29 22:49:53,849 [WARNING] خطای 503 برای ETHUSDT. تلاش مجدد 2/3 پس از 5 ثانیه...
2025-04-29 22:49:59,600 [WARNING] خطای 503 برای ETHUSDT. تلاش مجدد 3/3 پس از 5 ثانیه...
2025-04-29 22:50:04,601 [ERROR] تلاش‌ها برای ETHUSDT ناموفق بود پس از 3 بار
2025-04-29 22:50:04,602 [WARNING] داده‌های OHLC برای ETHUSDT دریافت نشد
2025-04-29 22:50:05,354 [WARNING] خطای 503 برای BNBUSDT. تلاش مجدد 1/3 پس از 5 ثانیه...
2025-04-29 22:50:11,108 [WARNING] خطای 503 برای BNBUSDT. تلاش مجدد 2/3 پس از 5 ثانیه...
2025-04-29 22:50:16,864 [WARNING] خطای 503 برای BNBUSDT. تلاش مجدد 3/3 پس از 5 ثانیه...
2025-04-29 22:50:21,865 [ERROR] تلاش‌ها برای BNBUSDT ناموفق بود پس از 3 بار
2025-04-29 22:50:21,866 [WARNING] داده‌های OHLC برای BNBUSDT دریافت نشد
2025-04-29 22:50:22,633 [WARNING] خطای 503 برای XRPUSDT. تلاش مجدد 1/3 پس از 5 ثانیه...
2025-04-29 22:50:28,381 [WARNING] خطای 503 برای XRPUSDT. تلاش مجدد 2/3 پس از 5 ثانیه...
2025-04-29 22:50:34,161 [WARNING] خطای 503 برای XRPUSDT. تلاش مجدد 3/3 پس از 5 ثانیه...
2025-04-29 22:50:39,162 [ERROR] تلاش‌ها برای XRPUSDT ناموفق بود پس از 3 بار
2025-04-29 22:50:39,163 [WARNING] داده‌های OHLC برای XRPUSDT دریافت نشد
2025-04-29 22:50:39,927 [WARNING] خطای 503 برای ADAUSDT. تلاش مجدد 1/3 پس از 5 ثانیه...
2025-04-29 22:50:45,711 [WARNING] خطای 503 برای ADAUSDT. تلاش مجدد 2/3 پس از 5 ثانیه...
2025-04-29 22:50:51,497 [WARNING] خطای 503 برای ADAUSDT. تلاش مجدد 3/3 پس از 5 ثانیه...
2025-04-29 22:50:56,499 [ERROR] تلاش‌ها برای ADAUSDT ناموفق بود پس از 3 بار
2025-04-29 22:50:56,500 [WARNING] داده‌های OHLC برای ADAUSDT دریافت نشد
2025-04-29 22:50:57,237 [WARNING] خطای 503 برای SOLUSDT. تلاش مجدد 1/3 پس از 5 ثانیه...
2025-04-29 22:51:02,997 [WARNING] خطای 503 برای SOLUSDT. تلاش مجدد 2/3 پس از 5 ثانیه...
2025-04-29 22:51:08,779 [WARNING] خطای 503 برای SOLUSDT. تلاش مجدد 3/3 پس از 5 ثانیه...
2025-04-29 22:51:13,781 [ERROR] تلاش‌ها برای SOLUSDT ناموفق بود پس از 3 بار
2025-04-29 22:51:13,782 [WARNING] داده‌های OHLC برای SOLUSDT دریافت نشد
2025-04-29 22:51:14,555 [WARNING] خطای 503 برای DOTUSDT. تلاش مجدد 1/3 پس از 5 ثانیه...
2025-04-29 22:51:20,302 [WARNING] خطای 503 برای DOTUSDT. تلاش مجدد 2/3 پس از 5 ثانیه...
2025-04-29 22:51:26,070 [WARNING] خطای 503 برای DOTUSDT. تلاش مجدد 3/3 پس از 5 ثانیه...
2025-04-29 22:51:31,071 [ERROR] تلاش‌ها برای DOTUSDT ناموفق بود پس از 3 بار
2025-04-29 22:51:31,072 [WARNING] داده‌های OHLC برای DOTUSDT دریافت نشد
2025-04-29 22:51:31,957 [WARNING] خطای 503 برای DOGEUSDT. تلاش مجدد 1/3 پس از 5 ثانیه...
2025-04-29 22:51:38,718 [WARNING] خطای 503 برای DOGEUSDT. تلاش مجدد 2/3 پس از 5 ثانیه...
2025-04-29 22:51:44,466 [WARNING] خطای 503 برای DOGEUSDT. تلاش مجدد 3/3 پس از 5 ثانیه...
2025-04-29 22:51:49,467 [ERROR] تلاش‌ها برای DOGEUSDT ناموفق بود پس از 3 بار
2025-04-29 22:51:49,468 [WARNING] داده‌های OHLC برای DOGEUSDT دریافت نشد
2025-04-29 22:51:50,214 [WARNING] خطای 503 برای AVAXUSDT. تلاش مجدد 1/3 پس از 5 ثانیه...
2025-04-29 22:51:55,983 [WARNING] خطای 503 برای AVAXUSDT. تلاش مجدد 2/3 پس از 5 ثانیه...
2025-04-29 22:52:01,732 [WARNING] خطای 503 برای AVAXUSDT. تلاش مجدد 3/3 پس از 5 ثانیه...
2025-04-29 22:52:06,733 [ERROR] تلاش‌ها برای AVAXUSDT ناموفق بود پس از 3 بار
2025-04-29 22:52:06,734 [WARNING] داده‌های OHLC برای AVAXUSDT دریافت نشد
2025-04-29 22:52:07,312 [WARNING] خطای 503 برای MATICUSDT. تلاش مجدد 1/3 پس از 5 ثانیه...
2025-04-29 22:52:13,096 [WARNING] خطای 503 برای MATICUSDT. تلاش مجدد 2/3 پس از 5 ثانیه...
2025-04-29 22:52:19,127 [WARNING] خطای 503 برای MATICUSDT. تلاش مجدد 3/3 پس از 5 ثانیه...
2025-04-29 22:52:24,129 [ERROR] تلاش‌ها برای MATICUSDT ناموفق بود پس از 3 بار
2025-04-29 22:52:24,129 [WARNING] داده‌های OHLC برای MATICUSDT دریافت نشد
2025-04-29 22:52:24,131 [INFO] انتظار برای چرخه بعدی (15 دقیقه)
2025-04-29 23:03:03,258 [INFO] مقداردهی اولیه XT API برای بازار اسپات انجام شد
2025-04-29 23:03:05,055 [INFO] بات SIGNAL-BOT با موفقیت شروع شد
2025-04-29 23:03:05,970 [WARNING] خطای 503 برای BTCUSDT. تلاش مجدد 1/3 پس از 5 ثانیه...
2025-04-29 23:03:11,822 [WARNING] خطای 503 برای BTCUSDT. تلاش مجدد 2/3 پس از 5 ثانیه...
2025-04-29 23:03:17,614 [WARNING] خطای 503 برای BTCUSDT. تلاش مجدد 3/3 پس از 5 ثانیه...
2025-04-29 23:03:22,615 [ERROR] تلاش‌ها برای BTCUSDT ناموفق بود پس از 3 بار
2025-04-29 23:03:22,616 [WARNING] داده‌های OHLC برای BTCUSDT دریافت نشد
2025-04-29 23:03:23,421 [WARNING] خطای 503 برای ETHUSDT. تلاش مجدد 1/3 پس از 5 ثانیه...
2025-04-29 23:03:29,165 [WARNING] خطای 503 برای ETHUSDT. تلاش مجدد 2/3 پس از 5 ثانیه...
2025-04-30 00:18:35,952 [INFO] مقداردهی اولیه بات تلگرام انجام شد
2025-04-30 00:18:35,955 [INFO] پیام به تلگرام ارسال شد: سیگنال برای TEST
نوع: BUY
قیمت: 100
زمان: 1234567890
2025-04-30 00:18:35,956 [INFO] سیگنال تستی با موفقیت ارسال شد
2025-04-30 00:18:59,676 [INFO] مقداردهی اولیه بات تلگرام انجام شد
2025-04-30 00:18:59,679 [INFO] پیام به تلگرام ارسال شد: سیگنال برای TEST
نوع: BUY
قیمت: 100
زمان: 1234567890
2025-04-30 00:18:59,679 [INFO] سیگنال تستی با موفقیت ارسال شد
2025-04-30 00:19:12,391 [INFO] مقداردهی اولیه بات تلگرام انجام شد
2025-04-30 00:19:12,393 [INFO] پیام به تلگرام ارسال شد: سیگنال برای TEST
نوع: BUY
قیمت: 100
زمان: 1234567890
2025-04-30 00:19:12,395 [INFO] سیگنال تستی با موفقیت ارسال شد
2025-04-30 00:23:55,656 [INFO] مقداردهی اولیه بات تلگرام انجام شد
2025-04-30 00:23:55,659 [INFO] پیام به تلگرام ارسال شد: سیگنال برای TEST
نوع: BUY
قیمت: 100
زمان: 1234567890
2025-04-30 00:23:55,660 [INFO] سیگنال تستی با موفقیت ارسال شد
2025-04-30 00:25:20,592 [INFO] مقداردهی اولیه بات تلگرام انجام شد
2025-04-30 00:25:20,595 [INFO] پیام به تلگرام ارسال شد: سیگنال برای TEST
نوع: BUY
قیمت: 100
زمان: 1234567890
2025-04-30 00:25:20,595 [INFO] سیگنال تستی با موفقیت ارسال شد
2025-04-30 00:25:49,117 [INFO] مقداردهی اولیه بات تلگرام انجام شد
2025-04-30 00:25:49,119 [INFO] پیام به تلگرام ارسال شد: سیگنال برای TEST
نوع: BUY
قیمت: 100
زمان: 1234567890
2025-04-30 00:25:49,120 [INFO] سیگنال تستی با موفقیت ارسال شد
2025-04-30 00:33:35,124 [INFO] مقداردهی اولیه بات تلگرام انجام شد
2025-04-30 00:33:37,398 [ERROR] خطا در ارسال پیام به تلگرام: Unauthorized
2025-04-30 00:33:37,399 [ERROR] ارسال سیگنال تستی ناموفق بود
2025-04-30 00:48:45,087 [INFO] مقداردهی اولیه XT API برای بازار اسپات انجام شد
2025-04-30 00:48:46,918 [INFO] مقداردهی اولیه بات تلگرام انجام شد
2025-04-30 00:48:46,919 [INFO] مقداردهی اولیه استراتژی برای تست با JSONPlaceholder
2025-04-30 00:48:46,919 [INFO] بات SIGNAL-BOT با موفقیت شروع شد
2025-04-30 00:48:47,650 [ERROR] خطای HTTP برای BTCUSDT: 404 Client Error: Not Found for url: https://jsonplaceholder.typicode.com/v4/public/kline?symbol=BTCUSDT&interval=15m&limit=100
2025-04-30 00:48:47,651 [WARNING] داده‌های OHLC برای BTCUSDT دریافت نشد
2025-04-30 00:48:48,358 [ERROR] خطای HTTP برای ETHUSDT: 404 Client Error: Not Found for url: https://jsonplaceholder.typicode.com/v4/public/kline?symbol=ETHUSDT&interval=15m&limit=100
2025-04-30 00:48:48,359 [WARNING] داده‌های OHLC برای ETHUSDT دریافت نشد
2025-04-30 00:48:49,084 [ERROR] خطای HTTP برای BNBUSDT: 404 Client Error: Not Found for url: https://jsonplaceholder.typicode.com/v4/public/kline?symbol=BNBUSDT&interval=15m&limit=100
2025-04-30 00:48:49,085 [WARNING] داده‌های OHLC برای BNBUSDT دریافت نشد
2025-04-30 00:48:49,819 [ERROR] خطای HTTP برای XRPUSDT: 404 Client Error: Not Found for url: https://jsonplaceholder.typicode.com/v4/public/kline?symbol=XRPUSDT&interval=15m&limit=100
2025-04-30 00:48:49,819 [WARNING] داده‌های OHLC برای XRPUSDT دریافت نشد
2025-04-30 00:48:50,547 [ERROR] خطای HTTP برای ADAUSDT: 404 Client Error: Not Found for url: https://jsonplaceholder.typicode.com/v4/public/kline?symbol=ADAUSDT&interval=15m&limit=100
2025-04-30 00:48:50,547 [WARNING] داده‌های OHLC برای ADAUSDT دریافت نشد
2025-04-30 00:48:51,260 [ERROR] خطای HTTP برای SOLUSDT: 404 Client Error: Not Found for url: https://jsonplaceholder.typicode.com/v4/public/kline?symbol=SOLUSDT&interval=15m&limit=100
2025-04-30 00:48:51,262 [WARNING] داده‌های OHLC برای SOLUSDT دریافت نشد
2025-04-30 00:48:51,999 [ERROR] خطای HTTP برای DOTUSDT: 404 Client Error: Not Found for url: https://jsonplaceholder.typicode.com/v4/public/kline?symbol=DOTUSDT&interval=15m&limit=100
2025-04-30 00:48:52,001 [WARNING] داده‌های OHLC برای DOTUSDT دریافت نشد
2025-04-30 00:48:52,764 [ERROR] خطای HTTP برای DOGEUSDT: 404 Client Error: Not Found for url: https://jsonplaceholder.typicode.com/v4/public/kline?symbol=DOGEUSDT&interval=15m&limit=100
2025-04-30 00:48:52,765 [WARNING] داده‌های OHLC برای DOGEUSDT دریافت نشد
2025-04-30 00:48:53,496 [ERROR] خطای HTTP برای AVAXUSDT: 404 Client Error: Not Found for url: https://jsonplaceholder.typicode.com/v4/public/kline?symbol=AVAXUSDT&interval=15m&limit=100
2025-04-30 00:48:53,496 [WARNING] داده‌های OHLC برای AVAXUSDT دریافت نشد
2025-04-30 00:48:54,210 [ERROR] خطای HTTP برای MATICUSDT: 404 Client Error: Not Found for url: https://jsonplaceholder.typicode.com/v4/public/kline?symbol=MATICUSDT&interval=15m&limit=100
2025-04-30 00:48:54,211 [WARNING] داده‌های OHLC برای MATICUSDT دریافت نشد
2025-04-30 00:48:54,212 [INFO] انتظار برای چرخه بعدی (15 دقیقه)
2025-04-30 00:50:20,424 [INFO] بات به‌صورت دستی متوقف شد
2025-04-30 00:50:54,969 [INFO] مقداردهی اولیه XT API برای بازار اسپات انجام شد
2025-04-30 00:50:56,773 [INFO] مقداردهی اولیه بات تلگرام انجام شد
2025-04-30 00:50:56,775 [INFO] مقداردهی اولیه استراتژی برای تست با JSONPlaceholder
2025-04-30 00:50:56,775 [INFO] بات SIGNAL-BOT با موفقیت شروع شد
2025-04-30 00:50:57,209 [ERROR] خطای HTTP برای BTCUSDT: 404 Client Error: Not Found for url: https://jsonplaceholder.typicode.com/v4/public/kline?symbol=BTCUSDT&interval=15m&limit=100
2025-04-30 00:50:57,210 [WARNING] داده‌های OHLC برای BTCUSDT دریافت نشد
2025-04-30 00:50:57,656 [ERROR] خطای HTTP برای ETHUSDT: 404 Client Error: Not Found for url: https://jsonplaceholder.typicode.com/v4/public/kline?symbol=ETHUSDT&interval=15m&limit=100
2025-04-30 00:50:57,657 [WARNING] داده‌های OHLC برای ETHUSDT دریافت نشد
2025-04-30 00:50:58,104 [ERROR] خطای HTTP برای BNBUSDT: 404 Client Error: Not Found for url: https://jsonplaceholder.typicode.com/v4/public/kline?symbol=BNBUSDT&interval=15m&limit=100
2025-04-30 00:50:58,105 [WARNING] داده‌های OHLC برای BNBUSDT دریافت نشد
2025-04-30 00:50:58,555 [ERROR] خطای HTTP برای XRPUSDT: 404 Client Error: Not Found for url: https://jsonplaceholder.typicode.com/v4/public/kline?symbol=XRPUSDT&interval=15m&limit=100
2025-04-30 00:50:58,556 [WARNING] داده‌های OHLC برای XRPUSDT دریافت نشد
2025-04-30 00:50:58,988 [ERROR] خطای HTTP برای ADAUSDT: 404 Client Error: Not Found for url: https://jsonplaceholder.typicode.com/v4/public/kline?symbol=ADAUSDT&interval=15m&limit=100
2025-04-30 00:50:58,989 [WARNING] داده‌های OHLC برای ADAUSDT دریافت نشد
2025-04-30 00:50:59,441 [ERROR] خطای HTTP برای SOLUSDT: 404 Client Error: Not Found for url: https://jsonplaceholder.typicode.com/v4/public/kline?symbol=SOLUSDT&interval=15m&limit=100
2025-04-30 00:50:59,442 [WARNING] داده‌های OHLC برای SOLUSDT دریافت نشد
2025-04-30 00:50:59,889 [ERROR] خطای HTTP برای DOTUSDT: 404 Client Error: Not Found for url: https://jsonplaceholder.typicode.com/v4/public/kline?symbol=DOTUSDT&interval=15m&limit=100
2025-04-30 00:50:59,890 [WARNING] داده‌های OHLC برای DOTUSDT دریافت نشد
2025-04-30 00:51:00,319 [ERROR] خطای HTTP برای DOGEUSDT: 404 Client Error: Not Found for url: https://jsonplaceholder.typicode.com/v4/public/kline?symbol=DOGEUSDT&interval=15m&limit=100
2025-04-30 00:51:00,319 [WARNING] داده‌های OHLC برای DOGEUSDT دریافت نشد
2025-04-30 00:51:00,761 [ERROR] خطای HTTP برای AVAXUSDT: 404 Client Error: Not Found for url: https://jsonplaceholder.typicode.com/v4/public/kline?symbol=AVAXUSDT&interval=15m&limit=100
2025-04-30 00:51:00,762 [WARNING] داده‌های OHLC برای AVAXUSDT دریافت نشد
2025-04-30 00:51:01,206 [ERROR] خطای HTTP برای MATICUSDT: 404 Client Error: Not Found for url: https://jsonplaceholder.typicode.com/v4/public/kline?symbol=MATICUSDT&interval=15m&limit=100
2025-04-30 00:51:01,207 [WARNING] داده‌های OHLC برای MATICUSDT دریافت نشد
2025-04-30 00:51:01,209 [INFO] انتظار برای چرخه بعدی (15 دقیقه)
2025-04-30 00:51:05,330 [INFO] بات به‌صورت دستی متوقف شد
2025-04-30 00:51:24,886 [INFO] مقداردهی اولیه XT API برای بازار اسپات انجام شد
2025-04-30 00:51:26,701 [INFO] مقداردهی اولیه بات تلگرام انجام شد
2025-04-30 00:51:26,702 [INFO] مقداردهی اولیه استراتژی برای تست با JSONPlaceholder
2025-04-30 00:51:26,702 [INFO] بات SIGNAL-BOT با موفقیت شروع شد
2025-04-30 00:51:27,136 [ERROR] خطای HTTP برای BTCUSDT: 404 Client Error: Not Found for url: https://jsonplaceholder.typicode.com/v4/public/kline?symbol=BTCUSDT&interval=15m&limit=100
2025-04-30 00:51:27,137 [WARNING] داده‌های OHLC برای BTCUSDT دریافت نشد
2025-04-30 00:51:27,610 [ERROR] خطای HTTP برای ETHUSDT: 404 Client Error: Not Found for url: https://jsonplaceholder.typicode.com/v4/public/kline?symbol=ETHUSDT&interval=15m&limit=100
2025-04-30 00:51:27,611 [WARNING] داده‌های OHLC برای ETHUSDT دریافت نشد
2025-04-30 00:51:28,054 [ERROR] خطای HTTP برای BNBUSDT: 404 Client Error: Not Found for url: https://jsonplaceholder.typicode.com/v4/public/kline?symbol=BNBUSDT&interval=15m&limit=100
2025-04-30 00:51:28,055 [WARNING] داده‌های OHLC برای BNBUSDT دریافت نشد
2025-04-30 00:51:28,497 [ERROR] خطای HTTP برای XRPUSDT: 404 Client Error: Not Found for url: https://jsonplaceholder.typicode.com/v4/public/kline?symbol=XRPUSDT&interval=15m&limit=100
2025-04-30 00:51:28,498 [WARNING] داده‌های OHLC برای XRPUSDT دریافت نشد
2025-04-30 00:51:28,935 [ERROR] خطای HTTP برای ADAUSDT: 404 Client Error: Not Found for url: https://jsonplaceholder.typicode.com/v4/public/kline?symbol=ADAUSDT&interval=15m&limit=100
2025-04-30 00:51:28,935 [WARNING] داده‌های OHLC برای ADAUSDT دریافت نشد
2025-04-30 00:51:29,365 [ERROR] خطای HTTP برای SOLUSDT: 404 Client Error: Not Found for url: https://jsonplaceholder.typicode.com/v4/public/kline?symbol=SOLUSDT&interval=15m&limit=100
2025-04-30 00:51:29,366 [WARNING] داده‌های OHLC برای SOLUSDT دریافت نشد
2025-04-30 00:51:29,824 [ERROR] خطای HTTP برای DOTUSDT: 404 Client Error: Not Found for url: https://jsonplaceholder.typicode.com/v4/public/kline?symbol=DOTUSDT&interval=15m&limit=100
2025-04-30 00:51:29,824 [WARNING] داده‌های OHLC برای DOTUSDT دریافت نشد
2025-04-30 00:51:30,286 [ERROR] خطای HTTP برای DOGEUSDT: 404 Client Error: Not Found for url: https://jsonplaceholder.typicode.com/v4/public/kline?symbol=DOGEUSDT&interval=15m&limit=100
2025-04-30 00:51:30,287 [WARNING] داده‌های OHLC برای DOGEUSDT دریافت نشد
2025-04-30 00:51:30,839 [ERROR] خطای HTTP برای AVAXUSDT: 404 Client Error: Not Found for url: https://jsonplaceholder.typicode.com/v4/public/kline?symbol=AVAXUSDT&interval=15m&limit=100
2025-04-30 00:51:30,840 [WARNING] داده‌های OHLC برای AVAXUSDT دریافت نشد
2025-04-30 00:51:31,290 [ERROR] خطای HTTP برای MATICUSDT: 404 Client Error: Not Found for url: https://jsonplaceholder.typicode.com/v4/public/kline?symbol=MATICUSDT&interval=15m&limit=100
2025-04-30 00:51:31,291 [WARNING] داده‌های OHLC برای MATICUSDT دریافت نشد
2025-04-30 00:51:31,294 [INFO] انتظار برای چرخه بعدی (15 دقیقه)
2025-04-30 00:51:33,055 [INFO] بات به‌صورت دستی متوقف شد
2025-04-30 01:06:16,834 [INFO] مقداردهی اولیه بات تلگرام انجام شد
2025-04-30 01:06:17,313 [INFO] پیام به تلگرام ارسال شد: سیگنال برای TEST
نوع: BUY
قیمت: 100
زمان: 1234567890
2025-04-30 01:06:17,314 [INFO] سیگنال تستی با موفقیت ارسال شد
2025-04-30 01:06:39,636 [INFO] مقداردهی اولیه بات تلگرام انجام شد
2025-04-30 01:06:40,131 [INFO] پیام به تلگرام ارسال شد: سیگنال برای TEST
نوع: BUY
قیمت: 100
زمان: 1234567890
2025-04-30 01:06:40,132 [INFO] سیگنال تستی با موفقیت ارسال شد
2025-04-30 01:09:15,784 [INFO] مقداردهی اولیه XT API برای بازار اسپات انجام شد
2025-04-30 01:09:17,885 [INFO] مقداردهی اولیه بات تلگرام انجام شد
2025-04-30 01:09:17,886 [INFO] مقداردهی اولیه استراتژی برای تست با JSONPlaceholder
2025-04-30 01:09:17,887 [INFO] بات SIGNAL-BOT با موفقیت شروع شد
2025-04-30 01:09:18,532 [ERROR] خطای HTTP برای BTCUSDT: 404 Client Error: Not Found for url: https://jsonplaceholder.typicode.com/v4/public/kline?symbol=BTCUSDT&interval=15m&limit=100
2025-04-30 01:09:18,533 [WARNING] داده‌های OHLC برای BTCUSDT دریافت نشد
2025-04-30 01:09:18,972 [ERROR] خطای HTTP برای ETHUSDT: 404 Client Error: Not Found for url: https://jsonplaceholder.typicode.com/v4/public/kline?symbol=ETHUSDT&interval=15m&limit=100
2025-04-30 01:09:18,973 [WARNING] داده‌های OHLC برای ETHUSDT دریافت نشد
2025-04-30 01:09:19,409 [ERROR] خطای HTTP برای BNBUSDT: 404 Client Error: Not Found for url: https://jsonplaceholder.typicode.com/v4/public/kline?symbol=BNBUSDT&interval=15m&limit=100
2025-04-30 01:09:19,410 [WARNING] داده‌های OHLC برای BNBUSDT دریافت نشد
2025-04-30 01:09:19,879 [ERROR] خطای HTTP برای XRPUSDT: 404 Client Error: Not Found for url: https://jsonplaceholder.typicode.com/v4/public/kline?symbol=XRPUSDT&interval=15m&limit=100
2025-04-30 01:09:19,880 [WARNING] داده‌های OHLC برای XRPUSDT دریافت نشد
2025-04-30 01:09:20,353 [ERROR] خطای HTTP برای ADAUSDT: 404 Client Error: Not Found for url: https://jsonplaceholder.typicode.com/v4/public/kline?symbol=ADAUSDT&interval=15m&limit=100
2025-04-30 01:09:20,354 [WARNING] داده‌های OHLC برای ADAUSDT دریافت نشد
2025-04-30 01:09:20,808 [ERROR] خطای HTTP برای SOLUSDT: 404 Client Error: Not Found for url: https://jsonplaceholder.typicode.com/v4/public/kline?symbol=SOLUSDT&interval=15m&limit=100
2025-04-30 01:09:20,809 [WARNING] داده‌های OHLC برای SOLUSDT دریافت نشد
2025-04-30 01:09:21,294 [ERROR] خطای HTTP برای DOTUSDT: 404 Client Error: Not Found for url: https://jsonplaceholder.typicode.com/v4/public/kline?symbol=DOTUSDT&interval=15m&limit=100
2025-04-30 01:09:21,295 [WARNING] داده‌های OHLC برای DOTUSDT دریافت نشد
2025-04-30 01:09:21,736 [ERROR] خطای HTTP برای DOGEUSDT: 404 Client Error: Not Found for url: https://jsonplaceholder.typicode.com/v4/public/kline?symbol=DOGEUSDT&interval=15m&limit=100
2025-04-30 01:09:21,737 [WARNING] داده‌های OHLC برای DOGEUSDT دریافت نشد
2025-04-30 01:09:22,182 [ERROR] خطای HTTP برای AVAXUSDT: 404 Client Error: Not Found for url: https://jsonplaceholder.typicode.com/v4/public/kline?symbol=AVAXUSDT&interval=15m&limit=100
2025-04-30 01:09:22,184 [WARNING] داده‌های OHLC برای AVAXUSDT دریافت نشد
2025-04-30 01:09:22,615 [ERROR] خطای HTTP برای MATICUSDT: 404 Client Error: Not Found for url: https://jsonplaceholder.typicode.com/v4/public/kline?symbol=MATICUSDT&interval=15m&limit=100
2025-04-30 01:09:22,616 [WARNING] داده‌های OHLC برای MATICUSDT دریافت نشد
2025-04-30 01:09:22,619 [INFO] انتظار برای چرخه بعدی (15 دقیقه)
2025-04-30 01:10:18,177 [INFO] مقداردهی اولیه XT API برای بازار اسپات انجام شد
2025-04-30 01:10:20,005 [INFO] مقداردهی اولیه بات تلگرام انجام شد
2025-04-30 01:10:20,006 [INFO] مقداردهی اولیه استراتژی برای تست با JSONPlaceholder
2025-04-30 01:10:20,006 [INFO] بات SIGNAL-BOT با موفقیت شروع شد
2025-04-30 01:10:20,467 [ERROR] خطای HTTP برای BTCUSDT: 404 Client Error: Not Found for url: https://jsonplaceholder.typicode.com/v4/public/kline?symbol=BTCUSDT&interval=15m&limit=100
2025-04-30 01:10:20,467 [WARNING] داده‌های OHLC برای BTCUSDT دریافت نشد
2025-04-30 01:10:20,928 [ERROR] خطای HTTP برای ETHUSDT: 404 Client Error: Not Found for url: https://jsonplaceholder.typicode.com/v4/public/kline?symbol=ETHUSDT&interval=15m&limit=100
2025-04-30 01:10:20,929 [WARNING] داده‌های OHLC برای ETHUSDT دریافت نشد
2025-04-30 01:10:21,360 [ERROR] خطای HTTP برای BNBUSDT: 404 Client Error: Not Found for url: https://jsonplaceholder.typicode.com/v4/public/kline?symbol=BNBUSDT&interval=15m&limit=100
2025-04-30 01:10:21,361 [WARNING] داده‌های OHLC برای BNBUSDT دریافت نشد
2025-04-30 01:10:21,795 [ERROR] خطای HTTP برای XRPUSDT: 404 Client Error: Not Found for url: https://jsonplaceholder.typicode.com/v4/public/kline?symbol=XRPUSDT&interval=15m&limit=100
2025-04-30 01:10:21,796 [WARNING] داده‌های OHLC برای XRPUSDT دریافت نشد
2025-04-30 01:10:22,256 [ERROR] خطای HTTP برای ADAUSDT: 404 Client Error: Not Found for url: https://jsonplaceholder.typicode.com/v4/public/kline?symbol=ADAUSDT&interval=15m&limit=100
2025-04-30 01:10:22,257 [WARNING] داده‌های OHLC برای ADAUSDT دریافت نشد
2025-04-30 01:10:22,725 [ERROR] خطای HTTP برای SOLUSDT: 404 Client Error: Not Found for url: https://jsonplaceholder.typicode.com/v4/public/kline?symbol=SOLUSDT&interval=15m&limit=100
2025-04-30 01:10:22,726 [WARNING] داده‌های OHLC برای SOLUSDT دریافت نشد
2025-04-30 01:10:24,154 [ERROR] خطای HTTP برای DOTUSDT: 404 Client Error: Not Found for url: https://jsonplaceholder.typicode.com/v4/public/kline?symbol=DOTUSDT&interval=15m&limit=100
2025-04-30 01:10:24,155 [WARNING] داده‌های OHLC برای DOTUSDT دریافت نشد
2025-04-30 01:10:24,609 [ERROR] خطای HTTP برای DOGEUSDT: 404 Client Error: Not Found for url: https://jsonplaceholder.typicode.com/v4/public/kline?symbol=DOGEUSDT&interval=15m&limit=100
2025-04-30 01:10:24,611 [WARNING] داده‌های OHLC برای DOGEUSDT دریافت نشد
2025-04-30 01:10:25,057 [ERROR] خطای HTTP برای AVAXUSDT: 404 Client Error: Not Found for url: https://jsonplaceholder.typicode.com/v4/public/kline?symbol=AVAXUSDT&interval=15m&limit=100
2025-04-30 01:10:25,058 [WARNING] داده‌های OHLC برای AVAXUSDT دریافت نشد
2025-04-30 01:10:25,500 [ERROR] خطای HTTP برای MATICUSDT: 404 Client Error: Not Found for url: https://jsonplaceholder.typicode.com/v4/public/kline?symbol=MATICUSDT&interval=15m&limit=100
2025-04-30 01:10:25,502 [WARNING] داده‌های OHLC برای MATICUSDT دریافت نشد
2025-04-30 01:10:25,504 [INFO] انتظار برای چرخه بعدی (15 دقیقه)
2025-04-30 01:15:10,254 [INFO] مقداردهی اولیه XT API برای بازار اسپات انجام شد
2025-04-30 01:15:12,090 [INFO] مقداردهی اولیه بات تلگرام انجام شد
2025-04-30 01:15:12,091 [INFO] مقداردهی اولیه استراتژی برای تست با JSONPlaceholder
2025-04-30 01:15:12,092 [INFO] بات SIGNAL-BOT با موفقیت شروع شد
2025-04-30 01:15:12,540 [ERROR] خطای HTTP برای BTCUSDT: 404 Client Error: Not Found for url: https://jsonplaceholder.typicode.com/v4/public/kline?symbol=BTCUSDT&interval=15m&limit=100
2025-04-30 01:15:12,541 [WARNING] داده‌های OHLC برای BTCUSDT دریافت نشد
2025-04-30 01:15:12,973 [ERROR] خطای HTTP برای ETHUSDT: 404 Client Error: Not Found for url: https://jsonplaceholder.typicode.com/v4/public/kline?symbol=ETHUSDT&interval=15m&limit=100
2025-04-30 01:15:12,974 [WARNING] داده‌های OHLC برای ETHUSDT دریافت نشد
2025-04-30 01:15:13,425 [ERROR] خطای HTTP برای BNBUSDT: 404 Client Error: Not Found for url: https://jsonplaceholder.typicode.com/v4/public/kline?symbol=BNBUSDT&interval=15m&limit=100
2025-04-30 01:15:13,427 [WARNING] داده‌های OHLC برای BNBUSDT دریافت نشد
2025-04-30 01:15:13,847 [ERROR] خطای HTTP برای XRPUSDT: 404 Client Error: Not Found for url: https://jsonplaceholder.typicode.com/v4/public/kline?symbol=XRPUSDT&interval=15m&limit=100
2025-04-30 01:15:13,848 [WARNING] داده‌های OHLC برای XRPUSDT دریافت نشد
2025-04-30 01:15:14,307 [ERROR] خطای HTTP برای ADAUSDT: 404 Client Error: Not Found for url: https://jsonplaceholder.typicode.com/v4/public/kline?symbol=ADAUSDT&interval=15m&limit=100
2025-04-30 01:15:14,309 [WARNING] داده‌های OHLC برای ADAUSDT دریافت نشد
2025-04-30 01:15:14,725 [ERROR] خطای HTTP برای SOLUSDT: 404 Client Error: Not Found for url: https://jsonplaceholder.typicode.com/v4/public/kline?symbol=SOLUSDT&interval=15m&limit=100
2025-04-30 01:15:14,726 [WARNING] داده‌های OHLC برای SOLUSDT دریافت نشد
2025-04-30 01:15:15,219 [ERROR] خطای HTTP برای DOTUSDT: 404 Client Error: Not Found for url: https://jsonplaceholder.typicode.com/v4/public/kline?symbol=DOTUSDT&interval=15m&limit=100
2025-04-30 01:15:15,220 [WARNING] داده‌های OHLC برای DOTUSDT دریافت نشد
2025-04-30 01:15:15,671 [ERROR] خطای HTTP برای DOGEUSDT: 404 Client Error: Not Found for url: https://jsonplaceholder.typicode.com/v4/public/kline?symbol=DOGEUSDT&interval=15m&limit=100
2025-04-30 01:15:15,672 [WARNING] داده‌های OHLC برای DOGEUSDT دریافت نشد
2025-04-30 01:15:16,137 [ERROR] خطای HTTP برای AVAXUSDT: 404 Client Error: Not Found for url: https://jsonplaceholder.typicode.com/v4/public/kline?symbol=AVAXUSDT&interval=15m&limit=100
2025-04-30 01:15:16,138 [WARNING] داده‌های OHLC برای AVAXUSDT دریافت نشد
2025-04-30 01:15:16,602 [ERROR] خطای HTTP برای MATICUSDT: 404 Client Error: Not Found for url: https://jsonplaceholder.typicode.com/v4/public/kline?symbol=MATICUSDT&interval=15m&limit=100
2025-04-30 01:15:16,603 [WARNING] داده‌های OHLC برای MATICUSDT دریافت نشد
2025-04-30 01:15:16,606 [INFO] انتظار برای چرخه بعدی (15 دقیقه)
2025-04-30 01:19:45,895 [INFO] مقداردهی اولیه API برای تست انجام شد
2025-04-30 01:19:47,718 [INFO] مقداردهی اولیه بات تلگرام انجام شد
2025-04-30 01:19:47,719 [INFO] مقداردهی اولیه استراتژی برای تست با JSONPlaceholder
2025-04-30 01:19:47,719 [INFO] بات SIGNAL-BOT با موفقیت شروع شد
2025-04-30 01:19:48,171 [INFO] دریافت داده‌های تستی برای BTCUSDT
2025-04-30 01:19:48,172 [INFO] تولید سیگنال برای BTCUSDT با داده‌های تستی
2025-04-30 01:19:48,174 [INFO] مقدار close برای BTCUSDT: 10.0
2025-04-30 01:19:48,175 [INFO] سیگنال تولید شد برای BTCUSDT: {'coin': 'BTCUSDT', 'type': 'BUY', 'price': 10.0, 'timestamp': 100}
2025-04-30 01:19:48,180 [INFO] سیگنال برای BTCUSDT ارسال شد: BUY
2025-04-30 01:19:48,647 [INFO] دریافت داده‌های تستی برای ETHUSDT
2025-04-30 01:19:48,649 [INFO] تولید سیگنال برای ETHUSDT با داده‌های تستی
2025-04-30 01:19:48,649 [INFO] مقدار close برای ETHUSDT: 10.0
2025-04-30 01:19:48,650 [INFO] سیگنال تولید شد برای ETHUSDT: {'coin': 'ETHUSDT', 'type': 'BUY', 'price': 10.0, 'timestamp': 100}
2025-04-30 01:19:48,652 [INFO] سیگنال برای ETHUSDT ارسال شد: BUY
2025-04-30 01:19:49,094 [INFO] دریافت داده‌های تستی برای BNBUSDT
2025-04-30 01:19:49,096 [INFO] تولید سیگنال برای BNBUSDT با داده‌های تستی
2025-04-30 01:19:49,098 [INFO] مقدار close برای BNBUSDT: 10.0
2025-04-30 01:19:49,100 [INFO] سیگنال تولید شد برای BNBUSDT: {'coin': 'BNBUSDT', 'type': 'BUY', 'price': 10.0, 'timestamp': 100}
2025-04-30 01:19:49,102 [INFO] سیگنال برای BNBUSDT ارسال شد: BUY
2025-04-30 01:19:49,556 [INFO] دریافت داده‌های تستی برای XRPUSDT
2025-04-30 01:19:49,558 [INFO] تولید سیگنال برای XRPUSDT با داده‌های تستی
2025-04-30 01:19:49,560 [INFO] مقدار close برای XRPUSDT: 10.0
2025-04-30 01:19:49,562 [INFO] سیگنال تولید شد برای XRPUSDT: {'coin': 'XRPUSDT', 'type': 'BUY', 'price': 10.0, 'timestamp': 100}
2025-04-30 01:19:49,563 [INFO] سیگنال برای XRPUSDT ارسال شد: BUY
2025-04-30 01:19:49,995 [INFO] دریافت داده‌های تستی برای ADAUSDT
2025-04-30 01:19:49,997 [INFO] تولید سیگنال برای ADAUSDT با داده‌های تستی
2025-04-30 01:19:50,000 [INFO] مقدار close برای ADAUSDT: 10.0
2025-04-30 01:19:50,002 [INFO] سیگنال تولید شد برای ADAUSDT: {'coin': 'ADAUSDT', 'type': 'BUY', 'price': 10.0, 'timestamp': 100}
2025-04-30 01:19:50,003 [INFO] سیگنال برای ADAUSDT ارسال شد: BUY
2025-04-30 01:19:50,455 [INFO] دریافت داده‌های تستی برای SOLUSDT
2025-04-30 01:19:50,457 [INFO] تولید سیگنال برای SOLUSDT با داده‌های تستی
2025-04-30 01:19:50,459 [INFO] مقدار close برای SOLUSDT: 10.0
2025-04-30 01:19:50,461 [INFO] سیگنال تولید شد برای SOLUSDT: {'coin': 'SOLUSDT', 'type': 'BUY', 'price': 10.0, 'timestamp': 100}
2025-04-30 01:19:50,462 [INFO] سیگنال برای SOLUSDT ارسال شد: BUY
2025-04-30 01:19:50,920 [INFO] دریافت داده‌های تستی برای DOTUSDT
2025-04-30 01:19:50,921 [INFO] تولید سیگنال برای DOTUSDT با داده‌های تستی
2025-04-30 01:19:50,923 [INFO] مقدار close برای DOTUSDT: 10.0
2025-04-30 01:19:50,926 [INFO] سیگنال تولید شد برای DOTUSDT: {'coin': 'DOTUSDT', 'type': 'BUY', 'price': 10.0, 'timestamp': 100}
2025-04-30 01:19:50,928 [INFO] سیگنال برای DOTUSDT ارسال شد: BUY
2025-04-30 01:19:51,378 [INFO] دریافت داده‌های تستی برای DOGEUSDT
2025-04-30 01:19:51,380 [INFO] تولید سیگنال برای DOGEUSDT با داده‌های تستی
2025-04-30 01:19:51,382 [INFO] مقدار close برای DOGEUSDT: 10.0
2025-04-30 01:19:51,384 [INFO] سیگنال تولید شد برای DOGEUSDT: {'coin': 'DOGEUSDT', 'type': 'BUY', 'price': 10.0, 'timestamp': 100}
2025-04-30 01:19:51,385 [INFO] سیگنال برای DOGEUSDT ارسال شد: BUY
2025-04-30 01:19:51,844 [INFO] دریافت داده‌های تستی برای AVAXUSDT
2025-04-30 01:19:51,845 [INFO] تولید سیگنال برای AVAXUSDT با داده‌های تستی
2025-04-30 01:19:51,846 [INFO] مقدار close برای AVAXUSDT: 10.0
2025-04-30 01:19:51,848 [INFO] سیگنال تولید شد برای AVAXUSDT: {'coin': 'AVAXUSDT', 'type': 'BUY', 'price': 10.0, 'timestamp': 100}
2025-04-30 01:19:51,849 [INFO] سیگنال برای AVAXUSDT ارسال شد: BUY
2025-04-30 01:19:52,300 [INFO] دریافت داده‌های تستی برای MATICUSDT
2025-04-30 01:19:52,302 [INFO] تولید سیگنال برای MATICUSDT با داده‌های تستی
2025-04-30 01:19:52,302 [INFO] مقدار close برای MATICUSDT: 10.0
2025-04-30 01:19:52,305 [INFO] سیگنال تولید شد برای MATICUSDT: {'coin': 'MATICUSDT', 'type': 'BUY', 'price': 10.0, 'timestamp': 100}
2025-04-30 01:19:52,305 [INFO] سیگنال برای MATICUSDT ارسال شد: BUY
2025-04-30 01:19:52,306 [INFO] انتظار برای چرخه بعدی (15 دقیقه)
2025-04-30 01:26:21,065 [INFO] شروع بارگذاری تنظیمات
2025-04-30 01:26:21,065 [INFO] تنظیمات بارگذاری شد: {'xt_api_url': 'https://jsonplaceholder.typicode.com', 'timeframe': '15m', 'sma_short_period': 9, 'sma_long_period': 21, 'rsi_period': 14, 'macd_fast': 12, 'macd_slow': 26, 'macd_signal': 9, 'atr_period': 14, 'telegram_chat_id': '96545679'}
2025-04-30 01:26:21,065 [INFO] مقداردهی اولیه XT API
2025-04-30 01:26:21,066 [INFO] مقداردهی اولیه API برای تست انجام شد
2025-04-30 01:26:21,067 [INFO] مقداردهی اولیه بات تلگرام
2025-04-30 01:26:22,860 [INFO] مقداردهی اولیه بات تلگرام انجام شد
2025-04-30 01:26:22,861 [INFO] بارگذاری لیست ارزها
2025-04-30 01:26:22,861 [INFO] ارزهای بارگذاری‌شده: ['BTCUSDT', 'ETHUSDT', 'BNBUSDT', 'XRPUSDT', 'ADAUSDT', 'SOLUSDT', 'DOTUSDT', 'DOGEUSDT', 'AVAXUSDT', 'MATICUSDT']
2025-04-30 01:26:22,862 [INFO] مقداردهی اولیه استراتژی برای تست با JSONPlaceholder
2025-04-30 01:26:22,863 [INFO] بات SIGNAL-BOT با موفقیت شروع شد
2025-04-30 01:26:22,864 [INFO] پردازش BTCUSDT
2025-04-30 01:26:23,321 [INFO] دریافت داده‌های تستی برای BTCUSDT
2025-04-30 01:26:23,323 [INFO] داده‌های OHLC برای BTCUSDT دریافت شد: {'timestamp': 100, 'open': 10.0, 'high': 11.0, 'low': 9.0, 'close': 10.0, 'volume': 37.0}
2025-04-30 01:26:23,325 [INFO] تولید سیگنال برای BTCUSDT با داده‌های تستی
2025-04-30 01:26:23,327 [INFO] مقدار close برای BTCUSDT: 10.0
2025-04-30 01:26:23,327 [INFO] سیگنال تولید شد برای BTCUSDT: {'coin': 'BTCUSDT', 'type': 'BUY', 'price': 10.0, 'timestamp': 100}
2025-04-30 01:26:23,329 [INFO] ارسال سیگنال برای BTCUSDT: {'coin': 'BTCUSDT', 'type': 'BUY', 'price': 10.0, 'timestamp': 100}
2025-04-30 01:26:23,838 [INFO] پیام به تلگرام ارسال شد: سیگنال برای BTCUSDT
نوع: BUY
قیمت: 10.0
زمان: 100
2025-04-30 01:26:23,838 [INFO] سیگنال برای BTCUSDT ارسال شد: BUY
2025-04-30 01:26:23,840 [INFO] پردازش ETHUSDT
2025-04-30 01:26:24,291 [INFO] دریافت داده‌های تستی برای ETHUSDT
2025-04-30 01:26:24,292 [INFO] داده‌های OHLC برای ETHUSDT دریافت شد: {'timestamp': 100, 'open': 10.0, 'high': 11.0, 'low': 9.0, 'close': 10.0, 'volume': 37.0}
2025-04-30 01:26:24,296 [INFO] تولید سیگنال برای ETHUSDT با داده‌های تستی
2025-04-30 01:26:24,297 [INFO] مقدار close برای ETHUSDT: 10.0
2025-04-30 01:26:24,298 [INFO] سیگنال تولید شد برای ETHUSDT: {'coin': 'ETHUSDT', 'type': 'BUY', 'price': 10.0, 'timestamp': 100}
2025-04-30 01:26:24,299 [INFO] ارسال سیگنال برای ETHUSDT: {'coin': 'ETHUSDT', 'type': 'BUY', 'price': 10.0, 'timestamp': 100}
2025-04-30 01:26:24,481 [INFO] پیام به تلگرام ارسال شد: سیگنال برای ETHUSDT
نوع: BUY
قیمت: 10.0
زمان: 100
2025-04-30 01:26:24,483 [INFO] سیگنال برای ETHUSDT ارسال شد: BUY
2025-04-30 01:26:24,486 [INFO] پردازش BNBUSDT
2025-04-30 01:26:24,934 [INFO] دریافت داده‌های تستی برای BNBUSDT
2025-04-30 01:26:24,935 [INFO] داده‌های OHLC برای BNBUSDT دریافت شد: {'timestamp': 100, 'open': 10.0, 'high': 11.0, 'low': 9.0, 'close': 10.0, 'volume': 37.0}
2025-04-30 01:26:24,938 [INFO] تولید سیگنال برای BNBUSDT با داده‌های تستی
2025-04-30 01:26:24,940 [INFO] مقدار close برای BNBUSDT: 10.0
2025-04-30 01:26:24,940 [INFO] سیگنال تولید شد برای BNBUSDT: {'coin': 'BNBUSDT', 'type': 'BUY', 'price': 10.0, 'timestamp': 100}
2025-04-30 01:26:24,941 [INFO] ارسال سیگنال برای BNBUSDT: {'coin': 'BNBUSDT', 'type': 'BUY', 'price': 10.0, 'timestamp': 100}
2025-04-30 01:26:25,119 [INFO] پیام به تلگرام ارسال شد: سیگنال برای BNBUSDT
نوع: BUY
قیمت: 10.0
زمان: 100
2025-04-30 01:26:25,120 [INFO] سیگنال برای BNBUSDT ارسال شد: BUY
2025-04-30 01:26:25,123 [INFO] پردازش XRPUSDT
2025-04-30 01:26:25,611 [INFO] دریافت داده‌های تستی برای XRPUSDT
2025-04-30 01:26:25,612 [INFO] داده‌های OHLC برای XRPUSDT دریافت شد: {'timestamp': 100, 'open': 10.0, 'high': 11.0, 'low': 9.0, 'close': 10.0, 'volume': 37.0}
2025-04-30 01:26:25,614 [INFO] تولید سیگنال برای XRPUSDT با داده‌های تستی
2025-04-30 01:26:25,617 [INFO] مقدار close برای XRPUSDT: 10.0
2025-04-30 01:26:25,618 [INFO] سیگنال تولید شد برای XRPUSDT: {'coin': 'XRPUSDT', 'type': 'BUY', 'price': 10.0, 'timestamp': 100}
2025-04-30 01:26:25,618 [INFO] ارسال سیگنال برای XRPUSDT: {'coin': 'XRPUSDT', 'type': 'BUY', 'price': 10.0, 'timestamp': 100}
2025-04-30 01:26:25,796 [INFO] پیام به تلگرام ارسال شد: سیگنال برای XRPUSDT
نوع: BUY
قیمت: 10.0
زمان: 100
2025-04-30 01:26:25,797 [INFO] سیگنال برای XRPUSDT ارسال شد: BUY
2025-04-30 01:26:25,800 [INFO] پردازش ADAUSDT
2025-04-30 01:26:26,254 [INFO] دریافت داده‌های تستی برای ADAUSDT
2025-04-30 01:26:26,256 [INFO] داده‌های OHLC برای ADAUSDT دریافت شد: {'timestamp': 100, 'open': 10.0, 'high': 11.0, 'low': 9.0, 'close': 10.0, 'volume': 37.0}
2025-04-30 01:26:26,258 [INFO] تولید سیگنال برای ADAUSDT با داده‌های تستی
2025-04-30 01:26:26,260 [INFO] مقدار close برای ADAUSDT: 10.0
2025-04-30 01:26:26,261 [INFO] سیگنال تولید شد برای ADAUSDT: {'coin': 'ADAUSDT', 'type': 'BUY', 'price': 10.0, 'timestamp': 100}
2025-04-30 01:26:26,262 [INFO] ارسال سیگنال برای ADAUSDT: {'coin': 'ADAUSDT', 'type': 'BUY', 'price': 10.0, 'timestamp': 100}
2025-04-30 01:26:26,440 [INFO] پیام به تلگرام ارسال شد: سیگنال برای ADAUSDT
نوع: BUY
قیمت: 10.0
زمان: 100
2025-04-30 01:26:26,440 [INFO] سیگنال برای ADAUSDT ارسال شد: BUY
2025-04-30 01:26:26,445 [INFO] پردازش SOLUSDT
2025-04-30 01:26:26,884 [INFO] دریافت داده‌های تستی برای SOLUSDT
2025-04-30 01:26:26,886 [INFO] داده‌های OHLC برای SOLUSDT دریافت شد: {'timestamp': 100, 'open': 10.0, 'high': 11.0, 'low': 9.0, 'close': 10.0, 'volume': 37.0}
2025-04-30 01:26:26,890 [INFO] تولید سیگنال برای SOLUSDT با داده‌های تستی
2025-04-30 01:26:26,893 [INFO] مقدار close برای SOLUSDT: 10.0
2025-04-30 01:26:26,894 [INFO] سیگنال تولید شد برای SOLUSDT: {'coin': 'SOLUSDT', 'type': 'BUY', 'price': 10.0, 'timestamp': 100}
2025-04-30 01:26:26,897 [INFO] ارسال سیگنال برای SOLUSDT: {'coin': 'SOLUSDT', 'type': 'BUY', 'price': 10.0, 'timestamp': 100}
2025-04-30 01:26:27,069 [INFO] پیام به تلگرام ارسال شد: سیگنال برای SOLUSDT
نوع: BUY
قیمت: 10.0
زمان: 100
2025-04-30 01:26:27,070 [INFO] سیگنال برای SOLUSDT ارسال شد: BUY
2025-04-30 01:26:27,071 [INFO] پردازش DOTUSDT
2025-04-30 01:26:27,502 [INFO] دریافت داده‌های تستی برای DOTUSDT
2025-04-30 01:26:27,503 [INFO] داده‌های OHLC برای DOTUSDT دریافت شد: {'timestamp': 100, 'open': 10.0, 'high': 11.0, 'low': 9.0, 'close': 10.0, 'volume': 37.0}
2025-04-30 01:26:27,505 [INFO] تولید سیگنال برای DOTUSDT با داده‌های تستی
2025-04-30 01:26:27,508 [INFO] مقدار close برای DOTUSDT: 10.0
2025-04-30 01:26:27,508 [INFO] سیگنال تولید شد برای DOTUSDT: {'coin': 'DOTUSDT', 'type': 'BUY', 'price': 10.0, 'timestamp': 100}
2025-04-30 01:26:27,510 [INFO] ارسال سیگنال برای DOTUSDT: {'coin': 'DOTUSDT', 'type': 'BUY', 'price': 10.0, 'timestamp': 100}
2025-04-30 01:26:27,682 [INFO] پیام به تلگرام ارسال شد: سیگنال برای DOTUSDT
نوع: BUY
قیمت: 10.0
زمان: 100
2025-04-30 01:26:27,683 [INFO] سیگنال برای DOTUSDT ارسال شد: BUY
2025-04-30 01:26:27,686 [INFO] پردازش DOGEUSDT
2025-04-30 01:26:28,154 [INFO] دریافت داده‌های تستی برای DOGEUSDT
2025-04-30 01:26:28,155 [INFO] داده‌های OHLC برای DOGEUSDT دریافت شد: {'timestamp': 100, 'open': 10.0, 'high': 11.0, 'low': 9.0, 'close': 10.0, 'volume': 37.0}
2025-04-30 01:26:28,157 [INFO] تولید سیگنال برای DOGEUSDT با داده‌های تستی
2025-04-30 01:26:28,160 [INFO] مقدار close برای DOGEUSDT: 10.0
2025-04-30 01:26:28,160 [INFO] سیگنال تولید شد برای DOGEUSDT: {'coin': 'DOGEUSDT', 'type': 'BUY', 'price': 10.0, 'timestamp': 100}
2025-04-30 01:26:28,161 [INFO] ارسال سیگنال برای DOGEUSDT: {'coin': 'DOGEUSDT', 'type': 'BUY', 'price': 10.0, 'timestamp': 100}
2025-04-30 01:26:28,342 [INFO] پیام به تلگرام ارسال شد: سیگنال برای DOGEUSDT
نوع: BUY
قیمت: 10.0
زمان: 100
2025-04-30 01:26:28,342 [INFO] سیگنال برای DOGEUSDT ارسال شد: BUY
2025-04-30 01:26:28,346 [INFO] پردازش AVAXUSDT
2025-04-30 01:26:28,804 [INFO] دریافت داده‌های تستی برای AVAXUSDT
2025-04-30 01:26:28,809 [INFO] داده‌های OHLC برای AVAXUSDT دریافت شد: {'timestamp': 100, 'open': 10.0, 'high': 11.0, 'low': 9.0, 'close': 10.0, 'volume': 37.0}
2025-04-30 01:26:28,812 [INFO] تولید سیگنال برای AVAXUSDT با داده‌های تستی
2025-04-30 01:26:28,813 [INFO] مقدار close برای AVAXUSDT: 10.0
2025-04-30 01:26:28,814 [INFO] سیگنال تولید شد برای AVAXUSDT: {'coin': 'AVAXUSDT', 'type': 'BUY', 'price': 10.0, 'timestamp': 100}
2025-04-30 01:26:28,815 [INFO] ارسال سیگنال برای AVAXUSDT: {'coin': 'AVAXUSDT', 'type': 'BUY', 'price': 10.0, 'timestamp': 100}
2025-04-30 01:27:04,320 [INFO] شروع بارگذاری تنظیمات
2025-04-30 01:27:04,321 [INFO] تنظیمات بارگذاری شد: {'xt_api_url': 'https://jsonplaceholder.typicode.com', 'timeframe': '15m', 'sma_short_period': 9, 'sma_long_period': 21, 'rsi_period': 14, 'macd_fast': 12, 'macd_slow': 26, 'macd_signal': 9, 'atr_period': 14, 'telegram_chat_id': '96545679'}
2025-04-30 01:27:04,322 [INFO] مقداردهی اولیه XT API
2025-04-30 01:27:04,324 [INFO] مقداردهی اولیه API برای تست انجام شد
2025-04-30 01:27:04,324 [INFO] مقداردهی اولیه بات تلگرام
2025-04-30 01:27:06,088 [INFO] مقداردهی اولیه بات تلگرام انجام شد
2025-04-30 01:27:06,088 [INFO] بارگذاری لیست ارزها
2025-04-30 01:27:06,090 [INFO] ارزهای بارگذاری‌شده: ['BTCUSDT', 'ETHUSDT', 'BNBUSDT', 'XRPUSDT', 'ADAUSDT', 'SOLUSDT', 'DOTUSDT', 'DOGEUSDT', 'AVAXUSDT', 'MATICUSDT']
2025-04-30 01:27:06,091 [INFO] مقداردهی اولیه استراتژی برای تست با JSONPlaceholder
2025-04-30 01:27:06,092 [INFO] بات SIGNAL-BOT با موفقیت شروع شد
2025-04-30 01:27:06,093 [INFO] پردازش BTCUSDT
2025-04-30 01:27:06,596 [INFO] دریافت داده‌های تستی برای BTCUSDT
2025-04-30 01:27:06,598 [INFO] داده‌های OHLC برای BTCUSDT دریافت شد: {'timestamp': 100, 'open': 10.0, 'high': 11.0, 'low': 9.0, 'close': 10.0, 'volume': 37.0}
2025-04-30 01:27:06,600 [INFO] تولید سیگنال برای BTCUSDT با داده‌های تستی
2025-04-30 01:27:06,603 [INFO] مقدار close برای BTCUSDT: 10.0
2025-04-30 01:27:06,603 [INFO] سیگنال تولید شد برای BTCUSDT: {'coin': 'BTCUSDT', 'type': 'BUY', 'price': 10.0, 'timestamp': 100}
2025-04-30 01:27:06,604 [INFO] ارسال سیگنال برای BTCUSDT: {'coin': 'BTCUSDT', 'type': 'BUY', 'price': 10.0, 'timestamp': 100}
2025-04-30 01:27:07,071 [INFO] پیام به تلگرام ارسال شد: سیگنال برای BTCUSDT
نوع: BUY
قیمت: 10.0
زمان: 100
2025-04-30 01:27:07,072 [INFO] سیگنال برای BTCUSDT ارسال شد: BUY
2025-04-30 01:27:07,075 [INFO] پردازش ETHUSDT
2025-04-30 01:27:07,532 [INFO] دریافت داده‌های تستی برای ETHUSDT
2025-04-30 01:27:07,534 [INFO] داده‌های OHLC برای ETHUSDT دریافت شد: {'timestamp': 100, 'open': 10.0, 'high': 11.0, 'low': 9.0, 'close': 10.0, 'volume': 37.0}
2025-04-30 01:27:07,535 [INFO] تولید سیگنال برای ETHUSDT با داده‌های تستی
2025-04-30 01:27:07,538 [INFO] مقدار close برای ETHUSDT: 10.0
2025-04-30 01:27:07,538 [INFO] سیگنال تولید شد برای ETHUSDT: {'coin': 'ETHUSDT', 'type': 'BUY', 'price': 10.0, 'timestamp': 100}
2025-04-30 01:27:07,539 [INFO] ارسال سیگنال برای ETHUSDT: {'coin': 'ETHUSDT', 'type': 'BUY', 'price': 10.0, 'timestamp': 100}
2025-04-30 01:27:07,805 [INFO] پیام به تلگرام ارسال شد: سیگنال برای ETHUSDT
نوع: BUY
قیمت: 10.0
زمان: 100
2025-04-30 01:27:07,807 [INFO] سیگنال برای ETHUSDT ارسال شد: BUY
2025-04-30 01:27:07,812 [INFO] پردازش BNBUSDT
2025-04-30 01:27:08,276 [INFO] دریافت داده‌های تستی برای BNBUSDT
2025-04-30 01:27:08,276 [INFO] داده‌های OHLC برای BNBUSDT دریافت شد: {'timestamp': 100, 'open': 10.0, 'high': 11.0, 'low': 9.0, 'close': 10.0, 'volume': 37.0}
2025-04-30 01:27:08,280 [INFO] تولید سیگنال برای BNBUSDT با داده‌های تستی
2025-04-30 01:27:08,281 [INFO] مقدار close برای BNBUSDT: 10.0
2025-04-30 01:27:08,281 [INFO] سیگنال تولید شد برای BNBUSDT: {'coin': 'BNBUSDT', 'type': 'BUY', 'price': 10.0, 'timestamp': 100}
2025-04-30 01:27:08,282 [INFO] ارسال سیگنال برای BNBUSDT: {'coin': 'BNBUSDT', 'type': 'BUY', 'price': 10.0, 'timestamp': 100}
2025-04-30 01:27:08,445 [INFO] پیام به تلگرام ارسال شد: سیگنال برای BNBUSDT
نوع: BUY
قیمت: 10.0
زمان: 100
2025-04-30 01:27:08,446 [INFO] سیگنال برای BNBUSDT ارسال شد: BUY
2025-04-30 01:27:08,448 [INFO] پردازش XRPUSDT
2025-04-30 01:27:08,912 [INFO] دریافت داده‌های تستی برای XRPUSDT
2025-04-30 01:27:08,912 [INFO] داده‌های OHLC برای XRPUSDT دریافت شد: {'timestamp': 100, 'open': 10.0, 'high': 11.0, 'low': 9.0, 'close': 10.0, 'volume': 37.0}
2025-04-30 01:27:08,913 [INFO] تولید سیگنال برای XRPUSDT با داده‌های تستی
2025-04-30 01:27:08,915 [INFO] مقدار close برای XRPUSDT: 10.0
2025-04-30 01:27:08,916 [INFO] سیگنال تولید شد برای XRPUSDT: {'coin': 'XRPUSDT', 'type': 'BUY', 'price': 10.0, 'timestamp': 100}
2025-04-30 01:27:08,916 [INFO] ارسال سیگنال برای XRPUSDT: {'coin': 'XRPUSDT', 'type': 'BUY', 'price': 10.0, 'timestamp': 100}
2025-04-30 01:27:09,093 [INFO] پیام به تلگرام ارسال شد: سیگنال برای XRPUSDT
نوع: BUY
قیمت: 10.0
زمان: 100
2025-04-30 01:27:09,094 [INFO] سیگنال برای XRPUSDT ارسال شد: BUY
2025-04-30 01:27:09,097 [INFO] پردازش ADAUSDT
2025-04-30 01:27:09,616 [INFO] دریافت داده‌های تستی برای ADAUSDT
2025-04-30 01:27:09,618 [INFO] داده‌های OHLC برای ADAUSDT دریافت شد: {'timestamp': 100, 'open': 10.0, 'high': 11.0, 'low': 9.0, 'close': 10.0, 'volume': 37.0}
2025-04-30 01:27:09,620 [INFO] تولید سیگنال برای ADAUSDT با داده‌های تستی
2025-04-30 01:27:09,621 [INFO] مقدار close برای ADAUSDT: 10.0
2025-04-30 01:27:09,622 [INFO] سیگنال تولید شد برای ADAUSDT: {'coin': 'ADAUSDT', 'type': 'BUY', 'price': 10.0, 'timestamp': 100}
2025-04-30 01:27:09,622 [INFO] ارسال سیگنال برای ADAUSDT: {'coin': 'ADAUSDT', 'type': 'BUY', 'price': 10.0, 'timestamp': 100}
2025-04-30 01:28:04,025 [INFO] شروع بارگذاری تنظیمات
2025-04-30 01:28:04,026 [INFO] تنظیمات بارگذاری شد: {'xt_api_url': 'https://jsonplaceholder.typicode.com', 'timeframe': '15m', 'sma_short_period': 9, 'sma_long_period': 21, 'rsi_period': 14, 'macd_fast': 12, 'macd_slow': 26, 'macd_signal': 9, 'atr_period': 14, 'telegram_chat_id': '96545679'}
2025-04-30 01:28:04,026 [INFO] مقداردهی اولیه XT API
2025-04-30 01:28:04,027 [INFO] مقداردهی اولیه API برای تست انجام شد
2025-04-30 01:28:04,027 [INFO] مقداردهی اولیه بات تلگرام
2025-04-30 01:28:05,829 [INFO] مقداردهی اولیه بات تلگرام انجام شد
2025-04-30 01:28:05,829 [INFO] بارگذاری لیست ارزها
2025-04-30 01:28:05,830 [INFO] ارزهای بارگذاری‌شده: ['BTCUSDT', 'ETHUSDT', 'BNBUSDT', 'XRPUSDT', 'ADAUSDT', 'SOLUSDT', 'DOTUSDT', 'DOGEUSDT', 'AVAXUSDT', 'MATICUSDT']
2025-04-30 01:28:05,830 [INFO] مقداردهی اولیه استراتژی برای تست با JSONPlaceholder
2025-04-30 01:28:05,831 [INFO] بات SIGNAL-BOT با موفقیت شروع شد
2025-04-30 01:28:05,831 [INFO] پردازش BTCUSDT
2025-04-30 01:28:06,319 [INFO] دریافت داده‌های تستی برای BTCUSDT
2025-04-30 01:28:06,320 [INFO] داده‌های OHLC برای BTCUSDT دریافت شد: {'timestamp': 100, 'open': 10.0, 'high': 11.0, 'low': 9.0, 'close': 10.0, 'volume': 37.0}
2025-04-30 01:28:06,320 [INFO] تولید سیگنال برای BTCUSDT با داده‌های تستی
2025-04-30 01:28:06,321 [INFO] مقدار close برای BTCUSDT: 10.0
2025-04-30 01:28:06,321 [INFO] سیگنال تولید شد برای BTCUSDT: {'coin': 'BTCUSDT', 'type': 'BUY', 'price': 10.0, 'timestamp': 100}
2025-04-30 01:28:06,321 [INFO] ارسال سیگنال برای BTCUSDT: {'coin': 'BTCUSDT', 'type': 'BUY', 'price': 10.0, 'timestamp': 100}
2025-04-30 01:28:07,123 [INFO] پیام به تلگرام ارسال شد: سیگنال برای BTCUSDT
نوع: BUY
قیمت: 10.0
زمان: 100
2025-04-30 01:28:07,124 [INFO] سیگنال برای BTCUSDT ارسال شد: BUY
2025-04-30 01:28:07,128 [INFO] پردازش ETHUSDT
2025-04-30 01:28:07,572 [INFO] دریافت داده‌های تستی برای ETHUSDT
2025-04-30 01:28:07,573 [INFO] داده‌های OHLC برای ETHUSDT دریافت شد: {'timestamp': 100, 'open': 10.0, 'high': 11.0, 'low': 9.0, 'close': 10.0, 'volume': 37.0}
2025-04-30 01:28:07,577 [INFO] تولید سیگنال برای ETHUSDT با داده‌های تستی
2025-04-30 01:28:07,578 [INFO] مقدار close برای ETHUSDT: 10.0
2025-04-30 01:28:07,579 [INFO] سیگنال تولید شد برای ETHUSDT: {'coin': 'ETHUSDT', 'type': 'BUY', 'price': 10.0, 'timestamp': 100}
2025-04-30 01:28:07,580 [INFO] ارسال سیگنال برای ETHUSDT: {'coin': 'ETHUSDT', 'type': 'BUY', 'price': 10.0, 'timestamp': 100}
2025-04-30 01:28:36,043 [INFO] شروع بارگذاری تنظیمات
2025-04-30 01:28:36,044 [INFO] تنظیمات بارگذاری شد: {'xt_api_url': 'https://jsonplaceholder.typicode.com', 'timeframe': '15m', 'sma_short_period': 9, 'sma_long_period': 21, 'rsi_period': 14, 'macd_fast': 12, 'macd_slow': 26, 'macd_signal': 9, 'atr_period': 14, 'telegram_chat_id': '96545679'}
2025-04-30 01:28:36,045 [INFO] مقداردهی اولیه XT API
2025-04-30 01:28:36,047 [INFO] مقداردهی اولیه API برای تست انجام شد
2025-04-30 01:28:36,048 [INFO] مقداردهی اولیه بات تلگرام
2025-04-30 01:28:37,898 [INFO] مقداردهی اولیه بات تلگرام انجام شد
2025-04-30 01:28:37,898 [INFO] بارگذاری لیست ارزها
2025-04-30 01:28:37,901 [INFO] ارزهای بارگذاری‌شده: ['BTCUSDT', 'ETHUSDT', 'BNBUSDT', 'XRPUSDT', 'ADAUSDT', 'SOLUSDT', 'DOTUSDT', 'DOGEUSDT', 'AVAXUSDT', 'MATICUSDT']
2025-04-30 01:28:37,903 [INFO] مقداردهی اولیه استراتژی برای تست با JSONPlaceholder
2025-04-30 01:28:37,904 [INFO] بات SIGNAL-BOT با موفقیت شروع شد
2025-04-30 01:28:37,904 [INFO] پردازش BTCUSDT
2025-04-30 01:28:38,355 [INFO] دریافت داده‌های تستی برای BTCUSDT
2025-04-30 01:28:38,355 [INFO] داده‌های OHLC برای BTCUSDT دریافت شد: {'timestamp': 100, 'open': 10.0, 'high': 11.0, 'low': 9.0, 'close': 10.0, 'volume': 37.0}
2025-04-30 01:28:38,357 [INFO] تولید سیگنال برای BTCUSDT با داده‌های تستی
2025-04-30 01:28:38,360 [INFO] مقدار close برای BTCUSDT: 10.0
2025-04-30 01:28:38,360 [INFO] سیگنال تولید شد برای BTCUSDT: {'coin': 'BTCUSDT', 'type': 'BUY', 'price': 10.0, 'timestamp': 100}
2025-04-30 01:28:38,362 [INFO] ارسال سیگنال برای BTCUSDT: {'coin': 'BTCUSDT', 'type': 'BUY', 'price': 10.0, 'timestamp': 100}
2025-04-30 01:28:38,868 [INFO] پیام به تلگرام ارسال شد: سیگنال برای BTCUSDT
نوع: BUY
قیمت: 10.0
زمان: 100
2025-04-30 01:28:38,869 [INFO] سیگنال برای BTCUSDT ارسال شد: BUY
2025-04-30 01:28:38,873 [INFO] پردازش ETHUSDT
2025-04-30 01:28:39,341 [INFO] دریافت داده‌های تستی برای ETHUSDT
2025-04-30 01:28:39,341 [INFO] داده‌های OHLC برای ETHUSDT دریافت شد: {'timestamp': 100, 'open': 10.0, 'high': 11.0, 'low': 9.0, 'close': 10.0, 'volume': 37.0}
2025-04-30 01:28:39,343 [INFO] تولید سیگنال برای ETHUSDT با داده‌های تستی
2025-04-30 01:28:39,346 [INFO] مقدار close برای ETHUSDT: 10.0
2025-04-30 01:28:39,346 [INFO] سیگنال تولید شد برای ETHUSDT: {'coin': 'ETHUSDT', 'type': 'BUY', 'price': 10.0, 'timestamp': 100}
2025-04-30 01:28:39,347 [INFO] ارسال سیگنال برای ETHUSDT: {'coin': 'ETHUSDT', 'type': 'BUY', 'price': 10.0, 'timestamp': 100}
2025-04-30 01:28:39,514 [INFO] پیام به تلگرام ارسال شد: سیگنال برای ETHUSDT
نوع: BUY
قیمت: 10.0
زمان: 100
2025-04-30 01:28:39,515 [INFO] سیگنال برای ETHUSDT ارسال شد: BUY
2025-04-30 01:28:39,518 [INFO] پردازش BNBUSDT
2025-04-30 01:28:39,991 [INFO] دریافت داده‌های تستی برای BNBUSDT
2025-04-30 01:28:39,993 [INFO] داده‌های OHLC برای BNBUSDT دریافت شد: {'timestamp': 100, 'open': 10.0, 'high': 11.0, 'low': 9.0, 'close': 10.0, 'volume': 37.0}
2025-04-30 01:28:39,994 [INFO] تولید سیگنال برای BNBUSDT با داده‌های تستی
2025-04-30 01:28:39,997 [INFO] مقدار close برای BNBUSDT: 10.0
2025-04-30 01:28:39,997 [INFO] سیگنال تولید شد برای BNBUSDT: {'coin': 'BNBUSDT', 'type': 'BUY', 'price': 10.0, 'timestamp': 100}
2025-04-30 01:28:39,999 [INFO] ارسال سیگنال برای BNBUSDT: {'coin': 'BNBUSDT', 'type': 'BUY', 'price': 10.0, 'timestamp': 100}
2025-04-30 01:28:40,167 [INFO] پیام به تلگرام ارسال شد: سیگنال برای BNBUSDT
نوع: BUY
قیمت: 10.0
زمان: 100
2025-04-30 01:28:40,167 [INFO] سیگنال برای BNBUSDT ارسال شد: BUY
2025-04-30 01:28:40,172 [INFO] پردازش XRPUSDT
2025-04-30 01:28:40,641 [INFO] دریافت داده‌های تستی برای XRPUSDT
2025-04-30 01:28:40,643 [INFO] داده‌های OHLC برای XRPUSDT دریافت شد: {'timestamp': 100, 'open': 10.0, 'high': 11.0, 'low': 9.0, 'close': 10.0, 'volume': 37.0}
2025-04-30 01:28:40,645 [INFO] تولید سیگنال برای XRPUSDT با داده‌های تستی
2025-04-30 01:28:40,648 [INFO] مقدار close برای XRPUSDT: 10.0
2025-04-30 01:28:40,648 [INFO] سیگنال تولید شد برای XRPUSDT: {'coin': 'XRPUSDT', 'type': 'BUY', 'price': 10.0, 'timestamp': 100}
2025-04-30 01:28:40,648 [INFO] ارسال سیگنال برای XRPUSDT: {'coin': 'XRPUSDT', 'type': 'BUY', 'price': 10.0, 'timestamp': 100}
2025-04-30 01:28:40,816 [INFO] پیام به تلگرام ارسال شد: سیگنال برای XRPUSDT
نوع: BUY
قیمت: 10.0
زمان: 100
2025-04-30 01:28:40,817 [INFO] سیگنال برای XRPUSDT ارسال شد: BUY
2025-04-30 01:28:40,821 [INFO] پردازش ADAUSDT
2025-04-30 01:28:41,272 [INFO] دریافت داده‌های تستی برای ADAUSDT
2025-04-30 01:28:41,274 [INFO] داده‌های OHLC برای ADAUSDT دریافت شد: {'timestamp': 100, 'open': 10.0, 'high': 11.0, 'low': 9.0, 'close': 10.0, 'volume': 37.0}
2025-04-30 01:28:41,275 [INFO] تولید سیگنال برای ADAUSDT با داده‌های تستی
2025-04-30 01:28:41,278 [INFO] مقدار close برای ADAUSDT: 10.0
2025-04-30 01:28:41,279 [INFO] سیگنال تولید شد برای ADAUSDT: {'coin': 'ADAUSDT', 'type': 'BUY', 'price': 10.0, 'timestamp': 100}
2025-04-30 01:28:41,279 [INFO] ارسال سیگنال برای ADAUSDT: {'coin': 'ADAUSDT', 'type': 'BUY', 'price': 10.0, 'timestamp': 100}
2025-04-30 01:28:41,461 [INFO] پیام به تلگرام ارسال شد: سیگنال برای ADAUSDT
نوع: BUY
قیمت: 10.0
زمان: 100
2025-04-30 01:28:41,462 [INFO] سیگنال برای ADAUSDT ارسال شد: BUY
2025-04-30 01:28:41,467 [INFO] پردازش SOLUSDT
2025-04-30 01:28:41,928 [INFO] دریافت داده‌های تستی برای SOLUSDT
2025-04-30 01:28:41,930 [INFO] داده‌های OHLC برای SOLUSDT دریافت شد: {'timestamp': 100, 'open': 10.0, 'high': 11.0, 'low': 9.0, 'close': 10.0, 'volume': 37.0}
2025-04-30 01:28:41,933 [INFO] تولید سیگنال برای SOLUSDT با داده‌های تستی
2025-04-30 01:28:41,934 [INFO] مقدار close برای SOLUSDT: 10.0
2025-04-30 01:28:41,934 [INFO] سیگنال تولید شد برای SOLUSDT: {'coin': 'SOLUSDT', 'type': 'BUY', 'price': 10.0, 'timestamp': 100}
2025-04-30 01:28:41,935 [INFO] ارسال سیگنال برای SOLUSDT: {'coin': 'SOLUSDT', 'type': 'BUY', 'price': 10.0, 'timestamp': 100}
2025-04-30 01:28:42,097 [INFO] پیام به تلگرام ارسال شد: سیگنال برای SOLUSDT
نوع: BUY
قیمت: 10.0
زمان: 100
2025-04-30 01:28:42,098 [INFO] سیگنال برای SOLUSDT ارسال شد: BUY
2025-04-30 01:28:42,101 [INFO] پردازش DOTUSDT
2025-04-30 01:28:42,613 [INFO] دریافت داده‌های تستی برای DOTUSDT
2025-04-30 01:28:42,615 [INFO] داده‌های OHLC برای DOTUSDT دریافت شد: {'timestamp': 100, 'open': 10.0, 'high': 11.0, 'low': 9.0, 'close': 10.0, 'volume': 37.0}
2025-04-30 01:28:42,617 [INFO] تولید سیگنال برای DOTUSDT با داده‌های تستی
2025-04-30 01:28:42,619 [INFO] مقدار close برای DOTUSDT: 10.0
2025-04-30 01:28:42,620 [INFO] سیگنال تولید شد برای DOTUSDT: {'coin': 'DOTUSDT', 'type': 'BUY', 'price': 10.0, 'timestamp': 100}
2025-04-30 01:28:42,620 [INFO] ارسال سیگنال برای DOTUSDT: {'coin': 'DOTUSDT', 'type': 'BUY', 'price': 10.0, 'timestamp': 100}
2025-04-30 01:28:42,971 [INFO] پیام به تلگرام ارسال شد: سیگنال برای DOTUSDT
نوع: BUY
قیمت: 10.0
زمان: 100
2025-04-30 01:28:42,973 [INFO] سیگنال برای DOTUSDT ارسال شد: BUY
2025-04-30 01:28:42,977 [INFO] پردازش DOGEUSDT
2025-04-30 01:28:43,554 [INFO] دریافت داده‌های تستی برای DOGEUSDT
2025-04-30 01:28:43,555 [INFO] داده‌های OHLC برای DOGEUSDT دریافت شد: {'timestamp': 100, 'open': 10.0, 'high': 11.0, 'low': 9.0, 'close': 10.0, 'volume': 37.0}
2025-04-30 01:28:43,557 [INFO] تولید سیگنال برای DOGEUSDT با داده‌های تستی
2025-04-30 01:28:43,560 [INFO] مقدار close برای DOGEUSDT: 10.0
2025-04-30 01:28:43,561 [INFO] سیگنال تولید شد برای DOGEUSDT: {'coin': 'DOGEUSDT', 'type': 'BUY', 'price': 10.0, 'timestamp': 100}
2025-04-30 01:28:43,561 [INFO] ارسال سیگنال برای DOGEUSDT: {'coin': 'DOGEUSDT', 'type': 'BUY', 'price': 10.0, 'timestamp': 100}
2025-04-30 01:28:43,775 [INFO] پیام به تلگرام ارسال شد: سیگنال برای DOGEUSDT
نوع: BUY
قیمت: 10.0
زمان: 100
2025-04-30 01:28:43,776 [INFO] سیگنال برای DOGEUSDT ارسال شد: BUY
2025-04-30 01:28:43,779 [INFO] پردازش AVAXUSDT
2025-04-30 01:28:44,257 [INFO] دریافت داده‌های تستی برای AVAXUSDT
2025-04-30 01:28:44,261 [INFO] داده‌های OHLC برای AVAXUSDT دریافت شد: {'timestamp': 100, 'open': 10.0, 'high': 11.0, 'low': 9.0, 'close': 10.0, 'volume': 37.0}
2025-04-30 01:28:44,262 [INFO] تولید سیگنال برای AVAXUSDT با داده‌های تستی
2025-04-30 01:28:44,263 [INFO] مقدار close برای AVAXUSDT: 10.0
2025-04-30 01:28:44,264 [INFO] سیگنال تولید شد برای AVAXUSDT: {'coin': 'AVAXUSDT', 'type': 'BUY', 'price': 10.0, 'timestamp': 100}
2025-04-30 01:28:44,264 [INFO] ارسال سیگنال برای AVAXUSDT: {'coin': 'AVAXUSDT', 'type': 'BUY', 'price': 10.0, 'timestamp': 100}
2025-04-30 01:28:44,478 [INFO] پیام به تلگرام ارسال شد: سیگنال برای AVAXUSDT
نوع: BUY
قیمت: 10.0
زمان: 100
2025-04-30 01:28:44,479 [INFO] سیگنال برای AVAXUSDT ارسال شد: BUY
2025-04-30 01:28:44,482 [INFO] پردازش MATICUSDT
2025-04-30 01:28:44,917 [INFO] دریافت داده‌های تستی برای MATICUSDT
2025-04-30 01:28:44,919 [INFO] داده‌های OHLC برای MATICUSDT دریافت شد: {'timestamp': 100, 'open': 10.0, 'high': 11.0, 'low': 9.0, 'close': 10.0, 'volume': 37.0}
2025-04-30 01:28:44,919 [INFO] تولید سیگنال برای MATICUSDT با داده‌های تستی
2025-04-30 01:28:44,920 [INFO] مقدار close برای MATICUSDT: 10.0
2025-04-30 01:28:44,922 [INFO] سیگنال تولید شد برای MATICUSDT: {'coin': 'MATICUSDT', 'type': 'BUY', 'price': 10.0, 'timestamp': 100}
2025-04-30 01:28:44,923 [INFO] ارسال سیگنال برای MATICUSDT: {'coin': 'MATICUSDT', 'type': 'BUY', 'price': 10.0, 'timestamp': 100}
2025-04-30 01:28:45,276 [INFO] پیام به تلگرام ارسال شد: سیگنال برای MATICUSDT
نوع: BUY
قیمت: 10.0
زمان: 100
2025-04-30 01:28:45,277 [INFO] سیگنال برای MATICUSDT ارسال شد: BUY
2025-04-30 01:28:45,282 [INFO] انتظار برای چرخه بعدی (15 دقیقه)
2025-04-30 01:35:52,251 [INFO] مقداردهی اولیه بات تلگرام انجام شد
2025-04-30 01:35:52,756 [INFO] پیام به تلگرام ارسال شد: سیگنال برای TEST
نوع: BUY
قیمت: 100
زمان: 1234567890
2025-04-30 01:35:52,756 [INFO] سیگنال تستی با موفقیت ارسال شد
2025-04-30 01:36:07,273 [INFO] مقداردهی اولیه بات تلگرام انجام شد
2025-04-30 01:36:07,766 [INFO] پیام به تلگرام ارسال شد: سیگنال برای TEST
نوع: BUY
قیمت: 100
زمان: 1234567890
2025-04-30 01:36:07,766 [INFO] سیگنال تستی با موفقیت ارسال شد
2025-04-30 01:37:00,865 [INFO] شروع بارگذاری تنظیمات
2025-04-30 01:37:00,865 [INFO] تنظیمات بارگذاری شد: {'xt_api_url': 'https://jsonplaceholder.typicode.com', 'timeframe': '15m', 'sma_short_period': 9, 'sma_long_period': 21, 'rsi_period': 14, 'macd_fast': 12, 'macd_slow': 26, 'macd_signal': 9, 'atr_period': 14, 'telegram_chat_id': '96545679'}
2025-04-30 01:37:00,866 [INFO] مقداردهی اولیه XT API
2025-04-30 01:37:00,869 [INFO] مقداردهی اولیه API برای تست انجام شد
2025-04-30 01:37:00,870 [INFO] مقداردهی اولیه بات تلگرام
2025-04-30 01:37:02,675 [INFO] مقداردهی اولیه بات تلگرام انجام شد
2025-04-30 01:37:02,675 [INFO] بارگذاری لیست ارزها
2025-04-30 01:37:02,676 [INFO] ارزهای بارگذاری‌شده: ['BTCUSDT', 'ETHUSDT', 'BNBUSDT', 'XRPUSDT', 'ADAUSDT', 'SOLUSDT', 'DOTUSDT', 'DOGEUSDT', 'AVAXUSDT', 'MATICUSDT']
2025-04-30 01:37:02,677 [INFO] مقداردهی اولیه استراتژی برای تست با JSONPlaceholder
2025-04-30 01:37:02,677 [INFO] بات SIGNAL-BOT با موفقیت شروع شد
2025-04-30 01:37:02,678 [INFO] پردازش BTCUSDT
2025-04-30 01:37:03,119 [INFO] دریافت داده‌های تستی برای BTCUSDT
2025-04-30 01:37:03,121 [INFO] داده‌های OHLC برای BTCUSDT دریافت شد: {'timestamp': 100, 'open': 10.0, 'high': 11.0, 'low': 9.0, 'close': 10.0, 'volume': 37.0}
2025-04-30 01:37:03,121 [INFO] تولید سیگنال برای BTCUSDT با داده‌های تستی
2025-04-30 01:37:03,121 [INFO] مقدار close برای BTCUSDT: 10.0
2025-04-30 01:37:03,123 [INFO] سیگنال تولید شد برای BTCUSDT: {'coin': 'BTCUSDT', 'type': 'BUY', 'price': 10.0, 'timestamp': 100}
2025-04-30 01:37:03,124 [INFO] ارسال سیگنال برای BTCUSDT: {'coin': 'BTCUSDT', 'type': 'BUY', 'price': 10.0, 'timestamp': 100}
2025-04-30 01:37:03,605 [INFO] پیام به تلگرام ارسال شد: سیگنال برای BTCUSDT
نوع: BUY
قیمت: 10.0
زمان: 100
2025-04-30 01:37:03,605 [INFO] سیگنال برای BTCUSDT ارسال شد: BUY
2025-04-30 01:37:03,607 [INFO] پردازش ETHUSDT
2025-04-30 01:37:04,045 [INFO] دریافت داده‌های تستی برای ETHUSDT
2025-04-30 01:37:04,046 [INFO] داده‌های OHLC برای ETHUSDT دریافت شد: {'timestamp': 100, 'open': 10.0, 'high': 11.0, 'low': 9.0, 'close': 10.0, 'volume': 37.0}
2025-04-30 01:37:04,047 [INFO] تولید سیگنال برای ETHUSDT با داده‌های تستی
2025-04-30 01:37:04,049 [INFO] مقدار close برای ETHUSDT: 10.0
2025-04-30 01:37:04,050 [INFO] سیگنال تولید شد برای ETHUSDT: {'coin': 'ETHUSDT', 'type': 'BUY', 'price': 10.0, 'timestamp': 100}
2025-04-30 01:37:04,050 [INFO] ارسال سیگنال برای ETHUSDT: {'coin': 'ETHUSDT', 'type': 'BUY', 'price': 10.0, 'timestamp': 100}
2025-04-30 01:37:04,223 [INFO] پیام به تلگرام ارسال شد: سیگنال برای ETHUSDT
نوع: BUY
قیمت: 10.0
زمان: 100
2025-04-30 01:37:04,224 [INFO] سیگنال برای ETHUSDT ارسال شد: BUY
2025-04-30 01:37:04,226 [INFO] پردازش BNBUSDT
2025-04-30 01:37:04,682 [INFO] دریافت داده‌های تستی برای BNBUSDT
2025-04-30 01:37:04,683 [INFO] داده‌های OHLC برای BNBUSDT دریافت شد: {'timestamp': 100, 'open': 10.0, 'high': 11.0, 'low': 9.0, 'close': 10.0, 'volume': 37.0}
2025-04-30 01:37:04,688 [INFO] تولید سیگنال برای BNBUSDT با داده‌های تستی
2025-04-30 01:37:04,689 [INFO] مقدار close برای BNBUSDT: 10.0
2025-04-30 01:37:04,690 [INFO] سیگنال تولید شد برای BNBUSDT: {'coin': 'BNBUSDT', 'type': 'BUY', 'price': 10.0, 'timestamp': 100}
2025-04-30 01:37:04,691 [INFO] ارسال سیگنال برای BNBUSDT: {'coin': 'BNBUSDT', 'type': 'BUY', 'price': 10.0, 'timestamp': 100}
2025-04-30 01:37:04,866 [INFO] پیام به تلگرام ارسال شد: سیگنال برای BNBUSDT
نوع: BUY
قیمت: 10.0
زمان: 100
2025-04-30 01:37:04,867 [INFO] سیگنال برای BNBUSDT ارسال شد: BUY
2025-04-30 01:37:04,870 [INFO] پردازش XRPUSDT
2025-04-30 01:37:05,300 [INFO] دریافت داده‌های تستی برای XRPUSDT
2025-04-30 01:37:05,302 [INFO] داده‌های OHLC برای XRPUSDT دریافت شد: {'timestamp': 100, 'open': 10.0, 'high': 11.0, 'low': 9.0, 'close': 10.0, 'volume': 37.0}
2025-04-30 01:37:05,303 [INFO] تولید سیگنال برای XRPUSDT با داده‌های تستی
2025-04-30 01:37:05,303 [INFO] مقدار close برای XRPUSDT: 10.0
2025-04-30 01:37:05,305 [INFO] سیگنال تولید شد برای XRPUSDT: {'coin': 'XRPUSDT', 'type': 'BUY', 'price': 10.0, 'timestamp': 100}
2025-04-30 01:37:05,306 [INFO] ارسال سیگنال برای XRPUSDT: {'coin': 'XRPUSDT', 'type': 'BUY', 'price': 10.0, 'timestamp': 100}
2025-04-30 01:37:05,504 [INFO] پیام به تلگرام ارسال شد: سیگنال برای XRPUSDT
نوع: BUY
قیمت: 10.0
زمان: 100
2025-04-30 01:37:05,506 [INFO] سیگنال برای XRPUSDT ارسال شد: BUY
2025-04-30 01:37:05,509 [INFO] پردازش ADAUSDT
2025-04-30 01:37:05,948 [INFO] دریافت داده‌های تستی برای ADAUSDT
2025-04-30 01:37:05,949 [INFO] داده‌های OHLC برای ADAUSDT دریافت شد: {'timestamp': 100, 'open': 10.0, 'high': 11.0, 'low': 9.0, 'close': 10.0, 'volume': 37.0}
2025-04-30 01:37:05,950 [INFO] تولید سیگنال برای ADAUSDT با داده‌های تستی
2025-04-30 01:37:05,952 [INFO] مقدار close برای ADAUSDT: 10.0
2025-04-30 01:37:05,953 [INFO] سیگنال تولید شد برای ADAUSDT: {'coin': 'ADAUSDT', 'type': 'BUY', 'price': 10.0, 'timestamp': 100}
2025-04-30 01:37:05,953 [INFO] ارسال سیگنال برای ADAUSDT: {'coin': 'ADAUSDT', 'type': 'BUY', 'price': 10.0, 'timestamp': 100}
2025-04-30 01:37:06,152 [INFO] پیام به تلگرام ارسال شد: سیگنال برای ADAUSDT
نوع: BUY
قیمت: 10.0
زمان: 100
2025-04-30 01:37:06,153 [INFO] سیگنال برای ADAUSDT ارسال شد: BUY
2025-04-30 01:37:06,156 [INFO] پردازش SOLUSDT
2025-04-30 01:37:06,599 [INFO] دریافت داده‌های تستی برای SOLUSDT
2025-04-30 01:37:06,600 [INFO] داده‌های OHLC برای SOLUSDT دریافت شد: {'timestamp': 100, 'open': 10.0, 'high': 11.0, 'low': 9.0, 'close': 10.0, 'volume': 37.0}
2025-04-30 01:37:06,603 [INFO] تولید سیگنال برای SOLUSDT با داده‌های تستی
2025-04-30 01:37:06,604 [INFO] مقدار close برای SOLUSDT: 10.0
2025-04-30 01:37:06,605 [INFO] سیگنال تولید شد برای SOLUSDT: {'coin': 'SOLUSDT', 'type': 'BUY', 'price': 10.0, 'timestamp': 100}
2025-04-30 01:37:06,606 [INFO] ارسال سیگنال برای SOLUSDT: {'coin': 'SOLUSDT', 'type': 'BUY', 'price': 10.0, 'timestamp': 100}
2025-04-30 01:37:06,848 [INFO] پیام به تلگرام ارسال شد: سیگنال برای SOLUSDT
نوع: BUY
قیمت: 10.0
زمان: 100
2025-04-30 01:37:06,848 [INFO] سیگنال برای SOLUSDT ارسال شد: BUY
2025-04-30 01:37:06,851 [INFO] پردازش DOTUSDT
2025-04-30 01:37:07,308 [INFO] دریافت داده‌های تستی برای DOTUSDT
2025-04-30 01:37:07,310 [INFO] داده‌های OHLC برای DOTUSDT دریافت شد: {'timestamp': 100, 'open': 10.0, 'high': 11.0, 'low': 9.0, 'close': 10.0, 'volume': 37.0}
2025-04-30 01:37:07,311 [INFO] تولید سیگنال برای DOTUSDT با داده‌های تستی
2025-04-30 01:37:07,312 [INFO] مقدار close برای DOTUSDT: 10.0
2025-04-30 01:37:07,313 [INFO] سیگنال تولید شد برای DOTUSDT: {'coin': 'DOTUSDT', 'type': 'BUY', 'price': 10.0, 'timestamp': 100}
2025-04-30 01:37:07,314 [INFO] ارسال سیگنال برای DOTUSDT: {'coin': 'DOTUSDT', 'type': 'BUY', 'price': 10.0, 'timestamp': 100}
2025-04-30 01:37:07,546 [INFO] پیام به تلگرام ارسال شد: سیگنال برای DOTUSDT
نوع: BUY
قیمت: 10.0
زمان: 100
2025-04-30 01:37:07,546 [INFO] سیگنال برای DOTUSDT ارسال شد: BUY
2025-04-30 01:37:07,549 [INFO] پردازش DOGEUSDT
2025-04-30 01:37:07,996 [INFO] دریافت داده‌های تستی برای DOGEUSDT
2025-04-30 01:37:07,998 [INFO] داده‌های OHLC برای DOGEUSDT دریافت شد: {'timestamp': 100, 'open': 10.0, 'high': 11.0, 'low': 9.0, 'close': 10.0, 'volume': 37.0}
2025-04-30 01:37:08,000 [INFO] تولید سیگنال برای DOGEUSDT با داده‌های تستی
2025-04-30 01:37:08,001 [INFO] مقدار close برای DOGEUSDT: 10.0
2025-04-30 01:37:08,002 [INFO] سیگنال تولید شد برای DOGEUSDT: {'coin': 'DOGEUSDT', 'type': 'BUY', 'price': 10.0, 'timestamp': 100}
2025-04-30 01:37:08,003 [INFO] ارسال سیگنال برای DOGEUSDT: {'coin': 'DOGEUSDT', 'type': 'BUY', 'price': 10.0, 'timestamp': 100}
2025-04-30 01:37:08,200 [INFO] پیام به تلگرام ارسال شد: سیگنال برای DOGEUSDT
نوع: BUY
قیمت: 10.0
زمان: 100
2025-04-30 01:37:08,201 [INFO] سیگنال برای DOGEUSDT ارسال شد: BUY
2025-04-30 01:37:08,204 [INFO] پردازش AVAXUSDT
2025-04-30 01:37:08,662 [INFO] دریافت داده‌های تستی برای AVAXUSDT
2025-04-30 01:37:08,664 [INFO] داده‌های OHLC برای AVAXUSDT دریافت شد: {'timestamp': 100, 'open': 10.0, 'high': 11.0, 'low': 9.0, 'close': 10.0, 'volume': 37.0}
2025-04-30 01:37:08,664 [INFO] تولید سیگنال برای AVAXUSDT با داده‌های تستی
2025-04-30 01:37:08,665 [INFO] مقدار close برای AVAXUSDT: 10.0
2025-04-30 01:37:08,665 [INFO] سیگنال تولید شد برای AVAXUSDT: {'coin': 'AVAXUSDT', 'type': 'BUY', 'price': 10.0, 'timestamp': 100}
2025-04-30 01:37:08,666 [INFO] ارسال سیگنال برای AVAXUSDT: {'coin': 'AVAXUSDT', 'type': 'BUY', 'price': 10.0, 'timestamp': 100}
2025-04-30 01:37:08,830 [INFO] پیام به تلگرام ارسال شد: سیگنال برای AVAXUSDT
نوع: BUY
قیمت: 10.0
زمان: 100
2025-04-30 01:37:08,831 [INFO] سیگنال برای AVAXUSDT ارسال شد: BUY
2025-04-30 01:37:08,834 [INFO] پردازش MATICUSDT
2025-04-30 01:37:09,291 [INFO] دریافت داده‌های تستی برای MATICUSDT
2025-04-30 01:37:09,292 [INFO] داده‌های OHLC برای MATICUSDT دریافت شد: {'timestamp': 100, 'open': 10.0, 'high': 11.0, 'low': 9.0, 'close': 10.0, 'volume': 37.0}
2025-04-30 01:37:09,295 [INFO] تولید سیگنال برای MATICUSDT با داده‌های تستی
2025-04-30 01:37:09,296 [INFO] مقدار close برای MATICUSDT: 10.0
2025-04-30 01:37:09,297 [INFO] سیگنال تولید شد برای MATICUSDT: {'coin': 'MATICUSDT', 'type': 'BUY', 'price': 10.0, 'timestamp': 100}
2025-04-30 01:37:09,297 [INFO] ارسال سیگنال برای MATICUSDT: {'coin': 'MATICUSDT', 'type': 'BUY', 'price': 10.0, 'timestamp': 100}
2025-04-30 01:37:09,464 [INFO] پیام به تلگرام ارسال شد: سیگنال برای MATICUSDT
نوع: BUY
قیمت: 10.0
زمان: 100
2025-04-30 01:37:09,464 [INFO] سیگنال برای MATICUSDT ارسال شد: BUY
2025-04-30 01:37:09,465 [INFO] انتظار برای چرخه بعدی (15 دقیقه)
2025-04-30 01:45:48,958 [INFO] شروع بارگذاری تنظیمات
2025-04-30 01:45:48,960 [INFO] تنظیمات بارگذاری شد: {'xt_api_url': 'https://api.xt.com', 'timeframe': '15m', 'sma_short_period': 9, 'sma_long_period': 21, 'rsi_period': 14, 'macd_fast': 12, 'macd_slow': 26, 'macd_signal': 9, 'atr_period': 14, 'telegram_chat_id': '96545679'}
2025-04-30 01:45:48,960 [INFO] مقداردهی اولیه XT API
2025-04-30 01:45:48,963 [INFO] مقداردهی اولیه API برای XT انجام شد
2025-04-30 01:45:48,963 [INFO] مقداردهی اولیه بات تلگرام
2025-04-30 01:45:50,767 [INFO] مقداردهی اولیه بات تلگرام انجام شد
2025-04-30 01:45:50,767 [INFO] بارگذاری لیست ارزها
2025-04-30 01:45:50,768 [INFO] ارزهای بارگذاری‌شده: ['BTCUSDT', 'ETHUSDT', 'BNBUSDT', 'XRPUSDT', 'ADAUSDT', 'SOLUSDT', 'DOTUSDT', 'DOGEUSDT', 'AVAXUSDT', 'MATICUSDT']
2025-04-30 01:45:50,771 [INFO] مقداردهی اولیه استراتژی برای تست با JSONPlaceholder
2025-04-30 01:45:50,772 [INFO] بات SIGNAL-BOT با موفقیت شروع شد
2025-04-30 01:45:50,772 [INFO] پردازش BTCUSDT
2025-04-30 01:45:51,561 [WARNING] خطای 503 برای BTCUSDT. تلاش مجدد 1/3 پس از 5 ثانیه...
2025-04-30 01:45:57,660 [WARNING] خطای 503 برای BTCUSDT. تلاش مجدد 2/3 پس از 5 ثانیه...
2025-04-30 01:45:59,159 [INFO] بات به‌صورت دستی متوقف شد
2025-04-30 01:46:17,935 [INFO] شروع بارگذاری تنظیمات
2025-04-30 01:46:17,936 [INFO] تنظیمات بارگذاری شد: {'xt_api_url': 'https://api.xt.com', 'timeframe': '15m', 'sma_short_period': 9, 'sma_long_period': 21, 'rsi_period': 14, 'macd_fast': 12, 'macd_slow': 26, 'macd_signal': 9, 'atr_period': 14, 'telegram_chat_id': '96545679'}
2025-04-30 01:46:17,937 [INFO] مقداردهی اولیه XT API
2025-04-30 01:46:17,941 [INFO] مقداردهی اولیه API برای XT انجام شد
2025-04-30 01:46:17,941 [INFO] مقداردهی اولیه بات تلگرام
2025-04-30 01:46:19,769 [INFO] مقداردهی اولیه بات تلگرام انجام شد
2025-04-30 01:46:19,769 [INFO] بارگذاری لیست ارزها
2025-04-30 01:46:19,771 [INFO] ارزهای بارگذاری‌شده: ['BTCUSDT', 'ETHUSDT', 'BNBUSDT', 'XRPUSDT', 'ADAUSDT', 'SOLUSDT', 'DOTUSDT', 'DOGEUSDT', 'AVAXUSDT', 'MATICUSDT']
2025-04-30 01:46:19,774 [INFO] مقداردهی اولیه استراتژی برای تست با JSONPlaceholder
2025-04-30 01:46:19,774 [INFO] بات SIGNAL-BOT با موفقیت شروع شد
2025-04-30 01:46:19,775 [INFO] پردازش BTCUSDT
2025-04-30 01:46:20,516 [WARNING] خطای 503 برای BTCUSDT. تلاش مجدد 1/3 پس از 5 ثانیه...
2025-04-30 01:46:23,426 [INFO] بات به‌صورت دستی متوقف شد
2025-04-30 01:56:47,493 [INFO] شروع بارگذاری تنظیمات
2025-04-30 01:56:47,494 [INFO] تنظیمات بارگذاری شد: {'xt_api_url': 'https://api.xt.com', 'timeframe': '15m', 'sma_short_period': 9, 'sma_long_period': 21, 'rsi_period': 14, 'macd_fast': 12, 'macd_slow': 26, 'macd_signal': 9, 'atr_period': 14, 'telegram_chat_id': '96545679'}
2025-04-30 01:56:47,495 [INFO] مقداردهی اولیه XT API
2025-04-30 01:56:47,497 [INFO] مقداردهی اولیه API برای XT انجام شد
2025-04-30 01:56:47,497 [INFO] مقداردهی اولیه بات تلگرام
2025-04-30 01:56:49,342 [INFO] مقداردهی اولیه بات تلگرام انجام شد
2025-04-30 01:56:49,343 [INFO] بارگذاری لیست ارزها
2025-04-30 01:56:49,344 [INFO] ارزهای بارگذاری‌شده: ['BTCUSDT', 'ETHUSDT', 'BNBUSDT', 'XRPUSDT', 'ADAUSDT', 'SOLUSDT', 'DOTUSDT', 'DOGEUSDT', 'AVAXUSDT', 'MATICUSDT']
2025-04-30 01:56:49,344 [INFO] مقداردهی اولیه استراتژی برای تست با JSONPlaceholder
2025-04-30 01:56:49,345 [INFO] بات SIGNAL-BOT با موفقیت شروع شد
2025-04-30 01:56:49,346 [INFO] پردازش BTCUSDT
2025-04-30 01:56:50,373 [WARNING] خطای 503 برای BTCUSDT. تلاش مجدد 1/3 پس از 5 ثانیه...
2025-04-30 01:56:56,375 [WARNING] خطای 503 برای BTCUSDT. تلاش مجدد 2/3 پس از 5 ثانیه...
2025-04-30 01:57:02,167 [WARNING] خطای 503 برای BTCUSDT. تلاش مجدد 3/3 پس از 5 ثانیه...
2025-04-30 01:57:07,168 [ERROR] تلاش‌ها برای BTCUSDT ناموفق بود پس از 3 بار
2025-04-30 01:57:07,168 [WARNING] داده‌های OHLC برای BTCUSDT دریافت نشد
2025-04-30 01:57:07,171 [INFO] پردازش ETHUSDT
2025-04-30 01:57:08,057 [WARNING] خطای 503 برای ETHUSDT. تلاش مجدد 1/3 پس از 5 ثانیه...
2025-04-30 01:57:14,232 [WARNING] خطای 503 برای ETHUSDT. تلاش مجدد 2/3 پس از 5 ثانیه...
2025-04-30 01:57:20,138 [WARNING] خطای 503 برای ETHUSDT. تلاش مجدد 3/3 پس از 5 ثانیه...
2025-04-30 01:57:25,139 [ERROR] تلاش‌ها برای ETHUSDT ناموفق بود پس از 3 بار
2025-04-30 01:57:25,140 [WARNING] داده‌های OHLC برای ETHUSDT دریافت نشد
2025-04-30 01:57:25,141 [INFO] پردازش BNBUSDT
2025-04-30 01:57:26,215 [WARNING] خطای 503 برای BNBUSDT. تلاش مجدد 1/3 پس از 5 ثانیه...
2025-04-30 01:57:32,106 [WARNING] خطای 503 برای BNBUSDT. تلاش مجدد 2/3 پس از 5 ثانیه...
2025-04-30 01:57:38,072 [WARNING] خطای 503 برای BNBUSDT. تلاش مجدد 3/3 پس از 5 ثانیه...
2025-04-30 01:57:43,073 [ERROR] تلاش‌ها برای BNBUSDT ناموفق بود پس از 3 بار
2025-04-30 01:57:43,074 [WARNING] داده‌های OHLC برای BNBUSDT دریافت نشد
2025-04-30 01:57:43,075 [INFO] پردازش XRPUSDT
2025-04-30 01:57:43,925 [WARNING] خطای 503 برای XRPUSDT. تلاش مجدد 1/3 پس از 5 ثانیه...
2025-04-30 01:57:49,880 [WARNING] خطای 503 برای XRPUSDT. تلاش مجدد 2/3 پس از 5 ثانیه...
2025-04-30 01:57:55,898 [WARNING] خطای 503 برای XRPUSDT. تلاش مجدد 3/3 پس از 5 ثانیه...
2025-04-30 01:58:00,899 [ERROR] تلاش‌ها برای XRPUSDT ناموفق بود پس از 3 بار
2025-04-30 01:58:00,900 [WARNING] داده‌های OHLC برای XRPUSDT دریافت نشد
2025-04-30 01:58:00,901 [INFO] پردازش ADAUSDT
2025-04-30 01:58:01,763 [WARNING] خطای 503 برای ADAUSDT. تلاش مجدد 1/3 پس از 5 ثانیه...
2025-04-30 01:58:07,784 [WARNING] خطای 503 برای ADAUSDT. تلاش مجدد 2/3 پس از 5 ثانیه...
2025-04-30 01:58:13,661 [WARNING] خطای 503 برای ADAUSDT. تلاش مجدد 3/3 پس از 5 ثانیه...
2025-04-30 01:58:18,662 [ERROR] تلاش‌ها برای ADAUSDT ناموفق بود پس از 3 بار
2025-04-30 01:58:18,663 [WARNING] داده‌های OHLC برای ADAUSDT دریافت نشد
2025-04-30 01:58:18,663 [INFO] پردازش SOLUSDT
2025-04-30 01:58:19,558 [WARNING] خطای 503 برای SOLUSDT. تلاش مجدد 1/3 پس از 5 ثانیه...
2025-04-30 01:58:25,600 [WARNING] خطای 503 برای SOLUSDT. تلاش مجدد 2/3 پس از 5 ثانیه...
2025-04-30 01:58:31,642 [WARNING] خطای 503 برای SOLUSDT. تلاش مجدد 3/3 پس از 5 ثانیه...
2025-04-30 01:58:36,644 [ERROR] تلاش‌ها برای SOLUSDT ناموفق بود پس از 3 بار
2025-04-30 01:58:36,645 [WARNING] داده‌های OHLC برای SOLUSDT دریافت نشد
2025-04-30 01:58:36,648 [INFO] پردازش DOTUSDT
2025-04-30 01:58:37,581 [WARNING] خطای 503 برای DOTUSDT. تلاش مجدد 1/3 پس از 5 ثانیه...
2025-04-30 01:58:43,518 [WARNING] خطای 503 برای DOTUSDT. تلاش مجدد 2/3 پس از 5 ثانیه...
2025-04-30 01:58:49,355 [WARNING] خطای 503 برای DOTUSDT. تلاش مجدد 3/3 پس از 5 ثانیه...
2025-04-30 01:58:54,357 [ERROR] تلاش‌ها برای DOTUSDT ناموفق بود پس از 3 بار
2025-04-30 01:58:54,358 [WARNING] داده‌های OHLC برای DOTUSDT دریافت نشد
2025-04-30 01:58:54,360 [INFO] پردازش DOGEUSDT
2025-04-30 01:58:55,295 [WARNING] خطای 503 برای DOGEUSDT. تلاش مجدد 1/3 پس از 5 ثانیه...
2025-04-30 01:59:01,263 [WARNING] خطای 503 برای DOGEUSDT. تلاش مجدد 2/3 پس از 5 ثانیه...
2025-04-30 01:59:07,162 [WARNING] خطای 503 برای DOGEUSDT. تلاش مجدد 3/3 پس از 5 ثانیه...
2025-04-30 01:59:12,164 [ERROR] تلاش‌ها برای DOGEUSDT ناموفق بود پس از 3 بار
2025-04-30 01:59:12,165 [WARNING] داده‌های OHLC برای DOGEUSDT دریافت نشد
2025-04-30 01:59:12,167 [INFO] پردازش AVAXUSDT
2025-04-30 01:59:13,111 [WARNING] خطای 503 برای AVAXUSDT. تلاش مجدد 1/3 پس از 5 ثانیه...
2025-04-30 01:59:18,885 [WARNING] خطای 503 برای AVAXUSDT. تلاش مجدد 2/3 پس از 5 ثانیه...
2025-04-30 01:59:25,296 [WARNING] خطای 503 برای AVAXUSDT. تلاش مجدد 3/3 پس از 5 ثانیه...
2025-04-30 01:59:30,298 [ERROR] تلاش‌ها برای AVAXUSDT ناموفق بود پس از 3 بار
2025-04-30 01:59:30,298 [WARNING] داده‌های OHLC برای AVAXUSDT دریافت نشد
2025-04-30 01:59:30,299 [INFO] پردازش MATICUSDT
2025-04-30 01:59:31,327 [WARNING] خطای 503 برای MATICUSDT. تلاش مجدد 1/3 پس از 5 ثانیه...
2025-04-30 01:59:37,181 [WARNING] خطای 503 برای MATICUSDT. تلاش مجدد 2/3 پس از 5 ثانیه...
2025-04-30 01:59:42,938 [WARNING] خطای 503 برای MATICUSDT. تلاش مجدد 3/3 پس از 5 ثانیه...
2025-04-30 01:59:47,939 [ERROR] تلاش‌ها برای MATICUSDT ناموفق بود پس از 3 بار
2025-04-30 01:59:47,939 [WARNING] داده‌های OHLC برای MATICUSDT دریافت نشد
2025-04-30 01:59:47,940 [INFO] انتظار برای چرخه بعدی (15 دقیقه)
2025-04-30 02:14:47,946 [INFO] پردازش BTCUSDT
2025-04-30 02:14:48,753 [WARNING] خطای 503 برای BTCUSDT. تلاش مجدد 1/3 پس از 5 ثانیه...
2025-04-30 02:14:54,581 [WARNING] خطای 503 برای BTCUSDT. تلاش مجدد 2/3 پس از 5 ثانیه...
2025-04-30 02:15:00,860 [WARNING] خطای 503 برای BTCUSDT. تلاش مجدد 3/3 پس از 5 ثانیه...
2025-04-30 02:15:05,862 [ERROR] تلاش‌ها برای BTCUSDT ناموفق بود پس از 3 بار
2025-04-30 02:15:05,863 [WARNING] داده‌های OHLC برای BTCUSDT دریافت نشد
2025-04-30 02:15:05,865 [INFO] پردازش ETHUSDT
2025-04-30 02:15:06,697 [WARNING] خطای 503 برای ETHUSDT. تلاش مجدد 1/3 پس از 5 ثانیه...
2025-04-30 02:15:12,561 [WARNING] خطای 503 برای ETHUSDT. تلاش مجدد 2/3 پس از 5 ثانیه...
2025-04-30 02:15:18,339 [WARNING] خطای 503 برای ETHUSDT. تلاش مجدد 3/3 پس از 5 ثانیه...
2025-04-30 02:15:23,340 [ERROR] تلاش‌ها برای ETHUSDT ناموفق بود پس از 3 بار
2025-04-30 02:15:23,341 [WARNING] داده‌های OHLC برای ETHUSDT دریافت نشد
2025-04-30 02:15:23,342 [INFO] پردازش BNBUSDT
2025-04-30 02:15:24,162 [WARNING] خطای 503 برای BNBUSDT. تلاش مجدد 1/3 پس از 5 ثانیه...
2025-04-30 02:15:30,093 [WARNING] خطای 503 برای BNBUSDT. تلاش مجدد 2/3 پس از 5 ثانیه...
2025-04-30 02:15:35,996 [WARNING] خطای 503 برای BNBUSDT. تلاش مجدد 3/3 پس از 5 ثانیه...
2025-04-30 02:15:40,998 [ERROR] تلاش‌ها برای BNBUSDT ناموفق بود پس از 3 بار
2025-04-30 02:15:40,999 [WARNING] داده‌های OHLC برای BNBUSDT دریافت نشد
2025-04-30 02:15:41,006 [INFO] پردازش XRPUSDT
2025-04-30 02:15:41,831 [WARNING] خطای 503 برای XRPUSDT. تلاش مجدد 1/3 پس از 5 ثانیه...
2025-04-30 02:15:47,658 [WARNING] خطای 503 برای XRPUSDT. تلاش مجدد 2/3 پس از 5 ثانیه...
2025-04-30 02:15:53,511 [WARNING] خطای 503 برای XRPUSDT. تلاش مجدد 3/3 پس از 5 ثانیه...
2025-04-30 02:15:58,512 [ERROR] تلاش‌ها برای XRPUSDT ناموفق بود پس از 3 بار
2025-04-30 02:15:58,513 [WARNING] داده‌های OHLC برای XRPUSDT دریافت نشد
2025-04-30 02:15:58,514 [INFO] پردازش ADAUSDT
2025-04-30 02:15:59,459 [WARNING] خطای 503 برای ADAUSDT. تلاش مجدد 1/3 پس از 5 ثانیه...
2025-04-30 02:16:05,273 [WARNING] خطای 503 برای ADAUSDT. تلاش مجدد 2/3 پس از 5 ثانیه...
2025-04-30 02:16:11,002 [WARNING] خطای 503 برای ADAUSDT. تلاش مجدد 3/3 پس از 5 ثانیه...
2025-04-30 02:16:16,003 [ERROR] تلاش‌ها برای ADAUSDT ناموفق بود پس از 3 بار
2025-04-30 02:16:16,004 [WARNING] داده‌های OHLC برای ADAUSDT دریافت نشد
2025-04-30 02:16:16,010 [INFO] پردازش SOLUSDT
2025-04-30 02:16:16,761 [WARNING] خطای 503 برای SOLUSDT. تلاش مجدد 1/3 پس از 5 ثانیه...
2025-04-30 02:16:22,510 [WARNING] خطای 503 برای SOLUSDT. تلاش مجدد 2/3 پس از 5 ثانیه...
2025-04-30 02:16:28,244 [WARNING] خطای 503 برای SOLUSDT. تلاش مجدد 3/3 پس از 5 ثانیه...
2025-04-30 02:16:33,246 [ERROR] تلاش‌ها برای SOLUSDT ناموفق بود پس از 3 بار
2025-04-30 02:16:33,247 [WARNING] داده‌های OHLC برای SOLUSDT دریافت نشد
2025-04-30 02:16:33,253 [INFO] پردازش DOTUSDT
2025-04-30 02:16:33,981 [WARNING] خطای 503 برای DOTUSDT. تلاش مجدد 1/3 پس از 5 ثانیه...
2025-04-30 02:16:39,747 [WARNING] خطای 503 برای DOTUSDT. تلاش مجدد 2/3 پس از 5 ثانیه...
2025-04-30 02:16:45,490 [WARNING] خطای 503 برای DOTUSDT. تلاش مجدد 3/3 پس از 5 ثانیه...
2025-04-30 02:16:50,491 [ERROR] تلاش‌ها برای DOTUSDT ناموفق بود پس از 3 بار
2025-04-30 02:16:50,492 [WARNING] داده‌های OHLC برای DOTUSDT دریافت نشد
2025-04-30 02:16:50,496 [INFO] پردازش DOGEUSDT
2025-04-30 02:16:51,279 [WARNING] خطای 503 برای DOGEUSDT. تلاش مجدد 1/3 پس از 5 ثانیه...
2025-04-30 02:16:57,026 [WARNING] خطای 503 برای DOGEUSDT. تلاش مجدد 2/3 پس از 5 ثانیه...
2025-04-30 02:17:11,209 [WARNING] خطای 503 برای DOGEUSDT. تلاش مجدد 3/3 پس از 5 ثانیه...
2025-04-30 02:17:16,211 [ERROR] تلاش‌ها برای DOGEUSDT ناموفق بود پس از 3 بار
2025-04-30 02:17:16,211 [WARNING] داده‌های OHLC برای DOGEUSDT دریافت نشد
2025-04-30 02:17:16,213 [INFO] پردازش AVAXUSDT
2025-04-30 02:17:16,974 [WARNING] خطای 503 برای AVAXUSDT. تلاش مجدد 1/3 پس از 5 ثانیه...
2025-04-30 02:17:22,724 [WARNING] خطای 503 برای AVAXUSDT. تلاش مجدد 2/3 پس از 5 ثانیه...
2025-04-30 02:17:28,457 [WARNING] خطای 503 برای AVAXUSDT. تلاش مجدد 3/3 پس از 5 ثانیه...
2025-04-30 02:17:33,458 [ERROR] تلاش‌ها برای AVAXUSDT ناموفق بود پس از 3 بار
2025-04-30 02:17:39,105 [WARNING] داده‌های OHLC برای AVAXUSDT دریافت نشد
2025-04-30 02:17:39,111 [INFO] پردازش MATICUSDT
2025-04-30 02:17:39,870 [WARNING] خطای 503 برای MATICUSDT. تلاش مجدد 1/3 پس از 5 ثانیه...
2025-04-30 02:17:45,616 [WARNING] خطای 503 برای MATICUSDT. تلاش مجدد 2/3 پس از 5 ثانیه...
2025-04-30 02:17:51,354 [WARNING] خطای 503 برای MATICUSDT. تلاش مجدد 3/3 پس از 5 ثانیه...
2025-04-30 02:17:56,355 [ERROR] تلاش‌ها برای MATICUSDT ناموفق بود پس از 3 بار
2025-04-30 02:17:56,356 [WARNING] داده‌های OHLC برای MATICUSDT دریافت نشد
2025-04-30 02:17:56,359 [INFO] انتظار برای چرخه بعدی (15 دقیقه)
2025-04-30 02:21:05,568 [INFO] شروع بارگذاری تنظیمات
2025-04-30 02:21:05,577 [INFO] تنظیمات بارگذاری شد: {'xt_api_url': 'https://jsonplaceholder.typicode.com', 'timeframe': '15m', 'sma_short_period': 9, 'sma_long_period': 21, 'rsi_period': 14, 'macd_fast': 12, 'macd_slow': 26, 'macd_signal': 9, 'atr_period': 14, 'telegram_chat_id': '96545679'}
2025-04-30 02:21:05,578 [INFO] مقداردهی اولیه XT API
2025-04-30 02:21:05,579 [INFO] مقداردهی اولیه API برای تست انجام شد
2025-04-30 02:21:05,579 [INFO] مقداردهی اولیه بات تلگرام
2025-04-30 02:21:07,416 [INFO] مقداردهی اولیه بات تلگرام انجام شد
2025-04-30 02:21:07,416 [INFO] بارگذاری لیست ارزها
2025-04-30 02:21:07,418 [INFO] ارزهای بارگذاری‌شده: ['BTCUSDT', 'ETHUSDT', 'BNBUSDT', 'XRPUSDT', 'ADAUSDT', 'SOLUSDT', 'DOTUSDT', 'DOGEUSDT', 'AVAXUSDT', 'MATICUSDT']
2025-04-30 02:21:07,421 [INFO] مقداردهی اولیه استراتژی برای تست با JSONPlaceholder
2025-04-30 02:21:07,421 [INFO] بات SIGNAL-BOT با موفقیت شروع شد
2025-04-30 02:21:07,422 [INFO] پردازش BTCUSDT
2025-04-30 02:21:08,076 [INFO] دریافت داده‌های تستی برای BTCUSDT
2025-04-30 02:21:08,078 [INFO] داده‌های OHLC برای BTCUSDT دریافت شد: {'timestamp': 100, 'open': 10.0, 'high': 11.0, 'low': 9.0, 'close': 10.0, 'volume': 37.0}
2025-04-30 02:21:08,079 [INFO] تولید سیگنال برای BTCUSDT با داده‌های تستی
2025-04-30 02:21:08,083 [INFO] مقدار close برای BTCUSDT: 10.0
2025-04-30 02:21:08,084 [INFO] سیگنال تولید شد برای BTCUSDT: {'coin': 'BTCUSDT', 'type': 'BUY', 'price': 10.0, 'timestamp': 100}
2025-04-30 02:21:08,085 [INFO] ارسال سیگنال برای BTCUSDT: {'coin': 'BTCUSDT', 'type': 'BUY', 'price': 10.0, 'timestamp': 100}
2025-04-30 02:21:08,611 [INFO] پیام به تلگرام ارسال شد: سیگنال برای BTCUSDT
نوع: BUY
قیمت: 10.0
زمان: 100
2025-04-30 02:21:08,612 [INFO] سیگنال برای BTCUSDT ارسال شد: BUY
2025-04-30 02:21:08,615 [INFO] پردازش ETHUSDT
2025-04-30 02:21:09,074 [INFO] دریافت داده‌های تستی برای ETHUSDT
2025-04-30 02:21:09,076 [INFO] داده‌های OHLC برای ETHUSDT دریافت شد: {'timestamp': 100, 'open': 10.0, 'high': 11.0, 'low': 9.0, 'close': 10.0, 'volume': 37.0}
2025-04-30 02:21:09,077 [INFO] تولید سیگنال برای ETHUSDT با داده‌های تستی
2025-04-30 02:21:09,080 [INFO] مقدار close برای ETHUSDT: 10.0
2025-04-30 02:21:09,082 [INFO] سیگنال تولید شد برای ETHUSDT: {'coin': 'ETHUSDT', 'type': 'BUY', 'price': 10.0, 'timestamp': 100}
2025-04-30 02:21:09,084 [INFO] ارسال سیگنال برای ETHUSDT: {'coin': 'ETHUSDT', 'type': 'BUY', 'price': 10.0, 'timestamp': 100}
2025-04-30 02:21:09,290 [INFO] پیام به تلگرام ارسال شد: سیگنال برای ETHUSDT
نوع: BUY
قیمت: 10.0
زمان: 100
2025-04-30 02:21:09,290 [INFO] سیگنال برای ETHUSDT ارسال شد: BUY
2025-04-30 02:21:09,293 [INFO] پردازش BNBUSDT
2025-04-30 02:21:09,730 [INFO] دریافت داده‌های تستی برای BNBUSDT
2025-04-30 02:21:09,732 [INFO] داده‌های OHLC برای BNBUSDT دریافت شد: {'timestamp': 100, 'open': 10.0, 'high': 11.0, 'low': 9.0, 'close': 10.0, 'volume': 37.0}
2025-04-30 02:21:09,734 [INFO] تولید سیگنال برای BNBUSDT با داده‌های تستی
2025-04-30 02:21:09,736 [INFO] مقدار close برای BNBUSDT: 10.0
2025-04-30 02:21:09,737 [INFO] سیگنال تولید شد برای BNBUSDT: {'coin': 'BNBUSDT', 'type': 'BUY', 'price': 10.0, 'timestamp': 100}
2025-04-30 02:21:09,737 [INFO] ارسال سیگنال برای BNBUSDT: {'coin': 'BNBUSDT', 'type': 'BUY', 'price': 10.0, 'timestamp': 100}
2025-04-30 02:21:09,933 [INFO] پیام به تلگرام ارسال شد: سیگنال برای BNBUSDT
نوع: BUY
قیمت: 10.0
زمان: 100
2025-04-30 02:21:09,933 [INFO] سیگنال برای BNBUSDT ارسال شد: BUY
2025-04-30 02:21:09,938 [INFO] پردازش XRPUSDT
2025-04-30 02:21:10,440 [INFO] دریافت داده‌های تستی برای XRPUSDT
2025-04-30 02:21:10,442 [INFO] داده‌های OHLC برای XRPUSDT دریافت شد: {'timestamp': 100, 'open': 10.0, 'high': 11.0, 'low': 9.0, 'close': 10.0, 'volume': 37.0}
2025-04-30 02:21:10,443 [INFO] تولید سیگنال برای XRPUSDT با داده‌های تستی
2025-04-30 02:21:10,446 [INFO] مقدار close برای XRPUSDT: 10.0
2025-04-30 02:21:10,446 [INFO] سیگنال تولید شد برای XRPUSDT: {'coin': 'XRPUSDT', 'type': 'BUY', 'price': 10.0, 'timestamp': 100}
2025-04-30 02:21:10,447 [INFO] ارسال سیگنال برای XRPUSDT: {'coin': 'XRPUSDT', 'type': 'BUY', 'price': 10.0, 'timestamp': 100}
2025-04-30 02:21:10,702 [INFO] پیام به تلگرام ارسال شد: سیگنال برای XRPUSDT
نوع: BUY
قیمت: 10.0
زمان: 100
2025-04-30 02:21:10,703 [INFO] سیگنال برای XRPUSDT ارسال شد: BUY
2025-04-30 02:21:10,707 [INFO] پردازش ADAUSDT
2025-04-30 02:21:11,161 [INFO] دریافت داده‌های تستی برای ADAUSDT
2025-04-30 02:21:11,162 [INFO] داده‌های OHLC برای ADAUSDT دریافت شد: {'timestamp': 100, 'open': 10.0, 'high': 11.0, 'low': 9.0, 'close': 10.0, 'volume': 37.0}
2025-04-30 02:21:11,163 [INFO] تولید سیگنال برای ADAUSDT با داده‌های تستی
2025-04-30 02:21:11,165 [INFO] مقدار close برای ADAUSDT: 10.0
2025-04-30 02:21:11,166 [INFO] سیگنال تولید شد برای ADAUSDT: {'coin': 'ADAUSDT', 'type': 'BUY', 'price': 10.0, 'timestamp': 100}
2025-04-30 02:21:11,168 [INFO] ارسال سیگنال برای ADAUSDT: {'coin': 'ADAUSDT', 'type': 'BUY', 'price': 10.0, 'timestamp': 100}
2025-04-30 02:21:11,354 [INFO] پیام به تلگرام ارسال شد: سیگنال برای ADAUSDT
نوع: BUY
قیمت: 10.0
زمان: 100
2025-04-30 02:21:11,355 [INFO] سیگنال برای ADAUSDT ارسال شد: BUY
2025-04-30 02:21:11,357 [INFO] پردازش SOLUSDT
2025-04-30 02:21:11,818 [INFO] دریافت داده‌های تستی برای SOLUSDT
2025-04-30 02:21:11,818 [INFO] داده‌های OHLC برای SOLUSDT دریافت شد: {'timestamp': 100, 'open': 10.0, 'high': 11.0, 'low': 9.0, 'close': 10.0, 'volume': 37.0}
2025-04-30 02:21:11,819 [INFO] تولید سیگنال برای SOLUSDT با داده‌های تستی
2025-04-30 02:21:11,822 [INFO] مقدار close برای SOLUSDT: 10.0
2025-04-30 02:21:11,822 [INFO] سیگنال تولید شد برای SOLUSDT: {'coin': 'SOLUSDT', 'type': 'BUY', 'price': 10.0, 'timestamp': 100}
2025-04-30 02:21:11,823 [INFO] ارسال سیگنال برای SOLUSDT: {'coin': 'SOLUSDT', 'type': 'BUY', 'price': 10.0, 'timestamp': 100}
2025-04-30 02:21:11,991 [INFO] پیام به تلگرام ارسال شد: سیگنال برای SOLUSDT
نوع: BUY
قیمت: 10.0
زمان: 100
2025-04-30 02:21:11,992 [INFO] سیگنال برای SOLUSDT ارسال شد: BUY
2025-04-30 02:21:11,995 [INFO] پردازش DOTUSDT
2025-04-30 02:21:12,487 [INFO] دریافت داده‌های تستی برای DOTUSDT
2025-04-30 02:21:12,489 [INFO] داده‌های OHLC برای DOTUSDT دریافت شد: {'timestamp': 100, 'open': 10.0, 'high': 11.0, 'low': 9.0, 'close': 10.0, 'volume': 37.0}
2025-04-30 02:21:12,491 [INFO] تولید سیگنال برای DOTUSDT با داده‌های تستی
2025-04-30 02:21:12,494 [INFO] مقدار close برای DOTUSDT: 10.0
2025-04-30 02:21:12,494 [INFO] سیگنال تولید شد برای DOTUSDT: {'coin': 'DOTUSDT', 'type': 'BUY', 'price': 10.0, 'timestamp': 100}
2025-04-30 02:21:12,495 [INFO] ارسال سیگنال برای DOTUSDT: {'coin': 'DOTUSDT', 'type': 'BUY', 'price': 10.0, 'timestamp': 100}
2025-04-30 02:21:12,657 [INFO] پیام به تلگرام ارسال شد: سیگنال برای DOTUSDT
نوع: BUY
قیمت: 10.0
زمان: 100
2025-04-30 02:21:12,658 [INFO] سیگنال برای DOTUSDT ارسال شد: BUY
2025-04-30 02:21:12,661 [INFO] پردازش DOGEUSDT
2025-04-30 02:21:13,132 [INFO] دریافت داده‌های تستی برای DOGEUSDT
2025-04-30 02:21:13,134 [INFO] داده‌های OHLC برای DOGEUSDT دریافت شد: {'timestamp': 100, 'open': 10.0, 'high': 11.0, 'low': 9.0, 'close': 10.0, 'volume': 37.0}
2025-04-30 02:21:13,136 [INFO] تولید سیگنال برای DOGEUSDT با داده‌های تستی
2025-04-30 02:21:13,138 [INFO] مقدار close برای DOGEUSDT: 10.0
2025-04-30 02:21:13,138 [INFO] سیگنال تولید شد برای DOGEUSDT: {'coin': 'DOGEUSDT', 'type': 'BUY', 'price': 10.0, 'timestamp': 100}
2025-04-30 02:21:13,140 [INFO] ارسال سیگنال برای DOGEUSDT: {'coin': 'DOGEUSDT', 'type': 'BUY', 'price': 10.0, 'timestamp': 100}
2025-04-30 02:21:13,305 [INFO] پیام به تلگرام ارسال شد: سیگنال برای DOGEUSDT
نوع: BUY
قیمت: 10.0
زمان: 100
2025-04-30 02:21:13,306 [INFO] سیگنال برای DOGEUSDT ارسال شد: BUY
2025-04-30 02:21:13,309 [INFO] پردازش AVAXUSDT
2025-04-30 02:21:13,816 [INFO] دریافت داده‌های تستی برای AVAXUSDT
2025-04-30 02:21:13,820 [INFO] داده‌های OHLC برای AVAXUSDT دریافت شد: {'timestamp': 100, 'open': 10.0, 'high': 11.0, 'low': 9.0, 'close': 10.0, 'volume': 37.0}
2025-04-30 02:21:13,820 [INFO] تولید سیگنال برای AVAXUSDT با داده‌های تستی
2025-04-30 02:21:13,821 [INFO] مقدار close برای AVAXUSDT: 10.0
2025-04-30 02:21:13,823 [INFO] سیگنال تولید شد برای AVAXUSDT: {'coin': 'AVAXUSDT', 'type': 'BUY', 'price': 10.0, 'timestamp': 100}
2025-04-30 02:21:13,824 [INFO] ارسال سیگنال برای AVAXUSDT: {'coin': 'AVAXUSDT', 'type': 'BUY', 'price': 10.0, 'timestamp': 100}
2025-04-30 02:21:13,986 [INFO] پیام به تلگرام ارسال شد: سیگنال برای AVAXUSDT
نوع: BUY
قیمت: 10.0
زمان: 100
2025-04-30 02:21:13,986 [INFO] سیگنال برای AVAXUSDT ارسال شد: BUY
2025-04-30 02:21:13,990 [INFO] پردازش MATICUSDT
2025-04-30 02:21:14,437 [INFO] دریافت داده‌های تستی برای MATICUSDT
2025-04-30 02:21:14,438 [INFO] داده‌های OHLC برای MATICUSDT دریافت شد: {'timestamp': 100, 'open': 10.0, 'high': 11.0, 'low': 9.0, 'close': 10.0, 'volume': 37.0}
2025-04-30 02:21:14,440 [INFO] تولید سیگنال برای MATICUSDT با داده‌های تستی
2025-04-30 02:21:14,442 [INFO] مقدار close برای MATICUSDT: 10.0
2025-04-30 02:21:14,444 [INFO] سیگنال تولید شد برای MATICUSDT: {'coin': 'MATICUSDT', 'type': 'BUY', 'price': 10.0, 'timestamp': 100}
2025-04-30 02:21:14,445 [INFO] ارسال سیگنال برای MATICUSDT: {'coin': 'MATICUSDT', 'type': 'BUY', 'price': 10.0, 'timestamp': 100}
2025-04-30 02:21:14,621 [INFO] پیام به تلگرام ارسال شد: سیگنال برای MATICUSDT
نوع: BUY
قیمت: 10.0
زمان: 100
2025-04-30 02:21:14,622 [INFO] سیگنال برای MATICUSDT ارسال شد: BUY
2025-04-30 02:21:14,625 [INFO] انتظار برای چرخه بعدی (15 دقیقه)
2025-04-30 02:22:09,247 [INFO] شروع بارگذاری تنظیمات
2025-04-30 02:22:09,247 [INFO] تنظیمات بارگذاری شد: {'xt_api_url': 'https://jsonplaceholder.typicode.com', 'timeframe': '15m', 'sma_short_period': 9, 'sma_long_period': 21, 'rsi_period': 14, 'macd_fast': 12, 'macd_slow': 26, 'macd_signal': 9, 'atr_period': 14, 'telegram_chat_id': '96545679'}
2025-04-30 02:22:09,248 [INFO] مقداردهی اولیه XT API
2025-04-30 02:22:09,248 [INFO] مقداردهی اولیه API برای تست انجام شد
2025-04-30 02:22:09,249 [INFO] مقداردهی اولیه بات تلگرام
2025-04-30 02:22:11,101 [INFO] مقداردهی اولیه بات تلگرام انجام شد
2025-04-30 02:22:11,101 [INFO] بارگذاری لیست ارزها
2025-04-30 02:22:11,103 [INFO] ارزهای بارگذاری‌شده: ['BTCUSDT', 'ETHUSDT', 'BNBUSDT', 'XRPUSDT', 'ADAUSDT', 'SOLUSDT', 'DOTUSDT', 'DOGEUSDT', 'AVAXUSDT', 'MATICUSDT']
2025-04-30 02:22:11,106 [INFO] مقداردهی اولیه استراتژی برای تست با JSONPlaceholder
2025-04-30 02:22:11,106 [INFO] بات SIGNAL-BOT با موفقیت شروع شد
2025-04-30 02:22:11,106 [INFO] پردازش BTCUSDT
2025-04-30 02:22:11,548 [INFO] دریافت داده‌های تستی برای BTCUSDT
2025-04-30 02:22:11,549 [INFO] داده‌های OHLC برای BTCUSDT دریافت شد: {'timestamp': 100, 'open': 10.0, 'high': 11.0, 'low': 9.0, 'close': 10.0, 'volume': 37.0}
2025-04-30 02:22:11,551 [INFO] تولید سیگنال برای BTCUSDT با داده‌های تستی
2025-04-30 02:22:11,552 [INFO] مقدار close برای BTCUSDT: 10.0
2025-04-30 02:22:11,554 [INFO] سیگنال تولید شد برای BTCUSDT: {'coin': 'BTCUSDT', 'type': 'BUY', 'price': 10.0, 'timestamp': 100}
2025-04-30 02:22:11,554 [INFO] ارسال سیگنال برای BTCUSDT: {'coin': 'BTCUSDT', 'type': 'BUY', 'price': 10.0, 'timestamp': 100}
2025-04-30 02:22:12,043 [INFO] پیام به تلگرام ارسال شد: سیگنال برای BTCUSDT
نوع: BUY
قیمت: 10.0
زمان: 100
2025-04-30 02:22:12,043 [INFO] سیگنال برای BTCUSDT ارسال شد: BUY
2025-04-30 02:22:12,045 [INFO] پردازش ETHUSDT
2025-04-30 02:22:12,533 [INFO] دریافت داده‌های تستی برای ETHUSDT
2025-04-30 02:22:12,534 [INFO] داده‌های OHLC برای ETHUSDT دریافت شد: {'timestamp': 100, 'open': 10.0, 'high': 11.0, 'low': 9.0, 'close': 10.0, 'volume': 37.0}
2025-04-30 02:22:12,535 [INFO] تولید سیگنال برای ETHUSDT با داده‌های تستی
2025-04-30 02:22:12,537 [INFO] مقدار close برای ETHUSDT: 10.0
2025-04-30 02:22:12,539 [INFO] سیگنال تولید شد برای ETHUSDT: {'coin': 'ETHUSDT', 'type': 'BUY', 'price': 10.0, 'timestamp': 100}
2025-04-30 02:22:12,540 [INFO] ارسال سیگنال برای ETHUSDT: {'coin': 'ETHUSDT', 'type': 'BUY', 'price': 10.0, 'timestamp': 100}
2025-04-30 02:22:12,707 [INFO] پیام به تلگرام ارسال شد: سیگنال برای ETHUSDT
نوع: BUY
قیمت: 10.0
زمان: 100
2025-04-30 02:22:12,708 [INFO] سیگنال برای ETHUSDT ارسال شد: BUY
2025-04-30 02:22:12,712 [INFO] پردازش BNBUSDT
2025-04-30 02:22:13,181 [INFO] دریافت داده‌های تستی برای BNBUSDT
2025-04-30 02:22:13,182 [INFO] داده‌های OHLC برای BNBUSDT دریافت شد: {'timestamp': 100, 'open': 10.0, 'high': 11.0, 'low': 9.0, 'close': 10.0, 'volume': 37.0}
2025-04-30 02:22:13,183 [INFO] تولید سیگنال برای BNBUSDT با داده‌های تستی
2025-04-30 02:22:13,184 [INFO] مقدار close برای BNBUSDT: 10.0
2025-04-30 02:22:13,185 [INFO] سیگنال تولید شد برای BNBUSDT: {'coin': 'BNBUSDT', 'type': 'BUY', 'price': 10.0, 'timestamp': 100}
2025-04-30 02:22:13,185 [INFO] ارسال سیگنال برای BNBUSDT: {'coin': 'BNBUSDT', 'type': 'BUY', 'price': 10.0, 'timestamp': 100}
2025-04-30 02:22:13,346 [INFO] پیام به تلگرام ارسال شد: سیگنال برای BNBUSDT
نوع: BUY
قیمت: 10.0
زمان: 100
2025-04-30 02:22:13,347 [INFO] سیگنال برای BNBUSDT ارسال شد: BUY
2025-04-30 02:22:13,348 [INFO] پردازش XRPUSDT
2025-04-30 02:22:13,804 [INFO] دریافت داده‌های تستی برای XRPUSDT
2025-04-30 02:22:13,804 [INFO] داده‌های OHLC برای XRPUSDT دریافت شد: {'timestamp': 100, 'open': 10.0, 'high': 11.0, 'low': 9.0, 'close': 10.0, 'volume': 37.0}
2025-04-30 02:22:13,805 [INFO] تولید سیگنال برای XRPUSDT با داده‌های تستی
2025-04-30 02:22:13,808 [INFO] مقدار close برای XRPUSDT: 10.0
2025-04-30 02:22:13,808 [INFO] سیگنال تولید شد برای XRPUSDT: {'coin': 'XRPUSDT', 'type': 'BUY', 'price': 10.0, 'timestamp': 100}
2025-04-30 02:22:13,808 [INFO] ارسال سیگنال برای XRPUSDT: {'coin': 'XRPUSDT', 'type': 'BUY', 'price': 10.0, 'timestamp': 100}
2025-04-30 02:22:13,970 [INFO] پیام به تلگرام ارسال شد: سیگنال برای XRPUSDT
نوع: BUY
قیمت: 10.0
زمان: 100
2025-04-30 02:22:13,970 [INFO] سیگنال برای XRPUSDT ارسال شد: BUY
2025-04-30 02:22:13,974 [INFO] پردازش ADAUSDT
2025-04-30 02:22:14,443 [INFO] دریافت داده‌های تستی برای ADAUSDT
2025-04-30 02:22:14,445 [INFO] داده‌های OHLC برای ADAUSDT دریافت شد: {'timestamp': 100, 'open': 10.0, 'high': 11.0, 'low': 9.0, 'close': 10.0, 'volume': 37.0}
2025-04-30 02:22:14,447 [INFO] تولید سیگنال برای ADAUSDT با داده‌های تستی
2025-04-30 02:22:14,448 [INFO] مقدار close برای ADAUSDT: 10.0
2025-04-30 02:22:14,448 [INFO] سیگنال تولید شد برای ADAUSDT: {'coin': 'ADAUSDT', 'type': 'BUY', 'price': 10.0, 'timestamp': 100}
2025-04-30 02:22:14,449 [INFO] ارسال سیگنال برای ADAUSDT: {'coin': 'ADAUSDT', 'type': 'BUY', 'price': 10.0, 'timestamp': 100}
2025-04-30 02:22:14,621 [INFO] پیام به تلگرام ارسال شد: سیگنال برای ADAUSDT
نوع: BUY
قیمت: 10.0
زمان: 100
2025-04-30 02:22:14,622 [INFO] سیگنال برای ADAUSDT ارسال شد: BUY
2025-04-30 02:22:14,625 [INFO] پردازش SOLUSDT
2025-04-30 02:22:15,087 [INFO] دریافت داده‌های تستی برای SOLUSDT
2025-04-30 02:22:15,089 [INFO] داده‌های OHLC برای SOLUSDT دریافت شد: {'timestamp': 100, 'open': 10.0, 'high': 11.0, 'low': 9.0, 'close': 10.0, 'volume': 37.0}
2025-04-30 02:22:15,091 [INFO] تولید سیگنال برای SOLUSDT با داده‌های تستی
2025-04-30 02:22:15,092 [INFO] مقدار close برای SOLUSDT: 10.0
2025-04-30 02:22:15,093 [INFO] سیگنال تولید شد برای SOLUSDT: {'coin': 'SOLUSDT', 'type': 'BUY', 'price': 10.0, 'timestamp': 100}
2025-04-30 02:22:15,094 [INFO] ارسال سیگنال برای SOLUSDT: {'coin': 'SOLUSDT', 'type': 'BUY', 'price': 10.0, 'timestamp': 100}
2025-04-30 02:22:15,259 [INFO] پیام به تلگرام ارسال شد: سیگنال برای SOLUSDT
نوع: BUY
قیمت: 10.0
زمان: 100
2025-04-30 02:22:15,260 [INFO] سیگنال برای SOLUSDT ارسال شد: BUY
2025-04-30 02:22:15,263 [INFO] پردازش DOTUSDT
2025-04-30 02:22:15,770 [INFO] دریافت داده‌های تستی برای DOTUSDT
2025-04-30 02:22:15,771 [INFO] داده‌های OHLC برای DOTUSDT دریافت شد: {'timestamp': 100, 'open': 10.0, 'high': 11.0, 'low': 9.0, 'close': 10.0, 'volume': 37.0}
2025-04-30 02:22:15,772 [INFO] تولید سیگنال برای DOTUSDT با داده‌های تستی
2025-04-30 02:22:15,774 [INFO] مقدار close برای DOTUSDT: 10.0
2025-04-30 02:22:15,774 [INFO] سیگنال تولید شد برای DOTUSDT: {'coin': 'DOTUSDT', 'type': 'BUY', 'price': 10.0, 'timestamp': 100}
2025-04-30 02:22:15,775 [INFO] ارسال سیگنال برای DOTUSDT: {'coin': 'DOTUSDT', 'type': 'BUY', 'price': 10.0, 'timestamp': 100}
2025-04-30 02:22:15,955 [INFO] پیام به تلگرام ارسال شد: سیگنال برای DOTUSDT
نوع: BUY
قیمت: 10.0
زمان: 100
2025-04-30 02:22:15,955 [INFO] سیگنال برای DOTUSDT ارسال شد: BUY
2025-04-30 02:22:15,959 [INFO] پردازش DOGEUSDT
2025-04-30 02:22:16,438 [INFO] دریافت داده‌های تستی برای DOGEUSDT
2025-04-30 02:22:16,439 [INFO] داده‌های OHLC برای DOGEUSDT دریافت شد: {'timestamp': 100, 'open': 10.0, 'high': 11.0, 'low': 9.0, 'close': 10.0, 'volume': 37.0}
2025-04-30 02:22:16,440 [INFO] تولید سیگنال برای DOGEUSDT با داده‌های تستی
2025-04-30 02:22:16,442 [INFO] مقدار close برای DOGEUSDT: 10.0
2025-04-30 02:22:16,443 [INFO] سیگنال تولید شد برای DOGEUSDT: {'coin': 'DOGEUSDT', 'type': 'BUY', 'price': 10.0, 'timestamp': 100}
2025-04-30 02:22:16,443 [INFO] ارسال سیگنال برای DOGEUSDT: {'coin': 'DOGEUSDT', 'type': 'BUY', 'price': 10.0, 'timestamp': 100}
2025-04-30 02:22:16,606 [INFO] پیام به تلگرام ارسال شد: سیگنال برای DOGEUSDT
نوع: BUY
قیمت: 10.0
زمان: 100
2025-04-30 02:22:16,607 [INFO] سیگنال برای DOGEUSDT ارسال شد: BUY
2025-04-30 02:22:16,611 [INFO] پردازش AVAXUSDT
2025-04-30 02:22:17,109 [INFO] دریافت داده‌های تستی برای AVAXUSDT
2025-04-30 02:22:17,113 [INFO] داده‌های OHLC برای AVAXUSDT دریافت شد: {'timestamp': 100, 'open': 10.0, 'high': 11.0, 'low': 9.0, 'close': 10.0, 'volume': 37.0}
2025-04-30 02:22:17,113 [INFO] تولید سیگنال برای AVAXUSDT با داده‌های تستی
2025-04-30 02:22:17,114 [INFO] مقدار close برای AVAXUSDT: 10.0
2025-04-30 02:22:17,115 [INFO] سیگنال تولید شد برای AVAXUSDT: {'coin': 'AVAXUSDT', 'type': 'BUY', 'price': 10.0, 'timestamp': 100}
2025-04-30 02:22:17,115 [INFO] ارسال سیگنال برای AVAXUSDT: {'coin': 'AVAXUSDT', 'type': 'BUY', 'price': 10.0, 'timestamp': 100}
2025-04-30 02:22:17,286 [INFO] پیام به تلگرام ارسال شد: سیگنال برای AVAXUSDT
نوع: BUY
قیمت: 10.0
زمان: 100
2025-04-30 02:22:17,287 [INFO] سیگنال برای AVAXUSDT ارسال شد: BUY
2025-04-30 02:22:17,289 [INFO] پردازش MATICUSDT
2025-04-30 02:22:17,720 [INFO] دریافت داده‌های تستی برای MATICUSDT
2025-04-30 02:22:17,722 [INFO] داده‌های OHLC برای MATICUSDT دریافت شد: {'timestamp': 100, 'open': 10.0, 'high': 11.0, 'low': 9.0, 'close': 10.0, 'volume': 37.0}
2025-04-30 02:22:17,724 [INFO] تولید سیگنال برای MATICUSDT با داده‌های تستی
2025-04-30 02:22:17,725 [INFO] مقدار close برای MATICUSDT: 10.0
2025-04-30 02:22:17,726 [INFO] سیگنال تولید شد برای MATICUSDT: {'coin': 'MATICUSDT', 'type': 'BUY', 'price': 10.0, 'timestamp': 100}
2025-04-30 02:22:17,726 [INFO] ارسال سیگنال برای MATICUSDT: {'coin': 'MATICUSDT', 'type': 'BUY', 'price': 10.0, 'timestamp': 100}
2025-04-30 02:22:17,899 [INFO] پیام به تلگرام ارسال شد: سیگنال برای MATICUSDT
نوع: BUY
قیمت: 10.0
زمان: 100
2025-04-30 02:22:17,900 [INFO] سیگنال برای MATICUSDT ارسال شد: BUY
2025-04-30 02:22:17,903 [INFO] انتظار برای چرخه بعدی (15 دقیقه)
2025-04-30 02:32:56,364 [INFO] پردازش BTCUSDT
2025-04-30 02:32:57,148 [WARNING] خطای 503 برای BTCUSDT. تلاش مجدد 1/3 پس از 5 ثانیه...
2025-04-30 02:33:02,738 [WARNING] خطای 503 برای BTCUSDT. تلاش مجدد 2/3 پس از 5 ثانیه...
2025-04-30 02:33:08,534 [WARNING] خطای 503 برای BTCUSDT. تلاش مجدد 3/3 پس از 5 ثانیه...
2025-04-30 02:33:13,535 [ERROR] تلاش‌ها برای BTCUSDT ناموفق بود پس از 3 بار
2025-04-30 02:33:13,536 [WARNING] داده‌های OHLC برای BTCUSDT دریافت نشد
2025-04-30 02:33:13,538 [INFO] پردازش ETHUSDT
2025-04-30 02:33:14,591 [WARNING] خطای 503 برای ETHUSDT. تلاش مجدد 1/3 پس از 5 ثانیه...
2025-04-30 02:33:20,351 [WARNING] خطای 503 برای ETHUSDT. تلاش مجدد 2/3 پس از 5 ثانیه...
2025-04-30 02:33:26,146 [WARNING] خطای 503 برای ETHUSDT. تلاش مجدد 3/3 پس از 5 ثانیه...
2025-04-30 02:33:31,149 [ERROR] تلاش‌ها برای ETHUSDT ناموفق بود پس از 3 بار
2025-04-30 02:33:31,150 [WARNING] داده‌های OHLC برای ETHUSDT دریافت نشد
2025-04-30 02:33:31,152 [INFO] پردازش BNBUSDT
2025-04-30 02:33:31,910 [WARNING] خطای 503 برای BNBUSDT. تلاش مجدد 1/3 پس از 5 ثانیه...
2025-04-30 02:33:37,669 [WARNING] خطای 503 برای BNBUSDT. تلاش مجدد 2/3 پس از 5 ثانیه...
2025-04-30 02:33:43,453 [WARNING] خطای 503 برای BNBUSDT. تلاش مجدد 3/3 پس از 5 ثانیه...
2025-04-30 02:33:48,455 [ERROR] تلاش‌ها برای BNBUSDT ناموفق بود پس از 3 بار
2025-04-30 02:33:48,456 [WARNING] داده‌های OHLC برای BNBUSDT دریافت نشد
2025-04-30 02:33:48,461 [INFO] پردازش XRPUSDT
2025-04-30 02:33:49,190 [WARNING] خطای 503 برای XRPUSDT. تلاش مجدد 1/3 پس از 5 ثانیه...
2025-04-30 02:33:54,950 [WARNING] خطای 503 برای XRPUSDT. تلاش مجدد 2/3 پس از 5 ثانیه...
2025-04-30 02:34:00,562 [WARNING] خطای 503 برای XRPUSDT. تلاش مجدد 3/3 پس از 5 ثانیه...
2025-04-30 02:34:05,565 [ERROR] تلاش‌ها برای XRPUSDT ناموفق بود پس از 3 بار
2025-04-30 02:34:05,565 [WARNING] داده‌های OHLC برای XRPUSDT دریافت نشد
2025-04-30 02:34:05,567 [INFO] پردازش ADAUSDT
2025-04-30 02:34:06,316 [WARNING] خطای 503 برای ADAUSDT. تلاش مجدد 1/3 پس از 5 ثانیه...
2025-04-30 02:34:12,045 [WARNING] خطای 503 برای ADAUSDT. تلاش مجدد 2/3 پس از 5 ثانیه...
2025-04-30 02:34:17,811 [WARNING] خطای 503 برای ADAUSDT. تلاش مجدد 3/3 پس از 5 ثانیه...
2025-04-30 02:34:22,812 [ERROR] تلاش‌ها برای ADAUSDT ناموفق بود پس از 3 بار
2025-04-30 02:34:22,813 [WARNING] داده‌های OHLC برای ADAUSDT دریافت نشد
2025-04-30 02:34:22,816 [INFO] پردازش SOLUSDT
2025-04-30 02:34:23,541 [WARNING] خطای 503 برای SOLUSDT. تلاش مجدد 1/3 پس از 5 ثانیه...
2025-04-30 02:34:29,308 [WARNING] خطای 503 برای SOLUSDT. تلاش مجدد 2/3 پس از 5 ثانیه...
2025-04-30 02:34:35,049 [WARNING] خطای 503 برای SOLUSDT. تلاش مجدد 3/3 پس از 5 ثانیه...
2025-04-30 02:34:40,050 [ERROR] تلاش‌ها برای SOLUSDT ناموفق بود پس از 3 بار
2025-04-30 02:34:40,050 [WARNING] داده‌های OHLC برای SOLUSDT دریافت نشد
2025-04-30 02:34:40,052 [INFO] پردازش DOTUSDT
2025-04-30 02:34:40,812 [WARNING] خطای 503 برای DOTUSDT. تلاش مجدد 1/3 پس از 5 ثانیه...
2025-04-30 02:34:46,608 [WARNING] خطای 503 برای DOTUSDT. تلاش مجدد 2/3 پس از 5 ثانیه...
2025-04-30 02:34:52,388 [WARNING] خطای 503 برای DOTUSDT. تلاش مجدد 3/3 پس از 5 ثانیه...
2025-04-30 02:34:57,390 [ERROR] تلاش‌ها برای DOTUSDT ناموفق بود پس از 3 بار
2025-04-30 02:34:57,391 [WARNING] داده‌های OHLC برای DOTUSDT دریافت نشد
2025-04-30 02:34:57,392 [INFO] پردازش DOGEUSDT
2025-04-30 02:34:58,330 [WARNING] خطای 503 برای DOGEUSDT. تلاش مجدد 1/3 پس از 5 ثانیه...
2025-04-30 02:35:04,109 [WARNING] خطای 503 برای DOGEUSDT. تلاش مجدد 2/3 پس از 5 ثانیه...
2025-04-30 02:35:09,889 [WARNING] خطای 503 برای DOGEUSDT. تلاش مجدد 3/3 پس از 5 ثانیه...
2025-04-30 02:35:14,891 [ERROR] تلاش‌ها برای DOGEUSDT ناموفق بود پس از 3 بار
2025-04-30 02:35:14,891 [WARNING] داده‌های OHLC برای DOGEUSDT دریافت نشد
2025-04-30 02:35:14,894 [INFO] پردازش AVAXUSDT
2025-04-30 02:35:15,640 [WARNING] خطای 503 برای AVAXUSDT. تلاش مجدد 1/3 پس از 5 ثانیه...
2025-04-30 02:35:21,418 [WARNING] خطای 503 برای AVAXUSDT. تلاش مجدد 2/3 پس از 5 ثانیه...
2025-04-30 02:35:27,148 [WARNING] خطای 503 برای AVAXUSDT. تلاش مجدد 3/3 پس از 5 ثانیه...
2025-04-30 02:35:32,149 [ERROR] تلاش‌ها برای AVAXUSDT ناموفق بود پس از 3 بار
2025-04-30 02:35:32,150 [WARNING] داده‌های OHLC برای AVAXUSDT دریافت نشد
2025-04-30 02:35:32,154 [INFO] پردازش MATICUSDT
2025-04-30 02:35:32,908 [WARNING] خطای 503 برای MATICUSDT. تلاش مجدد 1/3 پس از 5 ثانیه...
2025-04-30 02:35:38,669 [WARNING] خطای 503 برای MATICUSDT. تلاش مجدد 2/3 پس از 5 ثانیه...
2025-04-30 02:35:44,445 [WARNING] خطای 503 برای MATICUSDT. تلاش مجدد 3/3 پس از 5 ثانیه...
2025-04-30 02:35:49,446 [ERROR] تلاش‌ها برای MATICUSDT ناموفق بود پس از 3 بار
2025-04-30 02:35:49,447 [WARNING] داده‌های OHLC برای MATICUSDT دریافت نشد
2025-04-30 02:35:49,450 [INFO] انتظار برای چرخه بعدی (15 دقیقه)
2025-04-30 02:37:17,906 [INFO] پردازش BTCUSDT
2025-04-30 02:37:18,355 [INFO] دریافت داده‌های تستی برای BTCUSDT
2025-04-30 02:37:18,356 [INFO] داده‌های OHLC برای BTCUSDT دریافت شد: {'timestamp': 100, 'open': 10.0, 'high': 11.0, 'low': 9.0, 'close': 10.0, 'volume': 37.0}
2025-04-30 02:37:18,357 [INFO] تولید سیگنال برای BTCUSDT با داده‌های تستی
2025-04-30 02:37:18,359 [INFO] مقدار close برای BTCUSDT: 10.0
2025-04-30 02:37:18,360 [INFO] سیگنال تولید شد برای BTCUSDT: {'coin': 'BTCUSDT', 'type': 'BUY', 'price': 10.0, 'timestamp': 100}
2025-04-30 02:37:18,361 [INFO] ارسال سیگنال برای BTCUSDT: {'coin': 'BTCUSDT', 'type': 'BUY', 'price': 10.0, 'timestamp': 100}
2025-04-30 02:37:18,839 [INFO] پیام به تلگرام ارسال شد: سیگنال برای BTCUSDT
نوع: BUY
قیمت: 10.0
زمان: 100
2025-04-30 02:37:18,840 [INFO] سیگنال برای BTCUSDT ارسال شد: BUY
2025-04-30 02:37:18,843 [INFO] پردازش ETHUSDT
2025-04-30 02:37:19,312 [INFO] دریافت داده‌های تستی برای ETHUSDT
2025-04-30 02:37:19,313 [INFO] داده‌های OHLC برای ETHUSDT دریافت شد: {'timestamp': 100, 'open': 10.0, 'high': 11.0, 'low': 9.0, 'close': 10.0, 'volume': 37.0}
2025-04-30 02:37:19,315 [INFO] تولید سیگنال برای ETHUSDT با داده‌های تستی
2025-04-30 02:37:19,317 [INFO] مقدار close برای ETHUSDT: 10.0
2025-04-30 02:37:19,317 [INFO] سیگنال تولید شد برای ETHUSDT: {'coin': 'ETHUSDT', 'type': 'BUY', 'price': 10.0, 'timestamp': 100}
2025-04-30 02:37:19,318 [INFO] ارسال سیگنال برای ETHUSDT: {'coin': 'ETHUSDT', 'type': 'BUY', 'price': 10.0, 'timestamp': 100}
2025-04-30 02:37:19,491 [INFO] پیام به تلگرام ارسال شد: سیگنال برای ETHUSDT
نوع: BUY
قیمت: 10.0
زمان: 100
2025-04-30 02:37:19,491 [INFO] سیگنال برای ETHUSDT ارسال شد: BUY
2025-04-30 02:37:19,493 [INFO] پردازش BNBUSDT
2025-04-30 02:37:19,985 [INFO] دریافت داده‌های تستی برای BNBUSDT
2025-04-30 02:37:19,987 [INFO] داده‌های OHLC برای BNBUSDT دریافت شد: {'timestamp': 100, 'open': 10.0, 'high': 11.0, 'low': 9.0, 'close': 10.0, 'volume': 37.0}
2025-04-30 02:37:19,989 [INFO] تولید سیگنال برای BNBUSDT با داده‌های تستی
2025-04-30 02:37:19,992 [INFO] مقدار close برای BNBUSDT: 10.0
2025-04-30 02:37:19,993 [INFO] سیگنال تولید شد برای BNBUSDT: {'coin': 'BNBUSDT', 'type': 'BUY', 'price': 10.0, 'timestamp': 100}
2025-04-30 02:37:19,994 [INFO] ارسال سیگنال برای BNBUSDT: {'coin': 'BNBUSDT', 'type': 'BUY', 'price': 10.0, 'timestamp': 100}
2025-04-30 02:37:20,159 [INFO] پیام به تلگرام ارسال شد: سیگنال برای BNBUSDT
نوع: BUY
قیمت: 10.0
زمان: 100
2025-04-30 02:37:20,160 [INFO] سیگنال برای BNBUSDT ارسال شد: BUY
2025-04-30 02:37:20,163 [INFO] پردازش XRPUSDT
2025-04-30 02:37:20,648 [INFO] دریافت داده‌های تستی برای XRPUSDT
2025-04-30 02:37:20,648 [INFO] داده‌های OHLC برای XRPUSDT دریافت شد: {'timestamp': 100, 'open': 10.0, 'high': 11.0, 'low': 9.0, 'close': 10.0, 'volume': 37.0}
2025-04-30 02:37:20,651 [INFO] تولید سیگنال برای XRPUSDT با داده‌های تستی
2025-04-30 02:37:20,653 [INFO] مقدار close برای XRPUSDT: 10.0
2025-04-30 02:37:20,654 [INFO] سیگنال تولید شد برای XRPUSDT: {'coin': 'XRPUSDT', 'type': 'BUY', 'price': 10.0, 'timestamp': 100}
2025-04-30 02:37:20,656 [INFO] ارسال سیگنال برای XRPUSDT: {'coin': 'XRPUSDT', 'type': 'BUY', 'price': 10.0, 'timestamp': 100}
2025-04-30 02:37:20,828 [INFO] پیام به تلگرام ارسال شد: سیگنال برای XRPUSDT
نوع: BUY
قیمت: 10.0
زمان: 100
2025-04-30 02:37:20,828 [INFO] سیگنال برای XRPUSDT ارسال شد: BUY
2025-04-30 02:37:20,832 [INFO] پردازش ADAUSDT
2025-04-30 02:37:21,306 [INFO] دریافت داده‌های تستی برای ADAUSDT
2025-04-30 02:37:21,307 [INFO] داده‌های OHLC برای ADAUSDT دریافت شد: {'timestamp': 100, 'open': 10.0, 'high': 11.0, 'low': 9.0, 'close': 10.0, 'volume': 37.0}
2025-04-30 02:37:21,309 [INFO] تولید سیگنال برای ADAUSDT با داده‌های تستی
2025-04-30 02:37:21,312 [INFO] مقدار close برای ADAUSDT: 10.0
2025-04-30 02:37:21,313 [INFO] سیگنال تولید شد برای ADAUSDT: {'coin': 'ADAUSDT', 'type': 'BUY', 'price': 10.0, 'timestamp': 100}
2025-04-30 02:37:21,314 [INFO] ارسال سیگنال برای ADAUSDT: {'coin': 'ADAUSDT', 'type': 'BUY', 'price': 10.0, 'timestamp': 100}
2025-04-30 02:37:21,484 [INFO] پیام به تلگرام ارسال شد: سیگنال برای ADAUSDT
نوع: BUY
قیمت: 10.0
زمان: 100
2025-04-30 02:37:21,484 [INFO] سیگنال برای ADAUSDT ارسال شد: BUY
2025-04-30 02:37:21,487 [INFO] پردازش SOLUSDT
2025-04-30 02:37:21,962 [INFO] دریافت داده‌های تستی برای SOLUSDT
2025-04-30 02:37:21,964 [INFO] داده‌های OHLC برای SOLUSDT دریافت شد: {'timestamp': 100, 'open': 10.0, 'high': 11.0, 'low': 9.0, 'close': 10.0, 'volume': 37.0}
2025-04-30 02:37:21,966 [INFO] تولید سیگنال برای SOLUSDT با داده‌های تستی
2025-04-30 02:37:21,969 [INFO] مقدار close برای SOLUSDT: 10.0
2025-04-30 02:37:21,969 [INFO] سیگنال تولید شد برای SOLUSDT: {'coin': 'SOLUSDT', 'type': 'BUY', 'price': 10.0, 'timestamp': 100}
2025-04-30 02:37:21,970 [INFO] ارسال سیگنال برای SOLUSDT: {'coin': 'SOLUSDT', 'type': 'BUY', 'price': 10.0, 'timestamp': 100}
2025-04-30 02:37:22,142 [INFO] پیام به تلگرام ارسال شد: سیگنال برای SOLUSDT
نوع: BUY
قیمت: 10.0
زمان: 100
2025-04-30 02:37:22,143 [INFO] سیگنال برای SOLUSDT ارسال شد: BUY
2025-04-30 02:37:22,146 [INFO] پردازش DOTUSDT
2025-04-30 02:37:22,606 [INFO] دریافت داده‌های تستی برای DOTUSDT
2025-04-30 02:37:22,608 [INFO] داده‌های OHLC برای DOTUSDT دریافت شد: {'timestamp': 100, 'open': 10.0, 'high': 11.0, 'low': 9.0, 'close': 10.0, 'volume': 37.0}
2025-04-30 02:37:22,612 [INFO] تولید سیگنال برای DOTUSDT با داده‌های تستی
2025-04-30 02:37:22,612 [INFO] مقدار close برای DOTUSDT: 10.0
2025-04-30 02:37:22,613 [INFO] سیگنال تولید شد برای DOTUSDT: {'coin': 'DOTUSDT', 'type': 'BUY', 'price': 10.0, 'timestamp': 100}
2025-04-30 02:37:22,613 [INFO] ارسال سیگنال برای DOTUSDT: {'coin': 'DOTUSDT', 'type': 'BUY', 'price': 10.0, 'timestamp': 100}
2025-04-30 02:37:22,785 [INFO] پیام به تلگرام ارسال شد: سیگنال برای DOTUSDT
نوع: BUY
قیمت: 10.0
زمان: 100
2025-04-30 02:37:22,785 [INFO] سیگنال برای DOTUSDT ارسال شد: BUY
2025-04-30 02:37:22,788 [INFO] پردازش DOGEUSDT
2025-04-30 02:37:23,271 [INFO] دریافت داده‌های تستی برای DOGEUSDT
2025-04-30 02:37:23,273 [INFO] داده‌های OHLC برای DOGEUSDT دریافت شد: {'timestamp': 100, 'open': 10.0, 'high': 11.0, 'low': 9.0, 'close': 10.0, 'volume': 37.0}
2025-04-30 02:37:23,274 [INFO] تولید سیگنال برای DOGEUSDT با داده‌های تستی
2025-04-30 02:37:23,278 [INFO] مقدار close برای DOGEUSDT: 10.0
2025-04-30 02:37:23,278 [INFO] سیگنال تولید شد برای DOGEUSDT: {'coin': 'DOGEUSDT', 'type': 'BUY', 'price': 10.0, 'timestamp': 100}
2025-04-30 02:37:23,278 [INFO] ارسال سیگنال برای DOGEUSDT: {'coin': 'DOGEUSDT', 'type': 'BUY', 'price': 10.0, 'timestamp': 100}
2025-04-30 02:37:23,444 [INFO] پیام به تلگرام ارسال شد: سیگنال برای DOGEUSDT
نوع: BUY
قیمت: 10.0
زمان: 100
2025-04-30 02:37:23,445 [INFO] سیگنال برای DOGEUSDT ارسال شد: BUY
2025-04-30 02:37:23,448 [INFO] پردازش AVAXUSDT
2025-04-30 02:37:23,925 [INFO] دریافت داده‌های تستی برای AVAXUSDT
2025-04-30 02:37:23,927 [INFO] داده‌های OHLC برای AVAXUSDT دریافت شد: {'timestamp': 100, 'open': 10.0, 'high': 11.0, 'low': 9.0, 'close': 10.0, 'volume': 37.0}
2025-04-30 02:37:23,928 [INFO] تولید سیگنال برای AVAXUSDT با داده‌های تستی
2025-04-30 02:37:23,931 [INFO] مقدار close برای AVAXUSDT: 10.0
2025-04-30 02:37:23,931 [INFO] سیگنال تولید شد برای AVAXUSDT: {'coin': 'AVAXUSDT', 'type': 'BUY', 'price': 10.0, 'timestamp': 100}
2025-04-30 02:37:23,932 [INFO] ارسال سیگنال برای AVAXUSDT: {'coin': 'AVAXUSDT', 'type': 'BUY', 'price': 10.0, 'timestamp': 100}
2025-04-30 02:37:24,100 [INFO] پیام به تلگرام ارسال شد: سیگنال برای AVAXUSDT
نوع: BUY
قیمت: 10.0
زمان: 100
2025-04-30 02:37:24,101 [INFO] سیگنال برای AVAXUSDT ارسال شد: BUY
2025-04-30 02:37:24,104 [INFO] پردازش MATICUSDT
2025-04-30 02:37:24,557 [INFO] دریافت داده‌های تستی برای MATICUSDT
2025-04-30 02:37:24,558 [INFO] داده‌های OHLC برای MATICUSDT دریافت شد: {'timestamp': 100, 'open': 10.0, 'high': 11.0, 'low': 9.0, 'close': 10.0, 'volume': 37.0}
2025-04-30 02:37:24,559 [INFO] تولید سیگنال برای MATICUSDT با داده‌های تستی
2025-04-30 02:37:24,561 [INFO] مقدار close برای MATICUSDT: 10.0
2025-04-30 02:37:24,562 [INFO] سیگنال تولید شد برای MATICUSDT: {'coin': 'MATICUSDT', 'type': 'BUY', 'price': 10.0, 'timestamp': 100}
2025-04-30 02:37:24,562 [INFO] ارسال سیگنال برای MATICUSDT: {'coin': 'MATICUSDT', 'type': 'BUY', 'price': 10.0, 'timestamp': 100}
2025-04-30 02:37:24,727 [INFO] پیام به تلگرام ارسال شد: سیگنال برای MATICUSDT
نوع: BUY
قیمت: 10.0
زمان: 100
2025-04-30 02:37:24,728 [INFO] سیگنال برای MATICUSDT ارسال شد: BUY
2025-04-30 02:37:24,731 [INFO] انتظار برای چرخه بعدی (15 دقیقه)
2025-04-30 02:57:55,175 [INFO] مقداردهی اولیه بات تلگرام انجام شد
2025-04-30 02:57:55,678 [INFO] پیام به تلگرام ارسال شد: سیگنال برای TEST
نوع: BUY
قیمت: 100
زمان: 1234567890
2025-04-30 02:57:55,679 [INFO] سیگنال تستی با موفقیت ارسال شد
2025-04-30 02:58:30,656 [INFO] مقداردهی اولیه بات تلگرام انجام شد
2025-04-30 02:58:31,110 [INFO] پیام به تلگرام ارسال شد: سیگنال برای TEST
نوع: BUY
قیمت: 100
زمان: 1234567890
2025-04-30 02:58:31,110 [INFO] سیگنال تستی با موفقیت ارسال شد
2025-04-30 03:02:28,264 [INFO] شروع بارگذاری تنظیمات
2025-04-30 03:02:28,273 [INFO] تنظیمات بارگذاری شد: {'xt_api_url': 'https://jsonplaceholder.typicode.com', 'timeframe': '15m', 'sma_short_period': 9, 'sma_long_period': 21, 'rsi_period': 14, 'macd_fast': 12, 'macd_slow': 26, 'macd_signal': 9, 'atr_period': 14, 'telegram_chat_id': '96545679'}
2025-04-30 03:02:28,273 [INFO] مقداردهی اولیه XT API
2025-04-30 03:02:28,274 [INFO] مقداردهی اولیه API برای تست انجام شد
2025-04-30 03:02:28,275 [INFO] مقداردهی اولیه بات تلگرام
2025-04-30 03:02:30,056 [INFO] مقداردهی اولیه بات تلگرام انجام شد
2025-04-30 03:02:30,056 [INFO] بارگذاری لیست ارزها
2025-04-30 03:02:30,064 [INFO] ارزهای بارگذاری‌شده: ['BTCUSDT', 'ETHUSDT', 'BNBUSDT', 'XRPUSDT', 'ADAUSDT', 'SOLUSDT', 'DOTUSDT', 'DOGEUSDT', 'AVAXUSDT', 'MATICUSDT']
2025-04-30 03:02:30,065 [INFO] مقداردهی اولیه استراتژی برای تست با JSONPlaceholder
2025-04-30 03:02:30,066 [INFO] بات SIGNAL-BOT با موفقیت شروع شد
2025-04-30 03:02:30,066 [INFO] پردازش BTCUSDT
2025-04-30 03:02:30,556 [INFO] دریافت داده‌های تستی برای BTCUSDT
2025-04-30 03:02:30,557 [INFO] داده‌های OHLC برای BTCUSDT دریافت شد: {'timestamp': 100, 'open': 10.0, 'high': 11.0, 'low': 9.0, 'close': 10.0, 'volume': 37.0}
2025-04-30 03:02:30,558 [INFO] تولید سیگنال برای BTCUSDT با داده‌های تستی
2025-04-30 03:02:30,558 [INFO] مقدار close برای BTCUSDT: 10.0
2025-04-30 03:02:30,561 [INFO] سیگنال تولید شد برای BTCUSDT: {'coin': 'BTCUSDT', 'type': 'BUY', 'price': 10.0, 'timestamp': 100}
2025-04-30 03:02:30,561 [INFO] ارسال سیگنال برای BTCUSDT: {'coin': 'BTCUSDT', 'type': 'BUY', 'price': 10.0, 'timestamp': 100}
2025-04-30 03:02:31,038 [INFO] پیام به تلگرام ارسال شد: سیگنال برای BTCUSDT
نوع: BUY
قیمت: 10.0
زمان: 100
2025-04-30 03:02:31,040 [INFO] سیگنال برای BTCUSDT ارسال شد: BUY
2025-04-30 03:02:31,043 [INFO] پردازش ETHUSDT
2025-04-30 03:02:32,128 [INFO] دریافت داده‌های تستی برای ETHUSDT
2025-04-30 03:02:32,129 [INFO] داده‌های OHLC برای ETHUSDT دریافت شد: {'timestamp': 100, 'open': 10.0, 'high': 11.0, 'low': 9.0, 'close': 10.0, 'volume': 37.0}
2025-04-30 03:02:32,130 [INFO] تولید سیگنال برای ETHUSDT با داده‌های تستی
2025-04-30 03:02:32,131 [INFO] مقدار close برای ETHUSDT: 10.0
2025-04-30 03:02:32,133 [INFO] سیگنال تولید شد برای ETHUSDT: {'coin': 'ETHUSDT', 'type': 'BUY', 'price': 10.0, 'timestamp': 100}
2025-04-30 03:02:32,134 [INFO] ارسال سیگنال برای ETHUSDT: {'coin': 'ETHUSDT', 'type': 'BUY', 'price': 10.0, 'timestamp': 100}
2025-04-30 03:02:32,313 [INFO] پیام به تلگرام ارسال شد: سیگنال برای ETHUSDT
نوع: BUY
قیمت: 10.0
زمان: 100
2025-04-30 03:02:32,314 [INFO] سیگنال برای ETHUSDT ارسال شد: BUY
2025-04-30 03:02:32,316 [INFO] پردازش BNBUSDT
2025-04-30 03:02:32,790 [INFO] دریافت داده‌های تستی برای BNBUSDT
2025-04-30 03:02:32,792 [INFO] داده‌های OHLC برای BNBUSDT دریافت شد: {'timestamp': 100, 'open': 10.0, 'high': 11.0, 'low': 9.0, 'close': 10.0, 'volume': 37.0}
2025-04-30 03:02:32,794 [INFO] تولید سیگنال برای BNBUSDT با داده‌های تستی
2025-04-30 03:02:32,796 [INFO] مقدار close برای BNBUSDT: 10.0
2025-04-30 03:02:32,797 [INFO] سیگنال تولید شد برای BNBUSDT: {'coin': 'BNBUSDT', 'type': 'BUY', 'price': 10.0, 'timestamp': 100}
2025-04-30 03:02:32,797 [INFO] ارسال سیگنال برای BNBUSDT: {'coin': 'BNBUSDT', 'type': 'BUY', 'price': 10.0, 'timestamp': 100}
2025-04-30 03:02:32,958 [INFO] پیام به تلگرام ارسال شد: سیگنال برای BNBUSDT
نوع: BUY
قیمت: 10.0
زمان: 100
2025-04-30 03:02:32,958 [INFO] سیگنال برای BNBUSDT ارسال شد: BUY
2025-04-30 03:02:32,961 [INFO] پردازش XRPUSDT
2025-04-30 03:02:33,446 [INFO] دریافت داده‌های تستی برای XRPUSDT
2025-04-30 03:02:33,448 [INFO] داده‌های OHLC برای XRPUSDT دریافت شد: {'timestamp': 100, 'open': 10.0, 'high': 11.0, 'low': 9.0, 'close': 10.0, 'volume': 37.0}
2025-04-30 03:02:33,448 [INFO] تولید سیگنال برای XRPUSDT با داده‌های تستی
2025-04-30 03:02:33,449 [INFO] مقدار close برای XRPUSDT: 10.0
2025-04-30 03:02:33,452 [INFO] سیگنال تولید شد برای XRPUSDT: {'coin': 'XRPUSDT', 'type': 'BUY', 'price': 10.0, 'timestamp': 100}
2025-04-30 03:02:33,453 [INFO] ارسال سیگنال برای XRPUSDT: {'coin': 'XRPUSDT', 'type': 'BUY', 'price': 10.0, 'timestamp': 100}
2025-04-30 03:02:33,618 [INFO] پیام به تلگرام ارسال شد: سیگنال برای XRPUSDT
نوع: BUY
قیمت: 10.0
زمان: 100
2025-04-30 03:02:33,619 [INFO] سیگنال برای XRPUSDT ارسال شد: BUY
2025-04-30 03:02:33,622 [INFO] پردازش ADAUSDT
2025-04-30 03:02:34,099 [INFO] دریافت داده‌های تستی برای ADAUSDT
2025-04-30 03:02:34,101 [INFO] داده‌های OHLC برای ADAUSDT دریافت شد: {'timestamp': 100, 'open': 10.0, 'high': 11.0, 'low': 9.0, 'close': 10.0, 'volume': 37.0}
2025-04-30 03:02:34,105 [INFO] تولید سیگنال برای ADAUSDT با داده‌های تستی
2025-04-30 03:02:34,105 [INFO] مقدار close برای ADAUSDT: 10.0
2025-04-30 03:02:34,106 [INFO] سیگنال تولید شد برای ADAUSDT: {'coin': 'ADAUSDT', 'type': 'BUY', 'price': 10.0, 'timestamp': 100}
2025-04-30 03:02:34,107 [INFO] ارسال سیگنال برای ADAUSDT: {'coin': 'ADAUSDT', 'type': 'BUY', 'price': 10.0, 'timestamp': 100}
2025-04-30 03:02:34,309 [INFO] پیام به تلگرام ارسال شد: سیگنال برای ADAUSDT
نوع: BUY
قیمت: 10.0
زمان: 100
2025-04-30 03:02:34,310 [INFO] سیگنال برای ADAUSDT ارسال شد: BUY
2025-04-30 03:02:34,313 [INFO] پردازش SOLUSDT
2025-04-30 03:02:34,770 [INFO] دریافت داده‌های تستی برای SOLUSDT
2025-04-30 03:02:34,771 [INFO] داده‌های OHLC برای SOLUSDT دریافت شد: {'timestamp': 100, 'open': 10.0, 'high': 11.0, 'low': 9.0, 'close': 10.0, 'volume': 37.0}
2025-04-30 03:02:34,772 [INFO] تولید سیگنال برای SOLUSDT با داده‌های تستی
2025-04-30 03:02:34,775 [INFO] مقدار close برای SOLUSDT: 10.0
2025-04-30 03:02:34,775 [INFO] سیگنال تولید شد برای SOLUSDT: {'coin': 'SOLUSDT', 'type': 'BUY', 'price': 10.0, 'timestamp': 100}
2025-04-30 03:02:34,776 [INFO] ارسال سیگنال برای SOLUSDT: {'coin': 'SOLUSDT', 'type': 'BUY', 'price': 10.0, 'timestamp': 100}
2025-04-30 03:02:34,938 [INFO] پیام به تلگرام ارسال شد: سیگنال برای SOLUSDT
نوع: BUY
قیمت: 10.0
زمان: 100
2025-04-30 03:02:34,939 [INFO] سیگنال برای SOLUSDT ارسال شد: BUY
2025-04-30 03:02:34,942 [INFO] پردازش DOTUSDT
2025-04-30 03:02:35,413 [INFO] دریافت داده‌های تستی برای DOTUSDT
2025-04-30 03:02:35,414 [INFO] داده‌های OHLC برای DOTUSDT دریافت شد: {'timestamp': 100, 'open': 10.0, 'high': 11.0, 'low': 9.0, 'close': 10.0, 'volume': 37.0}
2025-04-30 03:02:35,416 [INFO] تولید سیگنال برای DOTUSDT با داده‌های تستی
2025-04-30 03:02:35,418 [INFO] مقدار close برای DOTUSDT: 10.0
2025-04-30 03:02:35,418 [INFO] سیگنال تولید شد برای DOTUSDT: {'coin': 'DOTUSDT', 'type': 'BUY', 'price': 10.0, 'timestamp': 100}
2025-04-30 03:02:35,419 [INFO] ارسال سیگنال برای DOTUSDT: {'coin': 'DOTUSDT', 'type': 'BUY', 'price': 10.0, 'timestamp': 100}
2025-04-30 03:02:35,582 [INFO] پیام به تلگرام ارسال شد: سیگنال برای DOTUSDT
نوع: BUY
قیمت: 10.0
زمان: 100
2025-04-30 03:02:35,583 [INFO] سیگنال برای DOTUSDT ارسال شد: BUY
2025-04-30 03:02:35,588 [INFO] پردازش DOGEUSDT
2025-04-30 03:02:36,052 [INFO] دریافت داده‌های تستی برای DOGEUSDT
2025-04-30 03:02:36,054 [INFO] داده‌های OHLC برای DOGEUSDT دریافت شد: {'timestamp': 100, 'open': 10.0, 'high': 11.0, 'low': 9.0, 'close': 10.0, 'volume': 37.0}
2025-04-30 03:02:36,055 [INFO] تولید سیگنال برای DOGEUSDT با داده‌های تستی
2025-04-30 03:02:36,058 [INFO] مقدار close برای DOGEUSDT: 10.0
2025-04-30 03:02:36,059 [INFO] سیگنال تولید شد برای DOGEUSDT: {'coin': 'DOGEUSDT', 'type': 'BUY', 'price': 10.0, 'timestamp': 100}
2025-04-30 03:02:36,059 [INFO] ارسال سیگنال برای DOGEUSDT: {'coin': 'DOGEUSDT', 'type': 'BUY', 'price': 10.0, 'timestamp': 100}
2025-04-30 03:02:36,219 [INFO] پیام به تلگرام ارسال شد: سیگنال برای DOGEUSDT
نوع: BUY
قیمت: 10.0
زمان: 100
2025-04-30 03:02:36,220 [INFO] سیگنال برای DOGEUSDT ارسال شد: BUY
2025-04-30 03:02:36,223 [INFO] پردازش AVAXUSDT
2025-04-30 03:02:36,677 [INFO] دریافت داده‌های تستی برای AVAXUSDT
2025-04-30 03:02:36,681 [INFO] داده‌های OHLC برای AVAXUSDT دریافت شد: {'timestamp': 100, 'open': 10.0, 'high': 11.0, 'low': 9.0, 'close': 10.0, 'volume': 37.0}
2025-04-30 03:02:36,682 [INFO] تولید سیگنال برای AVAXUSDT با داده‌های تستی
2025-04-30 03:02:36,683 [INFO] مقدار close برای AVAXUSDT: 10.0
2025-04-30 03:02:36,683 [INFO] سیگنال تولید شد برای AVAXUSDT: {'coin': 'AVAXUSDT', 'type': 'BUY', 'price': 10.0, 'timestamp': 100}
2025-04-30 03:02:36,684 [INFO] ارسال سیگنال برای AVAXUSDT: {'coin': 'AVAXUSDT', 'type': 'BUY', 'price': 10.0, 'timestamp': 100}
2025-04-30 03:02:36,844 [INFO] پیام به تلگرام ارسال شد: سیگنال برای AVAXUSDT
نوع: BUY
قیمت: 10.0
زمان: 100
2025-04-30 03:02:36,844 [INFO] سیگنال برای AVAXUSDT ارسال شد: BUY
2025-04-30 03:02:36,847 [INFO] پردازش MATICUSDT
2025-04-30 03:02:37,285 [INFO] دریافت داده‌های تستی برای MATICUSDT
2025-04-30 03:02:37,287 [INFO] داده‌های OHLC برای MATICUSDT دریافت شد: {'timestamp': 100, 'open': 10.0, 'high': 11.0, 'low': 9.0, 'close': 10.0, 'volume': 37.0}
2025-04-30 03:02:37,288 [INFO] تولید سیگنال برای MATICUSDT با داده‌های تستی
2025-04-30 03:02:37,291 [INFO] مقدار close برای MATICUSDT: 10.0
2025-04-30 03:02:37,292 [INFO] سیگنال تولید شد برای MATICUSDT: {'coin': 'MATICUSDT', 'type': 'BUY', 'price': 10.0, 'timestamp': 100}
2025-04-30 03:02:37,292 [INFO] ارسال سیگنال برای MATICUSDT: {'coin': 'MATICUSDT', 'type': 'BUY', 'price': 10.0, 'timestamp': 100}
2025-04-30 03:02:37,455 [INFO] پیام به تلگرام ارسال شد: سیگنال برای MATICUSDT
نوع: BUY
قیمت: 10.0
زمان: 100
2025-04-30 03:02:37,457 [INFO] سیگنال برای MATICUSDT ارسال شد: BUY
2025-04-30 03:02:37,459 [INFO] انتظار برای چرخه بعدی (15 دقیقه)
2025-04-30 03:03:54,731 [INFO] شروع بارگذاری تنظیمات
2025-04-30 03:03:54,732 [INFO] تنظیمات بارگذاری شد: {'xt_api_url': 'https://jsonplaceholder.typicode.com', 'timeframe': '15m', 'sma_short_period': 9, 'sma_long_period': 21, 'rsi_period': 14, 'macd_fast': 12, 'macd_slow': 26, 'macd_signal': 9, 'atr_period': 14, 'telegram_chat_id': '96545679'}
2025-04-30 03:03:54,733 [INFO] مقداردهی اولیه XT API
2025-04-30 03:03:54,735 [INFO] مقداردهی اولیه API برای تست انجام شد
2025-04-30 03:03:54,735 [INFO] مقداردهی اولیه بات تلگرام
2025-04-30 03:03:56,630 [INFO] مقداردهی اولیه بات تلگرام انجام شد
2025-04-30 03:03:56,630 [INFO] بارگذاری لیست ارزها
2025-04-30 03:03:56,632 [INFO] ارزهای بارگذاری‌شده: ['BTCUSDT', 'ETHUSDT', 'BNBUSDT', 'XRPUSDT', 'ADAUSDT', 'SOLUSDT', 'DOTUSDT', 'DOGEUSDT', 'AVAXUSDT', 'MATICUSDT']
2025-04-30 03:03:56,634 [INFO] مقداردهی اولیه استراتژی برای تست با JSONPlaceholder
2025-04-30 03:03:56,634 [INFO] بات SIGNAL-BOT با موفقیت شروع شد
2025-04-30 03:03:56,635 [INFO] پردازش BTCUSDT
2025-04-30 03:03:57,070 [INFO] دریافت داده‌های تستی برای BTCUSDT
2025-04-30 03:03:57,071 [INFO] داده‌های OHLC برای BTCUSDT دریافت شد: {'timestamp': 100, 'open': 10.0, 'high': 11.0, 'low': 9.0, 'close': 10.0, 'volume': 37.0}
2025-04-30 03:03:57,072 [INFO] تولید سیگنال برای BTCUSDT با داده‌های تستی
2025-04-30 03:03:57,073 [INFO] مقدار close برای BTCUSDT: 10.0
2025-04-30 03:03:57,074 [INFO] سیگنال تولید شد برای BTCUSDT: {'coin': 'BTCUSDT', 'type': 'BUY', 'price': 10.0, 'timestamp': 100}
2025-04-30 03:03:57,074 [INFO] ارسال سیگنال برای BTCUSDT: {'coin': 'BTCUSDT', 'type': 'BUY', 'price': 10.0, 'timestamp': 100}
2025-04-30 03:03:57,578 [INFO] پیام به تلگرام ارسال شد: سیگنال برای BTCUSDT
نوع: BUY
قیمت: 10.0
زمان: 100
2025-04-30 03:03:57,578 [INFO] سیگنال برای BTCUSDT ارسال شد: BUY
2025-04-30 03:03:57,579 [INFO] پردازش ETHUSDT
2025-04-30 03:03:58,022 [INFO] دریافت داده‌های تستی برای ETHUSDT
2025-04-30 03:03:58,024 [INFO] داده‌های OHLC برای ETHUSDT دریافت شد: {'timestamp': 100, 'open': 10.0, 'high': 11.0, 'low': 9.0, 'close': 10.0, 'volume': 37.0}
2025-04-30 03:03:58,027 [INFO] تولید سیگنال برای ETHUSDT با داده‌های تستی
2025-04-30 03:03:58,028 [INFO] مقدار close برای ETHUSDT: 10.0
2025-04-30 03:03:58,028 [INFO] سیگنال تولید شد برای ETHUSDT: {'coin': 'ETHUSDT', 'type': 'BUY', 'price': 10.0, 'timestamp': 100}
2025-04-30 03:03:58,029 [INFO] ارسال سیگنال برای ETHUSDT: {'coin': 'ETHUSDT', 'type': 'BUY', 'price': 10.0, 'timestamp': 100}
2025-04-30 03:03:58,197 [INFO] پیام به تلگرام ارسال شد: سیگنال برای ETHUSDT
نوع: BUY
قیمت: 10.0
زمان: 100
2025-04-30 03:03:58,198 [INFO] سیگنال برای ETHUSDT ارسال شد: BUY
2025-04-30 03:03:58,199 [INFO] پردازش BNBUSDT
2025-04-30 03:03:58,637 [INFO] دریافت داده‌های تستی برای BNBUSDT
2025-04-30 03:03:58,638 [INFO] داده‌های OHLC برای BNBUSDT دریافت شد: {'timestamp': 100, 'open': 10.0, 'high': 11.0, 'low': 9.0, 'close': 10.0, 'volume': 37.0}
2025-04-30 03:03:58,639 [INFO] تولید سیگنال برای BNBUSDT با داده‌های تستی
2025-04-30 03:03:58,641 [INFO] مقدار close برای BNBUSDT: 10.0
2025-04-30 03:03:58,642 [INFO] سیگنال تولید شد برای BNBUSDT: {'coin': 'BNBUSDT', 'type': 'BUY', 'price': 10.0, 'timestamp': 100}
2025-04-30 03:03:58,642 [INFO] ارسال سیگنال برای BNBUSDT: {'coin': 'BNBUSDT', 'type': 'BUY', 'price': 10.0, 'timestamp': 100}
2025-04-30 03:03:58,811 [INFO] پیام به تلگرام ارسال شد: سیگنال برای BNBUSDT
نوع: BUY
قیمت: 10.0
زمان: 100
2025-04-30 03:03:58,812 [INFO] سیگنال برای BNBUSDT ارسال شد: BUY
2025-04-30 03:03:58,813 [INFO] پردازش XRPUSDT
2025-04-30 03:03:59,269 [INFO] دریافت داده‌های تستی برای XRPUSDT
2025-04-30 03:03:59,269 [INFO] داده‌های OHLC برای XRPUSDT دریافت شد: {'timestamp': 100, 'open': 10.0, 'high': 11.0, 'low': 9.0, 'close': 10.0, 'volume': 37.0}
2025-04-30 03:03:59,270 [INFO] تولید سیگنال برای XRPUSDT با داده‌های تستی
2025-04-30 03:03:59,272 [INFO] مقدار close برای XRPUSDT: 10.0
2025-04-30 03:03:59,272 [INFO] سیگنال تولید شد برای XRPUSDT: {'coin': 'XRPUSDT', 'type': 'BUY', 'price': 10.0, 'timestamp': 100}
2025-04-30 03:03:59,273 [INFO] ارسال سیگنال برای XRPUSDT: {'coin': 'XRPUSDT', 'type': 'BUY', 'price': 10.0, 'timestamp': 100}
2025-04-30 03:03:59,442 [INFO] پیام به تلگرام ارسال شد: سیگنال برای XRPUSDT
نوع: BUY
قیمت: 10.0
زمان: 100
2025-04-30 03:03:59,443 [INFO] سیگنال برای XRPUSDT ارسال شد: BUY
2025-04-30 03:03:59,444 [INFO] پردازش ADAUSDT
2025-04-30 03:03:59,893 [INFO] دریافت داده‌های تستی برای ADAUSDT
2025-04-30 03:03:59,893 [INFO] داده‌های OHLC برای ADAUSDT دریافت شد: {'timestamp': 100, 'open': 10.0, 'high': 11.0, 'low': 9.0, 'close': 10.0, 'volume': 37.0}
2025-04-30 03:03:59,894 [INFO] تولید سیگنال برای ADAUSDT با داده‌های تستی
2025-04-30 03:03:59,896 [INFO] مقدار close برای ADAUSDT: 10.0
2025-04-30 03:03:59,897 [INFO] سیگنال تولید شد برای ADAUSDT: {'coin': 'ADAUSDT', 'type': 'BUY', 'price': 10.0, 'timestamp': 100}
2025-04-30 03:03:59,897 [INFO] ارسال سیگنال برای ADAUSDT: {'coin': 'ADAUSDT', 'type': 'BUY', 'price': 10.0, 'timestamp': 100}
2025-04-30 03:04:00,090 [INFO] پیام به تلگرام ارسال شد: سیگنال برای ADAUSDT
نوع: BUY
قیمت: 10.0
زمان: 100
2025-04-30 03:04:00,090 [INFO] سیگنال برای ADAUSDT ارسال شد: BUY
2025-04-30 03:04:00,091 [INFO] پردازش SOLUSDT
2025-04-30 03:04:00,524 [INFO] دریافت داده‌های تستی برای SOLUSDT
2025-04-30 03:04:00,525 [INFO] داده‌های OHLC برای SOLUSDT دریافت شد: {'timestamp': 100, 'open': 10.0, 'high': 11.0, 'low': 9.0, 'close': 10.0, 'volume': 37.0}
2025-04-30 03:04:00,526 [INFO] تولید سیگنال برای SOLUSDT با داده‌های تستی
2025-04-30 03:04:00,527 [INFO] مقدار close برای SOLUSDT: 10.0
2025-04-30 03:04:00,528 [INFO] سیگنال تولید شد برای SOLUSDT: {'coin': 'SOLUSDT', 'type': 'BUY', 'price': 10.0, 'timestamp': 100}
2025-04-30 03:04:00,529 [INFO] ارسال سیگنال برای SOLUSDT: {'coin': 'SOLUSDT', 'type': 'BUY', 'price': 10.0, 'timestamp': 100}
2025-04-30 03:04:00,917 [INFO] پیام به تلگرام ارسال شد: سیگنال برای SOLUSDT
نوع: BUY
قیمت: 10.0
زمان: 100
2025-04-30 03:04:00,918 [INFO] سیگنال برای SOLUSDT ارسال شد: BUY
2025-04-30 03:04:00,919 [INFO] پردازش DOTUSDT
2025-04-30 03:04:01,364 [INFO] دریافت داده‌های تستی برای DOTUSDT
2025-04-30 03:04:01,365 [INFO] داده‌های OHLC برای DOTUSDT دریافت شد: {'timestamp': 100, 'open': 10.0, 'high': 11.0, 'low': 9.0, 'close': 10.0, 'volume': 37.0}
2025-04-30 03:04:01,366 [INFO] تولید سیگنال برای DOTUSDT با داده‌های تستی
2025-04-30 03:04:01,368 [INFO] مقدار close برای DOTUSDT: 10.0
2025-04-30 03:04:01,368 [INFO] سیگنال تولید شد برای DOTUSDT: {'coin': 'DOTUSDT', 'type': 'BUY', 'price': 10.0, 'timestamp': 100}
2025-04-30 03:04:01,369 [INFO] ارسال سیگنال برای DOTUSDT: {'coin': 'DOTUSDT', 'type': 'BUY', 'price': 10.0, 'timestamp': 100}
2025-04-30 03:04:01,548 [INFO] پیام به تلگرام ارسال شد: سیگنال برای DOTUSDT
نوع: BUY
قیمت: 10.0
زمان: 100
2025-04-30 03:04:01,548 [INFO] سیگنال برای DOTUSDT ارسال شد: BUY
2025-04-30 03:04:01,550 [INFO] پردازش DOGEUSDT
2025-04-30 03:04:02,039 [INFO] دریافت داده‌های تستی برای DOGEUSDT
2025-04-30 03:04:02,040 [INFO] داده‌های OHLC برای DOGEUSDT دریافت شد: {'timestamp': 100, 'open': 10.0, 'high': 11.0, 'low': 9.0, 'close': 10.0, 'volume': 37.0}
2025-04-30 03:04:02,040 [INFO] تولید سیگنال برای DOGEUSDT با داده‌های تستی
2025-04-30 03:04:02,041 [INFO] مقدار close برای DOGEUSDT: 10.0
2025-04-30 03:04:02,043 [INFO] سیگنال تولید شد برای DOGEUSDT: {'coin': 'DOGEUSDT', 'type': 'BUY', 'price': 10.0, 'timestamp': 100}
2025-04-30 03:04:02,043 [INFO] ارسال سیگنال برای DOGEUSDT: {'coin': 'DOGEUSDT', 'type': 'BUY', 'price': 10.0, 'timestamp': 100}
2025-04-30 03:04:02,210 [INFO] پیام به تلگرام ارسال شد: سیگنال برای DOGEUSDT
نوع: BUY
قیمت: 10.0
زمان: 100
2025-04-30 03:04:02,210 [INFO] سیگنال برای DOGEUSDT ارسال شد: BUY
2025-04-30 03:04:02,212 [INFO] پردازش AVAXUSDT
2025-04-30 03:04:02,647 [INFO] دریافت داده‌های تستی برای AVAXUSDT
2025-04-30 03:04:02,649 [INFO] داده‌های OHLC برای AVAXUSDT دریافت شد: {'timestamp': 100, 'open': 10.0, 'high': 11.0, 'low': 9.0, 'close': 10.0, 'volume': 37.0}
2025-04-30 03:04:02,650 [INFO] تولید سیگنال برای AVAXUSDT با داده‌های تستی
2025-04-30 03:04:02,651 [INFO] مقدار close برای AVAXUSDT: 10.0
2025-04-30 03:04:02,652 [INFO] سیگنال تولید شد برای AVAXUSDT: {'coin': 'AVAXUSDT', 'type': 'BUY', 'price': 10.0, 'timestamp': 100}
2025-04-30 03:04:02,652 [INFO] ارسال سیگنال برای AVAXUSDT: {'coin': 'AVAXUSDT', 'type': 'BUY', 'price': 10.0, 'timestamp': 100}
2025-04-30 03:04:02,820 [INFO] پیام به تلگرام ارسال شد: سیگنال برای AVAXUSDT
نوع: BUY
قیمت: 10.0
زمان: 100
2025-04-30 03:04:02,820 [INFO] سیگنال برای AVAXUSDT ارسال شد: BUY
2025-04-30 03:04:02,822 [INFO] پردازش MATICUSDT
2025-04-30 03:04:03,263 [INFO] دریافت داده‌های تستی برای MATICUSDT
2025-04-30 03:04:03,264 [INFO] داده‌های OHLC برای MATICUSDT دریافت شد: {'timestamp': 100, 'open': 10.0, 'high': 11.0, 'low': 9.0, 'close': 10.0, 'volume': 37.0}
2025-04-30 03:04:03,264 [INFO] تولید سیگنال برای MATICUSDT با داده‌های تستی
2025-04-30 03:04:03,267 [INFO] مقدار close برای MATICUSDT: 10.0
2025-04-30 03:04:03,267 [INFO] سیگنال تولید شد برای MATICUSDT: {'coin': 'MATICUSDT', 'type': 'BUY', 'price': 10.0, 'timestamp': 100}
2025-04-30 03:04:03,268 [INFO] ارسال سیگنال برای MATICUSDT: {'coin': 'MATICUSDT', 'type': 'BUY', 'price': 10.0, 'timestamp': 100}
2025-04-30 03:04:03,435 [INFO] پیام به تلگرام ارسال شد: سیگنال برای MATICUSDT
نوع: BUY
قیمت: 10.0
زمان: 100
2025-04-30 03:04:03,436 [INFO] سیگنال برای MATICUSDT ارسال شد: BUY
2025-04-30 03:04:03,437 [INFO] انتظار برای چرخه بعدی (15 دقیقه)
2025-04-30 03:08:46,861 [INFO] شروع بارگذاری تنظیمات
2025-04-30 03:08:46,868 [INFO] تنظیمات بارگذاری شد: {'xt_api_url': 'https://jsonplaceholder.typicode.com', 'timeframe': '15m', 'sma_short_period': 9, 'sma_long_period': 21, 'rsi_period': 14, 'macd_fast': 12, 'macd_slow': 26, 'macd_signal': 9, 'atr_period': 14, 'telegram_chat_id': '96545679'}
2025-04-30 03:08:46,868 [INFO] مقداردهی اولیه XT API
2025-04-30 03:08:46,869 [INFO] مقداردهی اولیه API برای تست انجام شد
2025-04-30 03:08:46,869 [INFO] مقداردهی اولیه بات تلگرام
2025-04-30 03:08:48,821 [INFO] مقداردهی اولیه بات تلگرام انجام شد
2025-04-30 03:08:48,821 [INFO] بارگذاری لیست ارزها
2025-04-30 03:08:48,829 [INFO] ارزهای بارگذاری‌شده: ['BTCUSDT', 'ETHUSDT', 'BNBUSDT', 'XRPUSDT', 'ADAUSDT', 'SOLUSDT', 'DOTUSDT', 'DOGEUSDT', 'AVAXUSDT', 'MATICUSDT']
2025-04-30 03:08:48,830 [INFO] مقداردهی اولیه استراتژی برای تست با JSONPlaceholder
2025-04-30 03:08:48,830 [INFO] بات SIGNAL-BOT با موفقیت شروع شد
2025-04-30 03:08:48,831 [INFO] پردازش BTCUSDT
2025-04-30 03:08:49,956 [INFO] دریافت داده‌های تستی برای BTCUSDT
2025-04-30 03:08:49,957 [INFO] داده‌های OHLC برای BTCUSDT دریافت شد: {'timestamp': 100, 'open': 10.0, 'high': 11.0, 'low': 9.0, 'close': 10.0, 'volume': 37.0}
2025-04-30 03:08:49,960 [INFO] تولید سیگنال برای BTCUSDT با داده‌های تستی
2025-04-30 03:08:49,961 [INFO] مقدار close برای BTCUSDT: 10.0
2025-04-30 03:08:49,962 [INFO] سیگنال تولید شد برای BTCUSDT: {'coin': 'BTCUSDT', 'type': 'BUY', 'price': 10.0, 'timestamp': 100}
2025-04-30 03:08:49,964 [INFO] ارسال سیگنال برای BTCUSDT: {'coin': 'BTCUSDT', 'type': 'BUY', 'price': 10.0, 'timestamp': 100}
2025-04-30 03:08:51,459 [INFO] پیام به تلگرام ارسال شد: سیگنال برای BTCUSDT
نوع: BUY
قیمت: 10.0
زمان: 100
2025-04-30 03:08:51,460 [INFO] سیگنال برای BTCUSDT ارسال شد: BUY
2025-04-30 03:08:51,463 [INFO] پردازش ETHUSDT
2025-04-30 03:08:55,892 [INFO] دریافت داده‌های تستی برای ETHUSDT
2025-04-30 03:08:55,893 [INFO] داده‌های OHLC برای ETHUSDT دریافت شد: {'timestamp': 100, 'open': 10.0, 'high': 11.0, 'low': 9.0, 'close': 10.0, 'volume': 37.0}
2025-04-30 03:08:55,894 [INFO] تولید سیگنال برای ETHUSDT با داده‌های تستی
2025-04-30 03:08:55,895 [INFO] مقدار close برای ETHUSDT: 10.0
2025-04-30 03:08:55,896 [INFO] سیگنال تولید شد برای ETHUSDT: {'coin': 'ETHUSDT', 'type': 'BUY', 'price': 10.0, 'timestamp': 100}
2025-04-30 03:08:55,896 [INFO] ارسال سیگنال برای ETHUSDT: {'coin': 'ETHUSDT', 'type': 'BUY', 'price': 10.0, 'timestamp': 100}
2025-04-30 03:08:56,123 [INFO] پیام به تلگرام ارسال شد: سیگنال برای ETHUSDT
نوع: BUY
قیمت: 10.0
زمان: 100
2025-04-30 03:08:56,124 [INFO] سیگنال برای ETHUSDT ارسال شد: BUY
2025-04-30 03:08:56,125 [INFO] پردازش BNBUSDT
2025-04-30 03:08:56,674 [INFO] دریافت داده‌های تستی برای BNBUSDT
2025-04-30 03:08:56,676 [INFO] داده‌های OHLC برای BNBUSDT دریافت شد: {'timestamp': 100, 'open': 10.0, 'high': 11.0, 'low': 9.0, 'close': 10.0, 'volume': 37.0}
2025-04-30 03:08:56,676 [INFO] تولید سیگنال برای BNBUSDT با داده‌های تستی
2025-04-30 03:08:56,677 [INFO] مقدار close برای BNBUSDT: 10.0
2025-04-30 03:08:56,678 [INFO] سیگنال تولید شد برای BNBUSDT: {'coin': 'BNBUSDT', 'type': 'BUY', 'price': 10.0, 'timestamp': 100}
2025-04-30 03:08:56,679 [INFO] ارسال سیگنال برای BNBUSDT: {'coin': 'BNBUSDT', 'type': 'BUY', 'price': 10.0, 'timestamp': 100}
2025-04-30 03:08:56,998 [INFO] پیام به تلگرام ارسال شد: سیگنال برای BNBUSDT
نوع: BUY
قیمت: 10.0
زمان: 100
2025-04-30 03:08:56,999 [INFO] سیگنال برای BNBUSDT ارسال شد: BUY
2025-04-30 03:08:57,003 [INFO] پردازش XRPUSDT
2025-04-30 03:08:58,297 [INFO] دریافت داده‌های تستی برای XRPUSDT
2025-04-30 03:08:58,298 [INFO] داده‌های OHLC برای XRPUSDT دریافت شد: {'timestamp': 100, 'open': 10.0, 'high': 11.0, 'low': 9.0, 'close': 10.0, 'volume': 37.0}
2025-04-30 03:08:58,298 [INFO] تولید سیگنال برای XRPUSDT با داده‌های تستی
2025-04-30 03:08:58,298 [INFO] مقدار close برای XRPUSDT: 10.0
2025-04-30 03:08:58,298 [INFO] سیگنال تولید شد برای XRPUSDT: {'coin': 'XRPUSDT', 'type': 'BUY', 'price': 10.0, 'timestamp': 100}
2025-04-30 03:08:58,299 [INFO] ارسال سیگنال برای XRPUSDT: {'coin': 'XRPUSDT', 'type': 'BUY', 'price': 10.0, 'timestamp': 100}
2025-04-30 03:08:59,673 [INFO] پیام به تلگرام ارسال شد: سیگنال برای XRPUSDT
نوع: BUY
قیمت: 10.0
زمان: 100
2025-04-30 03:08:59,674 [INFO] سیگنال برای XRPUSDT ارسال شد: BUY
2025-04-30 03:08:59,675 [INFO] پردازش ADAUSDT
2025-04-30 03:09:00,463 [INFO] دریافت داده‌های تستی برای ADAUSDT
2025-04-30 03:09:00,464 [INFO] داده‌های OHLC برای ADAUSDT دریافت شد: {'timestamp': 100, 'open': 10.0, 'high': 11.0, 'low': 9.0, 'close': 10.0, 'volume': 37.0}
2025-04-30 03:09:00,466 [INFO] تولید سیگنال برای ADAUSDT با داده‌های تستی
2025-04-30 03:09:00,467 [INFO] مقدار close برای ADAUSDT: 10.0
2025-04-30 03:09:00,469 [INFO] سیگنال تولید شد برای ADAUSDT: {'coin': 'ADAUSDT', 'type': 'BUY', 'price': 10.0, 'timestamp': 100}
2025-04-30 03:09:00,470 [INFO] ارسال سیگنال برای ADAUSDT: {'coin': 'ADAUSDT', 'type': 'BUY', 'price': 10.0, 'timestamp': 100}
2025-04-30 03:09:00,667 [INFO] پیام به تلگرام ارسال شد: سیگنال برای ADAUSDT
نوع: BUY
قیمت: 10.0
زمان: 100
2025-04-30 03:09:00,668 [INFO] سیگنال برای ADAUSDT ارسال شد: BUY
2025-04-30 03:09:00,671 [INFO] پردازش SOLUSDT
2025-04-30 03:09:01,151 [INFO] دریافت داده‌های تستی برای SOLUSDT
2025-04-30 03:09:01,152 [INFO] داده‌های OHLC برای SOLUSDT دریافت شد: {'timestamp': 100, 'open': 10.0, 'high': 11.0, 'low': 9.0, 'close': 10.0, 'volume': 37.0}
2025-04-30 03:09:01,153 [INFO] تولید سیگنال برای SOLUSDT با داده‌های تستی
2025-04-30 03:09:01,153 [INFO] مقدار close برای SOLUSDT: 10.0
2025-04-30 03:09:01,155 [INFO] سیگنال تولید شد برای SOLUSDT: {'coin': 'SOLUSDT', 'type': 'BUY', 'price': 10.0, 'timestamp': 100}
2025-04-30 03:09:01,156 [INFO] ارسال سیگنال برای SOLUSDT: {'coin': 'SOLUSDT', 'type': 'BUY', 'price': 10.0, 'timestamp': 100}
2025-04-30 03:09:01,324 [INFO] پیام به تلگرام ارسال شد: سیگنال برای SOLUSDT
نوع: BUY
قیمت: 10.0
زمان: 100
2025-04-30 03:09:01,325 [INFO] سیگنال برای SOLUSDT ارسال شد: BUY
2025-04-30 03:09:01,328 [INFO] پردازش DOTUSDT
2025-04-30 03:09:01,789 [INFO] دریافت داده‌های تستی برای DOTUSDT
2025-04-30 03:09:01,791 [INFO] داده‌های OHLC برای DOTUSDT دریافت شد: {'timestamp': 100, 'open': 10.0, 'high': 11.0, 'low': 9.0, 'close': 10.0, 'volume': 37.0}
2025-04-30 03:09:01,793 [INFO] تولید سیگنال برای DOTUSDT با داده‌های تستی
2025-04-30 03:09:01,795 [INFO] مقدار close برای DOTUSDT: 10.0
2025-04-30 03:09:01,796 [INFO] سیگنال تولید شد برای DOTUSDT: {'coin': 'DOTUSDT', 'type': 'BUY', 'price': 10.0, 'timestamp': 100}
2025-04-30 03:09:01,797 [INFO] ارسال سیگنال برای DOTUSDT: {'coin': 'DOTUSDT', 'type': 'BUY', 'price': 10.0, 'timestamp': 100}
2025-04-30 03:09:02,002 [INFO] پیام به تلگرام ارسال شد: سیگنال برای DOTUSDT
نوع: BUY
قیمت: 10.0
زمان: 100
2025-04-30 03:09:02,003 [INFO] سیگنال برای DOTUSDT ارسال شد: BUY
2025-04-30 03:09:02,006 [INFO] پردازش DOGEUSDT
2025-04-30 03:09:02,481 [INFO] دریافت داده‌های تستی برای DOGEUSDT
2025-04-30 03:09:02,482 [INFO] داده‌های OHLC برای DOGEUSDT دریافت شد: {'timestamp': 100, 'open': 10.0, 'high': 11.0, 'low': 9.0, 'close': 10.0, 'volume': 37.0}
2025-04-30 03:09:02,483 [INFO] تولید سیگنال برای DOGEUSDT با داده‌های تستی
2025-04-30 03:09:02,483 [INFO] مقدار close برای DOGEUSDT: 10.0
2025-04-30 03:09:02,485 [INFO] سیگنال تولید شد برای DOGEUSDT: {'coin': 'DOGEUSDT', 'type': 'BUY', 'price': 10.0, 'timestamp': 100}
2025-04-30 03:09:02,486 [INFO] ارسال سیگنال برای DOGEUSDT: {'coin': 'DOGEUSDT', 'type': 'BUY', 'price': 10.0, 'timestamp': 100}
2025-04-30 03:09:02,662 [INFO] پیام به تلگرام ارسال شد: سیگنال برای DOGEUSDT
نوع: BUY
قیمت: 10.0
زمان: 100
2025-04-30 03:09:02,663 [INFO] سیگنال برای DOGEUSDT ارسال شد: BUY
2025-04-30 03:09:02,667 [INFO] پردازش AVAXUSDT
2025-04-30 03:09:03,148 [INFO] دریافت داده‌های تستی برای AVAXUSDT
2025-04-30 03:09:03,154 [INFO] داده‌های OHLC برای AVAXUSDT دریافت شد: {'timestamp': 100, 'open': 10.0, 'high': 11.0, 'low': 9.0, 'close': 10.0, 'volume': 37.0}
2025-04-30 03:09:03,155 [INFO] تولید سیگنال برای AVAXUSDT با داده‌های تستی
2025-04-30 03:09:03,156 [INFO] مقدار close برای AVAXUSDT: 10.0
2025-04-30 03:09:03,157 [INFO] سیگنال تولید شد برای AVAXUSDT: {'coin': 'AVAXUSDT', 'type': 'BUY', 'price': 10.0, 'timestamp': 100}
2025-04-30 03:09:03,159 [INFO] ارسال سیگنال برای AVAXUSDT: {'coin': 'AVAXUSDT', 'type': 'BUY', 'price': 10.0, 'timestamp': 100}
2025-04-30 03:09:03,345 [INFO] پیام به تلگرام ارسال شد: سیگنال برای AVAXUSDT
نوع: BUY
قیمت: 10.0
زمان: 100
2025-04-30 03:09:03,345 [INFO] سیگنال برای AVAXUSDT ارسال شد: BUY
2025-04-30 03:09:03,348 [INFO] پردازش MATICUSDT
2025-04-30 03:09:03,813 [INFO] دریافت داده‌های تستی برای MATICUSDT
2025-04-30 03:09:03,814 [INFO] داده‌های OHLC برای MATICUSDT دریافت شد: {'timestamp': 100, 'open': 10.0, 'high': 11.0, 'low': 9.0, 'close': 10.0, 'volume': 37.0}
2025-04-30 03:09:03,815 [INFO] تولید سیگنال برای MATICUSDT با داده‌های تستی
2025-04-30 03:09:03,817 [INFO] مقدار close برای MATICUSDT: 10.0
2025-04-30 03:09:03,819 [INFO] سیگنال تولید شد برای MATICUSDT: {'coin': 'MATICUSDT', 'type': 'BUY', 'price': 10.0, 'timestamp': 100}
2025-04-30 03:09:03,820 [INFO] ارسال سیگنال برای MATICUSDT: {'coin': 'MATICUSDT', 'type': 'BUY', 'price': 10.0, 'timestamp': 100}
2025-04-30 03:09:04,002 [INFO] پیام به تلگرام ارسال شد: سیگنال برای MATICUSDT
نوع: BUY
قیمت: 10.0
زمان: 100
2025-04-30 03:09:04,003 [INFO] سیگنال برای MATICUSDT ارسال شد: BUY
2025-04-30 03:09:04,006 [INFO] انتظار برای چرخه بعدی (15 دقیقه)
2025-04-30 03:11:24,883 [INFO] شروع بارگذاری تنظیمات
2025-04-30 03:11:24,884 [INFO] تنظیمات بارگذاری شد: {'xt_api_url': 'https://jsonplaceholder.typicode.com', 'timeframe': '15m', 'sma_short_period': 9, 'sma_long_period': 21, 'rsi_period': 14, 'macd_fast': 12, 'macd_slow': 26, 'macd_signal': 9, 'atr_period': 14, 'telegram_chat_id': '96545679'}
2025-04-30 03:11:24,886 [INFO] مقداردهی اولیه XT API
2025-04-30 03:11:24,888 [INFO] مقداردهی اولیه API برای تست انجام شد
2025-04-30 03:11:24,888 [INFO] مقداردهی اولیه بات تلگرام
2025-04-30 03:11:26,660 [INFO] مقداردهی اولیه بات تلگرام انجام شد
2025-04-30 03:11:26,660 [INFO] بارگذاری لیست ارزها
2025-04-30 03:11:26,661 [INFO] ارزهای بارگذاری‌شده: ['BTCUSDT', 'ETHUSDT', 'BNBUSDT', 'XRPUSDT', 'ADAUSDT', 'SOLUSDT', 'DOTUSDT', 'DOGEUSDT', 'AVAXUSDT', 'MATICUSDT']
2025-04-30 03:11:26,664 [INFO] مقداردهی اولیه استراتژی برای تست با JSONPlaceholder
2025-04-30 03:11:26,664 [INFO] بات SIGNAL-BOT با موفقیت شروع شد
2025-04-30 03:11:26,665 [INFO] پردازش BTCUSDT
2025-04-30 03:11:27,121 [INFO] دریافت داده‌های تستی برای BTCUSDT
2025-04-30 03:11:27,123 [INFO] داده‌های OHLC برای BTCUSDT دریافت شد: {'timestamp': 100, 'open': 10.0, 'high': 11.0, 'low': 9.0, 'close': 10.0, 'volume': 37.0}
2025-04-30 03:11:27,125 [INFO] تولید سیگنال برای BTCUSDT با داده‌های تستی
2025-04-30 03:11:27,126 [INFO] مقدار close برای BTCUSDT: 10.0
2025-04-30 03:11:27,126 [INFO] سیگنال تولید شد برای BTCUSDT: {'coin': 'BTCUSDT', 'type': 'BUY', 'price': 10.0, 'timestamp': 100}
2025-04-30 03:11:27,127 [INFO] ارسال سیگنال برای BTCUSDT: {'coin': 'BTCUSDT', 'type': 'BUY', 'price': 10.0, 'timestamp': 100}
2025-04-30 03:11:27,586 [INFO] پیام به تلگرام ارسال شد: سیگنال برای BTCUSDT
نوع: BUY
قیمت: 10.0
زمان: 100
2025-04-30 03:11:27,587 [INFO] سیگنال برای BTCUSDT ارسال شد: BUY
2025-04-30 03:11:27,591 [INFO] پردازش ETHUSDT
2025-04-30 03:11:28,047 [INFO] دریافت داده‌های تستی برای ETHUSDT
2025-04-30 03:11:28,048 [INFO] داده‌های OHLC برای ETHUSDT دریافت شد: {'timestamp': 100, 'open': 10.0, 'high': 11.0, 'low': 9.0, 'close': 10.0, 'volume': 37.0}
2025-04-30 03:11:28,049 [INFO] تولید سیگنال برای ETHUSDT با داده‌های تستی
2025-04-30 03:11:28,051 [INFO] مقدار close برای ETHUSDT: 10.0
2025-04-30 03:11:28,053 [INFO] سیگنال تولید شد برای ETHUSDT: {'coin': 'ETHUSDT', 'type': 'BUY', 'price': 10.0, 'timestamp': 100}
2025-04-30 03:11:28,053 [INFO] ارسال سیگنال برای ETHUSDT: {'coin': 'ETHUSDT', 'type': 'BUY', 'price': 10.0, 'timestamp': 100}
2025-04-30 03:11:28,219 [INFO] پیام به تلگرام ارسال شد: سیگنال برای ETHUSDT
نوع: BUY
قیمت: 10.0
زمان: 100
2025-04-30 03:11:28,220 [INFO] سیگنال برای ETHUSDT ارسال شد: BUY
2025-04-30 03:11:28,224 [INFO] پردازش BNBUSDT
2025-04-30 03:11:28,672 [INFO] دریافت داده‌های تستی برای BNBUSDT
2025-04-30 03:11:28,672 [INFO] داده‌های OHLC برای BNBUSDT دریافت شد: {'timestamp': 100, 'open': 10.0, 'high': 11.0, 'low': 9.0, 'close': 10.0, 'volume': 37.0}
2025-04-30 03:11:28,673 [INFO] تولید سیگنال برای BNBUSDT با داده‌های تستی
2025-04-30 03:11:28,675 [INFO] مقدار close برای BNBUSDT: 10.0
2025-04-30 03:11:28,675 [INFO] سیگنال تولید شد برای BNBUSDT: {'coin': 'BNBUSDT', 'type': 'BUY', 'price': 10.0, 'timestamp': 100}
2025-04-30 03:11:28,676 [INFO] ارسال سیگنال برای BNBUSDT: {'coin': 'BNBUSDT', 'type': 'BUY', 'price': 10.0, 'timestamp': 100}
2025-04-30 03:11:28,838 [INFO] پیام به تلگرام ارسال شد: سیگنال برای BNBUSDT
نوع: BUY
قیمت: 10.0
زمان: 100
2025-04-30 03:11:28,839 [INFO] سیگنال برای BNBUSDT ارسال شد: BUY
2025-04-30 03:11:28,843 [INFO] پردازش XRPUSDT
2025-04-30 03:11:29,866 [INFO] دریافت داده‌های تستی برای XRPUSDT
2025-04-30 03:11:29,867 [INFO] داده‌های OHLC برای XRPUSDT دریافت شد: {'timestamp': 100, 'open': 10.0, 'high': 11.0, 'low': 9.0, 'close': 10.0, 'volume': 37.0}
2025-04-30 03:11:29,869 [INFO] تولید سیگنال برای XRPUSDT با داده‌های تستی
2025-04-30 03:11:29,870 [INFO] مقدار close برای XRPUSDT: 10.0
2025-04-30 03:11:29,872 [INFO] سیگنال تولید شد برای XRPUSDT: {'coin': 'XRPUSDT', 'type': 'BUY', 'price': 10.0, 'timestamp': 100}
2025-04-30 03:11:29,872 [INFO] ارسال سیگنال برای XRPUSDT: {'coin': 'XRPUSDT', 'type': 'BUY', 'price': 10.0, 'timestamp': 100}
2025-04-30 03:11:30,032 [INFO] پیام به تلگرام ارسال شد: سیگنال برای XRPUSDT
نوع: BUY
قیمت: 10.0
زمان: 100
2025-04-30 03:11:30,032 [INFO] سیگنال برای XRPUSDT ارسال شد: BUY
2025-04-30 03:11:30,034 [INFO] پردازش ADAUSDT
2025-04-30 03:11:30,482 [INFO] دریافت داده‌های تستی برای ADAUSDT
2025-04-30 03:11:30,483 [INFO] داده‌های OHLC برای ADAUSDT دریافت شد: {'timestamp': 100, 'open': 10.0, 'high': 11.0, 'low': 9.0, 'close': 10.0, 'volume': 37.0}
2025-04-30 03:11:30,485 [INFO] تولید سیگنال برای ADAUSDT با داده‌های تستی
2025-04-30 03:11:30,488 [INFO] مقدار close برای ADAUSDT: 10.0
2025-04-30 03:11:30,489 [INFO] سیگنال تولید شد برای ADAUSDT: {'coin': 'ADAUSDT', 'type': 'BUY', 'price': 10.0, 'timestamp': 100}
2025-04-30 03:11:30,489 [INFO] ارسال سیگنال برای ADAUSDT: {'coin': 'ADAUSDT', 'type': 'BUY', 'price': 10.0, 'timestamp': 100}
2025-04-30 03:11:30,662 [INFO] پیام به تلگرام ارسال شد: سیگنال برای ADAUSDT
نوع: BUY
قیمت: 10.0
زمان: 100
2025-04-30 03:11:30,663 [INFO] سیگنال برای ADAUSDT ارسال شد: BUY
2025-04-30 03:11:30,666 [INFO] پردازش SOLUSDT
2025-04-30 03:11:31,137 [INFO] دریافت داده‌های تستی برای SOLUSDT
2025-04-30 03:11:31,139 [INFO] داده‌های OHLC برای SOLUSDT دریافت شد: {'timestamp': 100, 'open': 10.0, 'high': 11.0, 'low': 9.0, 'close': 10.0, 'volume': 37.0}
2025-04-30 03:11:31,140 [INFO] تولید سیگنال برای SOLUSDT با داده‌های تستی
2025-04-30 03:11:31,143 [INFO] مقدار close برای SOLUSDT: 10.0
2025-04-30 03:11:31,143 [INFO] سیگنال تولید شد برای SOLUSDT: {'coin': 'SOLUSDT', 'type': 'BUY', 'price': 10.0, 'timestamp': 100}
2025-04-30 03:11:31,144 [INFO] ارسال سیگنال برای SOLUSDT: {'coin': 'SOLUSDT', 'type': 'BUY', 'price': 10.0, 'timestamp': 100}
2025-04-30 03:11:31,341 [INFO] پیام به تلگرام ارسال شد: سیگنال برای SOLUSDT
نوع: BUY
قیمت: 10.0
زمان: 100
2025-04-30 03:11:31,342 [INFO] سیگنال برای SOLUSDT ارسال شد: BUY
2025-04-30 03:11:31,345 [INFO] پردازش DOTUSDT
2025-04-30 03:11:31,813 [INFO] دریافت داده‌های تستی برای DOTUSDT
2025-04-30 03:11:31,814 [INFO] داده‌های OHLC برای DOTUSDT دریافت شد: {'timestamp': 100, 'open': 10.0, 'high': 11.0, 'low': 9.0, 'close': 10.0, 'volume': 37.0}
2025-04-30 03:11:31,815 [INFO] تولید سیگنال برای DOTUSDT با داده‌های تستی
2025-04-30 03:11:31,819 [INFO] مقدار close برای DOTUSDT: 10.0
2025-04-30 03:11:31,819 [INFO] سیگنال تولید شد برای DOTUSDT: {'coin': 'DOTUSDT', 'type': 'BUY', 'price': 10.0, 'timestamp': 100}
2025-04-30 03:11:31,820 [INFO] ارسال سیگنال برای DOTUSDT: {'coin': 'DOTUSDT', 'type': 'BUY', 'price': 10.0, 'timestamp': 100}
2025-04-30 03:11:32,002 [INFO] پیام به تلگرام ارسال شد: سیگنال برای DOTUSDT
نوع: BUY
قیمت: 10.0
زمان: 100
2025-04-30 03:11:32,003 [INFO] سیگنال برای DOTUSDT ارسال شد: BUY
2025-04-30 03:11:32,007 [INFO] پردازش DOGEUSDT
2025-04-30 03:11:32,473 [INFO] دریافت داده‌های تستی برای DOGEUSDT
2025-04-30 03:11:32,475 [INFO] داده‌های OHLC برای DOGEUSDT دریافت شد: {'timestamp': 100, 'open': 10.0, 'high': 11.0, 'low': 9.0, 'close': 10.0, 'volume': 37.0}
2025-04-30 03:11:32,476 [INFO] تولید سیگنال برای DOGEUSDT با داده‌های تستی
2025-04-30 03:11:32,479 [INFO] مقدار close برای DOGEUSDT: 10.0
2025-04-30 03:11:32,479 [INFO] سیگنال تولید شد برای DOGEUSDT: {'coin': 'DOGEUSDT', 'type': 'BUY', 'price': 10.0, 'timestamp': 100}
2025-04-30 03:11:32,480 [INFO] ارسال سیگنال برای DOGEUSDT: {'coin': 'DOGEUSDT', 'type': 'BUY', 'price': 10.0, 'timestamp': 100}
2025-04-30 03:11:32,641 [INFO] پیام به تلگرام ارسال شد: سیگنال برای DOGEUSDT
نوع: BUY
قیمت: 10.0
زمان: 100
2025-04-30 03:11:32,642 [INFO] سیگنال برای DOGEUSDT ارسال شد: BUY
2025-04-30 03:11:32,644 [INFO] پردازش AVAXUSDT
2025-04-30 03:11:33,105 [INFO] دریافت داده‌های تستی برای AVAXUSDT
2025-04-30 03:11:33,109 [INFO] داده‌های OHLC برای AVAXUSDT دریافت شد: {'timestamp': 100, 'open': 10.0, 'high': 11.0, 'low': 9.0, 'close': 10.0, 'volume': 37.0}
2025-04-30 03:11:33,109 [INFO] تولید سیگنال برای AVAXUSDT با داده‌های تستی
2025-04-30 03:11:33,110 [INFO] مقدار close برای AVAXUSDT: 10.0
2025-04-30 03:11:33,112 [INFO] سیگنال تولید شد برای AVAXUSDT: {'coin': 'AVAXUSDT', 'type': 'BUY', 'price': 10.0, 'timestamp': 100}
2025-04-30 03:11:33,113 [INFO] ارسال سیگنال برای AVAXUSDT: {'coin': 'AVAXUSDT', 'type': 'BUY', 'price': 10.0, 'timestamp': 100}
2025-04-30 03:11:33,374 [INFO] پیام به تلگرام ارسال شد: سیگنال برای AVAXUSDT
نوع: BUY
قیمت: 10.0
زمان: 100
2025-04-30 03:11:33,375 [INFO] سیگنال برای AVAXUSDT ارسال شد: BUY
2025-04-30 03:11:33,378 [INFO] پردازش MATICUSDT
2025-04-30 03:11:33,845 [INFO] دریافت داده‌های تستی برای MATICUSDT
2025-04-30 03:11:33,846 [INFO] داده‌های OHLC برای MATICUSDT دریافت شد: {'timestamp': 100, 'open': 10.0, 'high': 11.0, 'low': 9.0, 'close': 10.0, 'volume': 37.0}
2025-04-30 03:11:33,849 [INFO] تولید سیگنال برای MATICUSDT با داده‌های تستی
2025-04-30 03:11:33,851 [INFO] مقدار close برای MATICUSDT: 10.0
2025-04-30 03:11:33,852 [INFO] سیگنال تولید شد برای MATICUSDT: {'coin': 'MATICUSDT', 'type': 'BUY', 'price': 10.0, 'timestamp': 100}
2025-04-30 03:11:33,854 [INFO] ارسال سیگنال برای MATICUSDT: {'coin': 'MATICUSDT', 'type': 'BUY', 'price': 10.0, 'timestamp': 100}
2025-04-30 03:11:34,045 [INFO] پیام به تلگرام ارسال شد: سیگنال برای MATICUSDT
نوع: BUY
قیمت: 10.0
زمان: 100
2025-04-30 03:11:34,045 [INFO] سیگنال برای MATICUSDT ارسال شد: BUY
2025-04-30 03:11:34,047 [INFO] انتظار برای چرخه بعدی (15 دقیقه)
2025-04-30 03:19:03,447 [INFO] پردازش BTCUSDT
2025-04-30 03:19:03,942 [INFO] دریافت داده‌های تستی برای BTCUSDT
2025-04-30 03:19:03,942 [INFO] داده‌های OHLC برای BTCUSDT دریافت شد: {'timestamp': 100, 'open': 10.0, 'high': 11.0, 'low': 9.0, 'close': 10.0, 'volume': 37.0}
2025-04-30 03:19:03,943 [INFO] تولید سیگنال برای BTCUSDT با داده‌های تستی
2025-04-30 03:19:03,945 [INFO] مقدار close برای BTCUSDT: 10.0
2025-04-30 03:19:03,945 [INFO] سیگنال تولید شد برای BTCUSDT: {'coin': 'BTCUSDT', 'type': 'BUY', 'price': 10.0, 'timestamp': 100}
2025-04-30 03:19:03,945 [INFO] ارسال سیگنال برای BTCUSDT: {'coin': 'BTCUSDT', 'type': 'BUY', 'price': 10.0, 'timestamp': 100}
2025-04-30 03:19:04,978 [INFO] پیام به تلگرام ارسال شد: سیگنال برای BTCUSDT
نوع: BUY
قیمت: 10.0
زمان: 100
2025-04-30 03:19:04,979 [INFO] سیگنال برای BTCUSDT ارسال شد: BUY
2025-04-30 03:19:04,981 [INFO] پردازش ETHUSDT
2025-04-30 03:19:05,496 [INFO] دریافت داده‌های تستی برای ETHUSDT
2025-04-30 03:19:05,497 [INFO] داده‌های OHLC برای ETHUSDT دریافت شد: {'timestamp': 100, 'open': 10.0, 'high': 11.0, 'low': 9.0, 'close': 10.0, 'volume': 37.0}
2025-04-30 03:19:05,497 [INFO] تولید سیگنال برای ETHUSDT با داده‌های تستی
2025-04-30 03:19:05,499 [INFO] مقدار close برای ETHUSDT: 10.0
2025-04-30 03:19:05,499 [INFO] سیگنال تولید شد برای ETHUSDT: {'coin': 'ETHUSDT', 'type': 'BUY', 'price': 10.0, 'timestamp': 100}
2025-04-30 03:19:05,500 [INFO] ارسال سیگنال برای ETHUSDT: {'coin': 'ETHUSDT', 'type': 'BUY', 'price': 10.0, 'timestamp': 100}
2025-04-30 03:19:05,699 [INFO] پیام به تلگرام ارسال شد: سیگنال برای ETHUSDT
نوع: BUY
قیمت: 10.0
زمان: 100
2025-04-30 03:19:05,699 [INFO] سیگنال برای ETHUSDT ارسال شد: BUY
2025-04-30 03:19:05,701 [INFO] پردازش BNBUSDT
2025-04-30 03:19:06,642 [INFO] دریافت داده‌های تستی برای BNBUSDT
2025-04-30 03:19:06,643 [INFO] داده‌های OHLC برای BNBUSDT دریافت شد: {'timestamp': 100, 'open': 10.0, 'high': 11.0, 'low': 9.0, 'close': 10.0, 'volume': 37.0}
2025-04-30 03:19:06,644 [INFO] تولید سیگنال برای BNBUSDT با داده‌های تستی
2025-04-30 03:19:06,645 [INFO] مقدار close برای BNBUSDT: 10.0
2025-04-30 03:19:06,645 [INFO] سیگنال تولید شد برای BNBUSDT: {'coin': 'BNBUSDT', 'type': 'BUY', 'price': 10.0, 'timestamp': 100}
2025-04-30 03:19:06,646 [INFO] ارسال سیگنال برای BNBUSDT: {'coin': 'BNBUSDT', 'type': 'BUY', 'price': 10.0, 'timestamp': 100}
2025-04-30 03:19:07,368 [INFO] پیام به تلگرام ارسال شد: سیگنال برای BNBUSDT
نوع: BUY
قیمت: 10.0
زمان: 100
2025-04-30 03:19:07,369 [INFO] سیگنال برای BNBUSDT ارسال شد: BUY
2025-04-30 03:19:07,370 [INFO] پردازش XRPUSDT
2025-04-30 03:19:08,008 [INFO] دریافت داده‌های تستی برای XRPUSDT
2025-04-30 03:19:08,010 [INFO] داده‌های OHLC برای XRPUSDT دریافت شد: {'timestamp': 100, 'open': 10.0, 'high': 11.0, 'low': 9.0, 'close': 10.0, 'volume': 37.0}
2025-04-30 03:19:08,011 [INFO] تولید سیگنال برای XRPUSDT با داده‌های تستی
2025-04-30 03:19:08,013 [INFO] مقدار close برای XRPUSDT: 10.0
2025-04-30 03:19:08,015 [INFO] سیگنال تولید شد برای XRPUSDT: {'coin': 'XRPUSDT', 'type': 'BUY', 'price': 10.0, 'timestamp': 100}
2025-04-30 03:19:08,017 [INFO] ارسال سیگنال برای XRPUSDT: {'coin': 'XRPUSDT', 'type': 'BUY', 'price': 10.0, 'timestamp': 100}
2025-04-30 03:19:08,519 [INFO] پیام به تلگرام ارسال شد: سیگنال برای XRPUSDT
نوع: BUY
قیمت: 10.0
زمان: 100
2025-04-30 03:19:08,519 [INFO] سیگنال برای XRPUSDT ارسال شد: BUY
2025-04-30 03:19:08,521 [INFO] پردازش ADAUSDT
2025-04-30 03:19:09,431 [INFO] دریافت داده‌های تستی برای ADAUSDT
2025-04-30 03:19:09,431 [INFO] داده‌های OHLC برای ADAUSDT دریافت شد: {'timestamp': 100, 'open': 10.0, 'high': 11.0, 'low': 9.0, 'close': 10.0, 'volume': 37.0}
2025-04-30 03:19:09,432 [INFO] تولید سیگنال برای ADAUSDT با داده‌های تستی
2025-04-30 03:19:09,433 [INFO] مقدار close برای ADAUSDT: 10.0
2025-04-30 03:19:09,435 [INFO] سیگنال تولید شد برای ADAUSDT: {'coin': 'ADAUSDT', 'type': 'BUY', 'price': 10.0, 'timestamp': 100}
2025-04-30 03:19:09,436 [INFO] ارسال سیگنال برای ADAUSDT: {'coin': 'ADAUSDT', 'type': 'BUY', 'price': 10.0, 'timestamp': 100}
2025-04-30 03:19:09,677 [INFO] پیام به تلگرام ارسال شد: سیگنال برای ADAUSDT
نوع: BUY
قیمت: 10.0
زمان: 100
2025-04-30 03:19:09,678 [INFO] سیگنال برای ADAUSDT ارسال شد: BUY
2025-04-30 03:19:09,679 [INFO] پردازش SOLUSDT
2025-04-30 03:19:10,702 [INFO] دریافت داده‌های تستی برای SOLUSDT
2025-04-30 03:19:10,703 [INFO] داده‌های OHLC برای SOLUSDT دریافت شد: {'timestamp': 100, 'open': 10.0, 'high': 11.0, 'low': 9.0, 'close': 10.0, 'volume': 37.0}
2025-04-30 03:19:10,704 [INFO] تولید سیگنال برای SOLUSDT با داده‌های تستی
2025-04-30 03:19:10,705 [INFO] مقدار close برای SOLUSDT: 10.0
2025-04-30 03:19:10,706 [INFO] سیگنال تولید شد برای SOLUSDT: {'coin': 'SOLUSDT', 'type': 'BUY', 'price': 10.0, 'timestamp': 100}
2025-04-30 03:19:10,707 [INFO] ارسال سیگنال برای SOLUSDT: {'coin': 'SOLUSDT', 'type': 'BUY', 'price': 10.0, 'timestamp': 100}
2025-04-30 03:19:11,479 [INFO] پیام به تلگرام ارسال شد: سیگنال برای SOLUSDT
نوع: BUY
قیمت: 10.0
زمان: 100
2025-04-30 03:19:11,479 [INFO] سیگنال برای SOLUSDT ارسال شد: BUY
2025-04-30 03:19:11,481 [INFO] پردازش DOTUSDT
2025-04-30 03:19:12,522 [INFO] دریافت داده‌های تستی برای DOTUSDT
2025-04-30 03:19:12,523 [INFO] داده‌های OHLC برای DOTUSDT دریافت شد: {'timestamp': 100, 'open': 10.0, 'high': 11.0, 'low': 9.0, 'close': 10.0, 'volume': 37.0}
2025-04-30 03:19:12,525 [INFO] تولید سیگنال برای DOTUSDT با داده‌های تستی
2025-04-30 03:19:12,527 [INFO] مقدار close برای DOTUSDT: 10.0
2025-04-30 03:19:12,527 [INFO] سیگنال تولید شد برای DOTUSDT: {'coin': 'DOTUSDT', 'type': 'BUY', 'price': 10.0, 'timestamp': 100}
2025-04-30 03:19:12,529 [INFO] ارسال سیگنال برای DOTUSDT: {'coin': 'DOTUSDT', 'type': 'BUY', 'price': 10.0, 'timestamp': 100}
2025-04-30 03:19:12,720 [INFO] پیام به تلگرام ارسال شد: سیگنال برای DOTUSDT
نوع: BUY
قیمت: 10.0
زمان: 100
2025-04-30 03:19:12,721 [INFO] سیگنال برای DOTUSDT ارسال شد: BUY
2025-04-30 03:19:12,723 [INFO] پردازش DOGEUSDT
2025-04-30 03:19:13,280 [INFO] دریافت داده‌های تستی برای DOGEUSDT
2025-04-30 03:19:13,280 [INFO] داده‌های OHLC برای DOGEUSDT دریافت شد: {'timestamp': 100, 'open': 10.0, 'high': 11.0, 'low': 9.0, 'close': 10.0, 'volume': 37.0}
2025-04-30 03:19:13,281 [INFO] تولید سیگنال برای DOGEUSDT با داده‌های تستی
2025-04-30 03:19:13,283 [INFO] مقدار close برای DOGEUSDT: 10.0
2025-04-30 03:19:13,283 [INFO] سیگنال تولید شد برای DOGEUSDT: {'coin': 'DOGEUSDT', 'type': 'BUY', 'price': 10.0, 'timestamp': 100}
2025-04-30 03:19:13,284 [INFO] ارسال سیگنال برای DOGEUSDT: {'coin': 'DOGEUSDT', 'type': 'BUY', 'price': 10.0, 'timestamp': 100}
2025-04-30 03:19:13,454 [INFO] پیام به تلگرام ارسال شد: سیگنال برای DOGEUSDT
نوع: BUY
قیمت: 10.0
زمان: 100
2025-04-30 03:19:13,455 [INFO] سیگنال برای DOGEUSDT ارسال شد: BUY
2025-04-30 03:19:13,458 [INFO] پردازش AVAXUSDT
2025-04-30 03:19:13,963 [INFO] دریافت داده‌های تستی برای AVAXUSDT
2025-04-30 03:19:13,964 [INFO] داده‌های OHLC برای AVAXUSDT دریافت شد: {'timestamp': 100, 'open': 10.0, 'high': 11.0, 'low': 9.0, 'close': 10.0, 'volume': 37.0}
2025-04-30 03:19:13,966 [INFO] تولید سیگنال برای AVAXUSDT با داده‌های تستی
2025-04-30 03:19:13,967 [INFO] مقدار close برای AVAXUSDT: 10.0
2025-04-30 03:19:13,967 [INFO] سیگنال تولید شد برای AVAXUSDT: {'coin': 'AVAXUSDT', 'type': 'BUY', 'price': 10.0, 'timestamp': 100}
2025-04-30 03:19:13,968 [INFO] ارسال سیگنال برای AVAXUSDT: {'coin': 'AVAXUSDT', 'type': 'BUY', 'price': 10.0, 'timestamp': 100}
2025-04-30 03:19:14,223 [INFO] پیام به تلگرام ارسال شد: سیگنال برای AVAXUSDT
نوع: BUY
قیمت: 10.0
زمان: 100
2025-04-30 03:19:14,224 [INFO] سیگنال برای AVAXUSDT ارسال شد: BUY
2025-04-30 03:19:14,226 [INFO] پردازش MATICUSDT
2025-04-30 03:19:14,750 [INFO] دریافت داده‌های تستی برای MATICUSDT
2025-04-30 03:19:14,751 [INFO] داده‌های OHLC برای MATICUSDT دریافت شد: {'timestamp': 100, 'open': 10.0, 'high': 11.0, 'low': 9.0, 'close': 10.0, 'volume': 37.0}
2025-04-30 03:19:14,752 [INFO] تولید سیگنال برای MATICUSDT با داده‌های تستی
2025-04-30 03:19:14,753 [INFO] مقدار close برای MATICUSDT: 10.0
2025-04-30 03:19:14,754 [INFO] سیگنال تولید شد برای MATICUSDT: {'coin': 'MATICUSDT', 'type': 'BUY', 'price': 10.0, 'timestamp': 100}
2025-04-30 03:19:14,754 [INFO] ارسال سیگنال برای MATICUSDT: {'coin': 'MATICUSDT', 'type': 'BUY', 'price': 10.0, 'timestamp': 100}
2025-04-30 03:19:14,918 [INFO] پیام به تلگرام ارسال شد: سیگنال برای MATICUSDT
نوع: BUY
قیمت: 10.0
زمان: 100
2025-04-30 03:19:14,933 [INFO] سیگنال برای MATICUSDT ارسال شد: BUY
2025-04-30 03:19:14,935 [INFO] انتظار برای چرخه بعدی (15 دقیقه)
2025-04-30 03:24:04,016 [INFO] پردازش BTCUSDT
2025-04-30 03:24:04,515 [INFO] دریافت داده‌های تستی برای BTCUSDT
2025-04-30 03:24:04,517 [INFO] داده‌های OHLC برای BTCUSDT دریافت شد: {'timestamp': 100, 'open': 10.0, 'high': 11.0, 'low': 9.0, 'close': 10.0, 'volume': 37.0}
2025-04-30 03:24:04,519 [INFO] تولید سیگنال برای BTCUSDT با داده‌های تستی
2025-04-30 03:24:04,520 [INFO] مقدار close برای BTCUSDT: 10.0
2025-04-30 03:24:04,520 [INFO] سیگنال تولید شد برای BTCUSDT: {'coin': 'BTCUSDT', 'type': 'BUY', 'price': 10.0, 'timestamp': 100}
2025-04-30 03:24:04,521 [INFO] ارسال سیگنال برای BTCUSDT: {'coin': 'BTCUSDT', 'type': 'BUY', 'price': 10.0, 'timestamp': 100}
2025-04-30 03:24:05,358 [INFO] پیام به تلگرام ارسال شد: سیگنال برای BTCUSDT
نوع: BUY
قیمت: 10.0
زمان: 100
2025-04-30 03:24:05,359 [INFO] سیگنال برای BTCUSDT ارسال شد: BUY
2025-04-30 03:24:05,361 [INFO] پردازش ETHUSDT
2025-04-30 03:24:05,834 [INFO] دریافت داده‌های تستی برای ETHUSDT
2025-04-30 03:24:05,836 [INFO] داده‌های OHLC برای ETHUSDT دریافت شد: {'timestamp': 100, 'open': 10.0, 'high': 11.0, 'low': 9.0, 'close': 10.0, 'volume': 37.0}
2025-04-30 03:24:05,840 [INFO] تولید سیگنال برای ETHUSDT با داده‌های تستی
2025-04-30 03:24:05,842 [INFO] مقدار close برای ETHUSDT: 10.0
2025-04-30 03:24:05,843 [INFO] سیگنال تولید شد برای ETHUSDT: {'coin': 'ETHUSDT', 'type': 'BUY', 'price': 10.0, 'timestamp': 100}
2025-04-30 03:24:05,844 [INFO] ارسال سیگنال برای ETHUSDT: {'coin': 'ETHUSDT', 'type': 'BUY', 'price': 10.0, 'timestamp': 100}
2025-04-30 03:24:06,015 [INFO] پیام به تلگرام ارسال شد: سیگنال برای ETHUSDT
نوع: BUY
قیمت: 10.0
زمان: 100
2025-04-30 03:24:06,016 [INFO] سیگنال برای ETHUSDT ارسال شد: BUY
2025-04-30 03:24:06,020 [INFO] پردازش BNBUSDT
2025-04-30 03:24:06,477 [INFO] دریافت داده‌های تستی برای BNBUSDT
2025-04-30 03:24:06,479 [INFO] داده‌های OHLC برای BNBUSDT دریافت شد: {'timestamp': 100, 'open': 10.0, 'high': 11.0, 'low': 9.0, 'close': 10.0, 'volume': 37.0}
2025-04-30 03:24:06,483 [INFO] تولید سیگنال برای BNBUSDT با داده‌های تستی
2025-04-30 03:24:06,485 [INFO] مقدار close برای BNBUSDT: 10.0
2025-04-30 03:24:06,486 [INFO] سیگنال تولید شد برای BNBUSDT: {'coin': 'BNBUSDT', 'type': 'BUY', 'price': 10.0, 'timestamp': 100}
2025-04-30 03:24:06,488 [INFO] ارسال سیگنال برای BNBUSDT: {'coin': 'BNBUSDT', 'type': 'BUY', 'price': 10.0, 'timestamp': 100}
2025-04-30 03:24:06,656 [INFO] پیام به تلگرام ارسال شد: سیگنال برای BNBUSDT
نوع: BUY
قیمت: 10.0
زمان: 100
2025-04-30 03:24:06,658 [INFO] سیگنال برای BNBUSDT ارسال شد: BUY
2025-04-30 03:24:06,661 [INFO] پردازش XRPUSDT
2025-04-30 03:24:07,117 [INFO] دریافت داده‌های تستی برای XRPUSDT
2025-04-30 03:24:07,119 [INFO] داده‌های OHLC برای XRPUSDT دریافت شد: {'timestamp': 100, 'open': 10.0, 'high': 11.0, 'low': 9.0, 'close': 10.0, 'volume': 37.0}
2025-04-30 03:24:07,121 [INFO] تولید سیگنال برای XRPUSDT با داده‌های تستی
2025-04-30 03:24:07,123 [INFO] مقدار close برای XRPUSDT: 10.0
2025-04-30 03:24:07,124 [INFO] سیگنال تولید شد برای XRPUSDT: {'coin': 'XRPUSDT', 'type': 'BUY', 'price': 10.0, 'timestamp': 100}
2025-04-30 03:24:07,127 [INFO] ارسال سیگنال برای XRPUSDT: {'coin': 'XRPUSDT', 'type': 'BUY', 'price': 10.0, 'timestamp': 100}
2025-04-30 03:24:07,296 [INFO] پیام به تلگرام ارسال شد: سیگنال برای XRPUSDT
نوع: BUY
قیمت: 10.0
زمان: 100
2025-04-30 03:24:07,298 [INFO] سیگنال برای XRPUSDT ارسال شد: BUY
2025-04-30 03:24:07,302 [INFO] پردازش ADAUSDT
2025-04-30 03:24:07,756 [INFO] دریافت داده‌های تستی برای ADAUSDT
2025-04-30 03:24:07,757 [INFO] داده‌های OHLC برای ADAUSDT دریافت شد: {'timestamp': 100, 'open': 10.0, 'high': 11.0, 'low': 9.0, 'close': 10.0, 'volume': 37.0}
2025-04-30 03:24:07,760 [INFO] تولید سیگنال برای ADAUSDT با داده‌های تستی
2025-04-30 03:24:07,762 [INFO] مقدار close برای ADAUSDT: 10.0
2025-04-30 03:24:07,764 [INFO] سیگنال تولید شد برای ADAUSDT: {'coin': 'ADAUSDT', 'type': 'BUY', 'price': 10.0, 'timestamp': 100}
2025-04-30 03:24:07,767 [INFO] ارسال سیگنال برای ADAUSDT: {'coin': 'ADAUSDT', 'type': 'BUY', 'price': 10.0, 'timestamp': 100}
2025-04-30 03:24:07,937 [INFO] پیام به تلگرام ارسال شد: سیگنال برای ADAUSDT
نوع: BUY
قیمت: 10.0
زمان: 100
2025-04-30 03:24:07,938 [INFO] سیگنال برای ADAUSDT ارسال شد: BUY
2025-04-30 03:24:07,939 [INFO] پردازش SOLUSDT
2025-04-30 03:24:08,390 [INFO] دریافت داده‌های تستی برای SOLUSDT
2025-04-30 03:24:08,391 [INFO] داده‌های OHLC برای SOLUSDT دریافت شد: {'timestamp': 100, 'open': 10.0, 'high': 11.0, 'low': 9.0, 'close': 10.0, 'volume': 37.0}
2025-04-30 03:24:08,393 [INFO] تولید سیگنال برای SOLUSDT با داده‌های تستی
2025-04-30 03:24:08,395 [INFO] مقدار close برای SOLUSDT: 10.0
2025-04-30 03:24:08,395 [INFO] سیگنال تولید شد برای SOLUSDT: {'coin': 'SOLUSDT', 'type': 'BUY', 'price': 10.0, 'timestamp': 100}
2025-04-30 03:24:08,396 [INFO] ارسال سیگنال برای SOLUSDT: {'coin': 'SOLUSDT', 'type': 'BUY', 'price': 10.0, 'timestamp': 100}
2025-04-30 03:24:08,573 [INFO] پیام به تلگرام ارسال شد: سیگنال برای SOLUSDT
نوع: BUY
قیمت: 10.0
زمان: 100
2025-04-30 03:24:08,574 [INFO] سیگنال برای SOLUSDT ارسال شد: BUY
2025-04-30 03:24:08,577 [INFO] پردازش DOTUSDT
2025-04-30 03:24:09,034 [INFO] دریافت داده‌های تستی برای DOTUSDT
2025-04-30 03:24:09,035 [INFO] داده‌های OHLC برای DOTUSDT دریافت شد: {'timestamp': 100, 'open': 10.0, 'high': 11.0, 'low': 9.0, 'close': 10.0, 'volume': 37.0}
2025-04-30 03:24:09,036 [INFO] تولید سیگنال برای DOTUSDT با داده‌های تستی
2025-04-30 03:24:09,040 [INFO] مقدار close برای DOTUSDT: 10.0
2025-04-30 03:24:09,042 [INFO] سیگنال تولید شد برای DOTUSDT: {'coin': 'DOTUSDT', 'type': 'BUY', 'price': 10.0, 'timestamp': 100}
2025-04-30 03:24:09,042 [INFO] ارسال سیگنال برای DOTUSDT: {'coin': 'DOTUSDT', 'type': 'BUY', 'price': 10.0, 'timestamp': 100}
2025-04-30 03:24:09,229 [INFO] پیام به تلگرام ارسال شد: سیگنال برای DOTUSDT
نوع: BUY
قیمت: 10.0
زمان: 100
2025-04-30 03:24:09,231 [INFO] سیگنال برای DOTUSDT ارسال شد: BUY
2025-04-30 03:24:09,236 [INFO] پردازش DOGEUSDT
2025-04-30 03:24:09,701 [INFO] دریافت داده‌های تستی برای DOGEUSDT
2025-04-30 03:24:09,703 [INFO] داده‌های OHLC برای DOGEUSDT دریافت شد: {'timestamp': 100, 'open': 10.0, 'high': 11.0, 'low': 9.0, 'close': 10.0, 'volume': 37.0}
2025-04-30 03:24:09,704 [INFO] تولید سیگنال برای DOGEUSDT با داده‌های تستی
2025-04-30 03:24:09,707 [INFO] مقدار close برای DOGEUSDT: 10.0
2025-04-30 03:24:09,707 [INFO] سیگنال تولید شد برای DOGEUSDT: {'coin': 'DOGEUSDT', 'type': 'BUY', 'price': 10.0, 'timestamp': 100}
2025-04-30 03:24:09,708 [INFO] ارسال سیگنال برای DOGEUSDT: {'coin': 'DOGEUSDT', 'type': 'BUY', 'price': 10.0, 'timestamp': 100}
2025-04-30 03:24:09,875 [INFO] پیام به تلگرام ارسال شد: سیگنال برای DOGEUSDT
نوع: BUY
قیمت: 10.0
زمان: 100
2025-04-30 03:24:09,876 [INFO] سیگنال برای DOGEUSDT ارسال شد: BUY
2025-04-30 03:24:09,877 [INFO] پردازش AVAXUSDT
2025-04-30 03:24:10,291 [INFO] دریافت داده‌های تستی برای AVAXUSDT
2025-04-30 03:24:10,292 [INFO] داده‌های OHLC برای AVAXUSDT دریافت شد: {'timestamp': 100, 'open': 10.0, 'high': 11.0, 'low': 9.0, 'close': 10.0, 'volume': 37.0}
2025-04-30 03:24:10,294 [INFO] تولید سیگنال برای AVAXUSDT با داده‌های تستی
2025-04-30 03:24:10,297 [INFO] مقدار close برای AVAXUSDT: 10.0
2025-04-30 03:24:10,298 [INFO] سیگنال تولید شد برای AVAXUSDT: {'coin': 'AVAXUSDT', 'type': 'BUY', 'price': 10.0, 'timestamp': 100}
2025-04-30 03:24:10,300 [INFO] ارسال سیگنال برای AVAXUSDT: {'coin': 'AVAXUSDT', 'type': 'BUY', 'price': 10.0, 'timestamp': 100}
2025-04-30 03:24:10,483 [INFO] پیام به تلگرام ارسال شد: سیگنال برای AVAXUSDT
نوع: BUY
قیمت: 10.0
زمان: 100
2025-04-30 03:24:10,484 [INFO] سیگنال برای AVAXUSDT ارسال شد: BUY
2025-04-30 03:24:10,489 [INFO] پردازش MATICUSDT
2025-04-30 03:24:10,958 [INFO] دریافت داده‌های تستی برای MATICUSDT
2025-04-30 03:24:10,959 [INFO] داده‌های OHLC برای MATICUSDT دریافت شد: {'timestamp': 100, 'open': 10.0, 'high': 11.0, 'low': 9.0, 'close': 10.0, 'volume': 37.0}
2025-04-30 03:24:10,962 [INFO] تولید سیگنال برای MATICUSDT با داده‌های تستی
2025-04-30 03:24:10,964 [INFO] مقدار close برای MATICUSDT: 10.0
2025-04-30 03:24:10,964 [INFO] سیگنال تولید شد برای MATICUSDT: {'coin': 'MATICUSDT', 'type': 'BUY', 'price': 10.0, 'timestamp': 100}
2025-04-30 03:24:10,965 [INFO] ارسال سیگنال برای MATICUSDT: {'coin': 'MATICUSDT', 'type': 'BUY', 'price': 10.0, 'timestamp': 100}
2025-04-30 03:24:11,130 [INFO] پیام به تلگرام ارسال شد: سیگنال برای MATICUSDT
نوع: BUY
قیمت: 10.0
زمان: 100
2025-04-30 03:24:11,130 [INFO] سیگنال برای MATICUSDT ارسال شد: BUY
2025-04-30 03:24:11,136 [INFO] انتظار برای چرخه بعدی (15 دقیقه)
2025-04-30 03:26:34,064 [INFO] پردازش BTCUSDT
2025-04-30 03:26:34,499 [INFO] دریافت داده‌های تستی برای BTCUSDT
2025-04-30 03:26:34,500 [INFO] داده‌های OHLC برای BTCUSDT دریافت شد: {'timestamp': 100, 'open': 10.0, 'high': 11.0, 'low': 9.0, 'close': 10.0, 'volume': 37.0}
2025-04-30 03:26:34,503 [INFO] تولید سیگنال برای BTCUSDT با داده‌های تستی
2025-04-30 03:26:34,506 [INFO] مقدار close برای BTCUSDT: 10.0
2025-04-30 03:26:34,507 [INFO] سیگنال تولید شد برای BTCUSDT: {'coin': 'BTCUSDT', 'type': 'BUY', 'price': 10.0, 'timestamp': 100}
2025-04-30 03:26:34,508 [INFO] ارسال سیگنال برای BTCUSDT: {'coin': 'BTCUSDT', 'type': 'BUY', 'price': 10.0, 'timestamp': 100}
2025-04-30 03:26:34,960 [INFO] پیام به تلگرام ارسال شد: سیگنال برای BTCUSDT
نوع: BUY
قیمت: 10.0
زمان: 100
2025-04-30 03:26:34,961 [INFO] سیگنال برای BTCUSDT ارسال شد: BUY
2025-04-30 03:26:34,964 [INFO] پردازش ETHUSDT
2025-04-30 03:26:35,433 [INFO] دریافت داده‌های تستی برای ETHUSDT
2025-04-30 03:26:35,434 [INFO] داده‌های OHLC برای ETHUSDT دریافت شد: {'timestamp': 100, 'open': 10.0, 'high': 11.0, 'low': 9.0, 'close': 10.0, 'volume': 37.0}
2025-04-30 03:26:35,434 [INFO] تولید سیگنال برای ETHUSDT با داده‌های تستی
2025-04-30 03:26:35,438 [INFO] مقدار close برای ETHUSDT: 10.0
2025-04-30 03:26:35,438 [INFO] سیگنال تولید شد برای ETHUSDT: {'coin': 'ETHUSDT', 'type': 'BUY', 'price': 10.0, 'timestamp': 100}
2025-04-30 03:26:35,438 [INFO] ارسال سیگنال برای ETHUSDT: {'coin': 'ETHUSDT', 'type': 'BUY', 'price': 10.0, 'timestamp': 100}
2025-04-30 03:26:35,610 [INFO] پیام به تلگرام ارسال شد: سیگنال برای ETHUSDT
نوع: BUY
قیمت: 10.0
زمان: 100
2025-04-30 03:26:35,611 [INFO] سیگنال برای ETHUSDT ارسال شد: BUY
2025-04-30 03:26:35,614 [INFO] پردازش BNBUSDT
2025-04-30 03:26:36,060 [INFO] دریافت داده‌های تستی برای BNBUSDT
2025-04-30 03:26:36,061 [INFO] داده‌های OHLC برای BNBUSDT دریافت شد: {'timestamp': 100, 'open': 10.0, 'high': 11.0, 'low': 9.0, 'close': 10.0, 'volume': 37.0}
2025-04-30 03:26:36,063 [INFO] تولید سیگنال برای BNBUSDT با داده‌های تستی
2025-04-30 03:26:36,065 [INFO] مقدار close برای BNBUSDT: 10.0
2025-04-30 03:26:36,066 [INFO] سیگنال تولید شد برای BNBUSDT: {'coin': 'BNBUSDT', 'type': 'BUY', 'price': 10.0, 'timestamp': 100}
2025-04-30 03:26:36,066 [INFO] ارسال سیگنال برای BNBUSDT: {'coin': 'BNBUSDT', 'type': 'BUY', 'price': 10.0, 'timestamp': 100}
2025-04-30 03:26:36,230 [INFO] پیام به تلگرام ارسال شد: سیگنال برای BNBUSDT
نوع: BUY
قیمت: 10.0
زمان: 100
2025-04-30 03:26:36,230 [INFO] سیگنال برای BNBUSDT ارسال شد: BUY
2025-04-30 03:26:36,231 [INFO] پردازش XRPUSDT
2025-04-30 03:26:36,663 [INFO] دریافت داده‌های تستی برای XRPUSDT
2025-04-30 03:26:36,665 [INFO] داده‌های OHLC برای XRPUSDT دریافت شد: {'timestamp': 100, 'open': 10.0, 'high': 11.0, 'low': 9.0, 'close': 10.0, 'volume': 37.0}
2025-04-30 03:26:36,668 [INFO] تولید سیگنال برای XRPUSDT با داده‌های تستی
2025-04-30 03:26:36,669 [INFO] مقدار close برای XRPUSDT: 10.0
2025-04-30 03:26:36,669 [INFO] سیگنال تولید شد برای XRPUSDT: {'coin': 'XRPUSDT', 'type': 'BUY', 'price': 10.0, 'timestamp': 100}
2025-04-30 03:26:36,670 [INFO] ارسال سیگنال برای XRPUSDT: {'coin': 'XRPUSDT', 'type': 'BUY', 'price': 10.0, 'timestamp': 100}
2025-04-30 03:26:36,829 [INFO] پیام به تلگرام ارسال شد: سیگنال برای XRPUSDT
نوع: BUY
قیمت: 10.0
زمان: 100
2025-04-30 03:26:36,830 [INFO] سیگنال برای XRPUSDT ارسال شد: BUY
2025-04-30 03:26:36,835 [INFO] پردازش ADAUSDT
2025-04-30 03:26:37,289 [INFO] دریافت داده‌های تستی برای ADAUSDT
2025-04-30 03:26:37,291 [INFO] داده‌های OHLC برای ADAUSDT دریافت شد: {'timestamp': 100, 'open': 10.0, 'high': 11.0, 'low': 9.0, 'close': 10.0, 'volume': 37.0}
2025-04-30 03:26:37,293 [INFO] تولید سیگنال برای ADAUSDT با داده‌های تستی
2025-04-30 03:26:37,296 [INFO] مقدار close برای ADAUSDT: 10.0
2025-04-30 03:26:37,300 [INFO] سیگنال تولید شد برای ADAUSDT: {'coin': 'ADAUSDT', 'type': 'BUY', 'price': 10.0, 'timestamp': 100}
2025-04-30 03:26:37,305 [INFO] ارسال سیگنال برای ADAUSDT: {'coin': 'ADAUSDT', 'type': 'BUY', 'price': 10.0, 'timestamp': 100}
2025-04-30 03:26:37,474 [INFO] پیام به تلگرام ارسال شد: سیگنال برای ADAUSDT
نوع: BUY
قیمت: 10.0
زمان: 100
2025-04-30 03:26:37,476 [INFO] سیگنال برای ADAUSDT ارسال شد: BUY
2025-04-30 03:26:37,479 [INFO] پردازش SOLUSDT
2025-04-30 03:26:37,933 [INFO] دریافت داده‌های تستی برای SOLUSDT
2025-04-30 03:26:37,934 [INFO] داده‌های OHLC برای SOLUSDT دریافت شد: {'timestamp': 100, 'open': 10.0, 'high': 11.0, 'low': 9.0, 'close': 10.0, 'volume': 37.0}
2025-04-30 03:26:37,935 [INFO] تولید سیگنال برای SOLUSDT با داده‌های تستی
2025-04-30 03:26:37,938 [INFO] مقدار close برای SOLUSDT: 10.0
2025-04-30 03:26:37,939 [INFO] سیگنال تولید شد برای SOLUSDT: {'coin': 'SOLUSDT', 'type': 'BUY', 'price': 10.0, 'timestamp': 100}
2025-04-30 03:26:37,942 [INFO] ارسال سیگنال برای SOLUSDT: {'coin': 'SOLUSDT', 'type': 'BUY', 'price': 10.0, 'timestamp': 100}
2025-04-30 03:26:38,112 [INFO] پیام به تلگرام ارسال شد: سیگنال برای SOLUSDT
نوع: BUY
قیمت: 10.0
زمان: 100
2025-04-30 03:26:38,113 [INFO] سیگنال برای SOLUSDT ارسال شد: BUY
2025-04-30 03:26:38,120 [INFO] پردازش DOTUSDT
2025-04-30 03:26:38,573 [INFO] دریافت داده‌های تستی برای DOTUSDT
2025-04-30 03:26:38,575 [INFO] داده‌های OHLC برای DOTUSDT دریافت شد: {'timestamp': 100, 'open': 10.0, 'high': 11.0, 'low': 9.0, 'close': 10.0, 'volume': 37.0}
2025-04-30 03:26:38,578 [INFO] تولید سیگنال برای DOTUSDT با داده‌های تستی
2025-04-30 03:26:38,581 [INFO] مقدار close برای DOTUSDT: 10.0
2025-04-30 03:26:38,581 [INFO] سیگنال تولید شد برای DOTUSDT: {'coin': 'DOTUSDT', 'type': 'BUY', 'price': 10.0, 'timestamp': 100}
2025-04-30 03:26:38,583 [INFO] ارسال سیگنال برای DOTUSDT: {'coin': 'DOTUSDT', 'type': 'BUY', 'price': 10.0, 'timestamp': 100}
2025-04-30 03:26:38,758 [INFO] پیام به تلگرام ارسال شد: سیگنال برای DOTUSDT
نوع: BUY
قیمت: 10.0
زمان: 100
2025-04-30 03:26:38,759 [INFO] سیگنال برای DOTUSDT ارسال شد: BUY
2025-04-30 03:26:38,762 [INFO] پردازش DOGEUSDT
2025-04-30 03:26:39,207 [INFO] دریافت داده‌های تستی برای DOGEUSDT
2025-04-30 03:26:39,208 [INFO] داده‌های OHLC برای DOGEUSDT دریافت شد: {'timestamp': 100, 'open': 10.0, 'high': 11.0, 'low': 9.0, 'close': 10.0, 'volume': 37.0}
2025-04-30 03:26:39,209 [INFO] تولید سیگنال برای DOGEUSDT با داده‌های تستی
2025-04-30 03:26:39,212 [INFO] مقدار close برای DOGEUSDT: 10.0
2025-04-30 03:26:39,212 [INFO] سیگنال تولید شد برای DOGEUSDT: {'coin': 'DOGEUSDT', 'type': 'BUY', 'price': 10.0, 'timestamp': 100}
2025-04-30 03:26:39,213 [INFO] ارسال سیگنال برای DOGEUSDT: {'coin': 'DOGEUSDT', 'type': 'BUY', 'price': 10.0, 'timestamp': 100}
2025-04-30 03:26:39,428 [INFO] پیام به تلگرام ارسال شد: سیگنال برای DOGEUSDT
نوع: BUY
قیمت: 10.0
زمان: 100
2025-04-30 03:26:39,429 [INFO] سیگنال برای DOGEUSDT ارسال شد: BUY
2025-04-30 03:26:39,435 [INFO] پردازش AVAXUSDT
2025-04-30 03:26:39,918 [INFO] دریافت داده‌های تستی برای AVAXUSDT
2025-04-30 03:26:39,919 [INFO] داده‌های OHLC برای AVAXUSDT دریافت شد: {'timestamp': 100, 'open': 10.0, 'high': 11.0, 'low': 9.0, 'close': 10.0, 'volume': 37.0}
2025-04-30 03:26:39,920 [INFO] تولید سیگنال برای AVAXUSDT با داده‌های تستی
2025-04-30 03:26:39,923 [INFO] مقدار close برای AVAXUSDT: 10.0
2025-04-30 03:26:39,924 [INFO] سیگنال تولید شد برای AVAXUSDT: {'coin': 'AVAXUSDT', 'type': 'BUY', 'price': 10.0, 'timestamp': 100}
2025-04-30 03:26:39,924 [INFO] ارسال سیگنال برای AVAXUSDT: {'coin': 'AVAXUSDT', 'type': 'BUY', 'price': 10.0, 'timestamp': 100}
2025-04-30 03:26:40,280 [INFO] پیام به تلگرام ارسال شد: سیگنال برای AVAXUSDT
نوع: BUY
قیمت: 10.0
زمان: 100
2025-04-30 03:26:40,281 [INFO] سیگنال برای AVAXUSDT ارسال شد: BUY
2025-04-30 03:26:40,285 [INFO] پردازش MATICUSDT
2025-04-30 03:26:40,771 [INFO] دریافت داده‌های تستی برای MATICUSDT
2025-04-30 03:26:40,773 [INFO] داده‌های OHLC برای MATICUSDT دریافت شد: {'timestamp': 100, 'open': 10.0, 'high': 11.0, 'low': 9.0, 'close': 10.0, 'volume': 37.0}
2025-04-30 03:26:40,774 [INFO] تولید سیگنال برای MATICUSDT با داده‌های تستی
2025-04-30 03:26:40,777 [INFO] مقدار close برای MATICUSDT: 10.0
2025-04-30 03:26:40,778 [INFO] سیگنال تولید شد برای MATICUSDT: {'coin': 'MATICUSDT', 'type': 'BUY', 'price': 10.0, 'timestamp': 100}
2025-04-30 03:26:40,779 [INFO] ارسال سیگنال برای MATICUSDT: {'coin': 'MATICUSDT', 'type': 'BUY', 'price': 10.0, 'timestamp': 100}
2025-04-30 03:26:40,957 [INFO] پیام به تلگرام ارسال شد: سیگنال برای MATICUSDT
نوع: BUY
قیمت: 10.0
زمان: 100
2025-04-30 03:26:40,958 [INFO] سیگنال برای MATICUSDT ارسال شد: BUY
2025-04-30 03:26:40,961 [INFO] انتظار برای چرخه بعدی (15 دقیقه)
2025-04-30 03:34:14,952 [INFO] پردازش BTCUSDT
2025-04-30 03:34:15,391 [INFO] دریافت داده‌های تستی برای BTCUSDT
2025-04-30 03:34:15,393 [INFO] داده‌های OHLC برای BTCUSDT دریافت شد: {'timestamp': 100, 'open': 10.0, 'high': 11.0, 'low': 9.0, 'close': 10.0, 'volume': 37.0}
2025-04-30 03:34:15,393 [INFO] تولید سیگنال برای BTCUSDT با داده‌های تستی
2025-04-30 03:34:15,393 [INFO] مقدار close برای BTCUSDT: 10.0
2025-04-30 03:34:15,394 [INFO] سیگنال تولید شد برای BTCUSDT: {'coin': 'BTCUSDT', 'type': 'BUY', 'price': 10.0, 'timestamp': 100}
2025-04-30 03:34:15,394 [INFO] ارسال سیگنال برای BTCUSDT: {'coin': 'BTCUSDT', 'type': 'BUY', 'price': 10.0, 'timestamp': 100}
2025-04-30 03:34:16,004 [INFO] پیام به تلگرام ارسال شد: سیگنال برای BTCUSDT
نوع: BUY
قیمت: 10.0
زمان: 100
2025-04-30 03:34:16,005 [INFO] سیگنال برای BTCUSDT ارسال شد: BUY
2025-04-30 03:34:16,007 [INFO] پردازش ETHUSDT
2025-04-30 03:34:16,468 [INFO] دریافت داده‌های تستی برای ETHUSDT
2025-04-30 03:34:16,470 [INFO] داده‌های OHLC برای ETHUSDT دریافت شد: {'timestamp': 100, 'open': 10.0, 'high': 11.0, 'low': 9.0, 'close': 10.0, 'volume': 37.0}
2025-04-30 03:34:16,470 [INFO] تولید سیگنال برای ETHUSDT با داده‌های تستی
2025-04-30 03:34:16,473 [INFO] مقدار close برای ETHUSDT: 10.0
2025-04-30 03:34:16,473 [INFO] سیگنال تولید شد برای ETHUSDT: {'coin': 'ETHUSDT', 'type': 'BUY', 'price': 10.0, 'timestamp': 100}
2025-04-30 03:34:16,474 [INFO] ارسال سیگنال برای ETHUSDT: {'coin': 'ETHUSDT', 'type': 'BUY', 'price': 10.0, 'timestamp': 100}
2025-04-30 03:34:16,643 [INFO] پیام به تلگرام ارسال شد: سیگنال برای ETHUSDT
نوع: BUY
قیمت: 10.0
زمان: 100
2025-04-30 03:34:16,644 [INFO] سیگنال برای ETHUSDT ارسال شد: BUY
2025-04-30 03:34:16,648 [INFO] پردازش BNBUSDT
2025-04-30 03:34:17,116 [INFO] دریافت داده‌های تستی برای BNBUSDT
2025-04-30 03:34:17,117 [INFO] داده‌های OHLC برای BNBUSDT دریافت شد: {'timestamp': 100, 'open': 10.0, 'high': 11.0, 'low': 9.0, 'close': 10.0, 'volume': 37.0}
2025-04-30 03:34:17,119 [INFO] تولید سیگنال برای BNBUSDT با داده‌های تستی
2025-04-30 03:34:17,121 [INFO] مقدار close برای BNBUSDT: 10.0
2025-04-30 03:34:17,122 [INFO] سیگنال تولید شد برای BNBUSDT: {'coin': 'BNBUSDT', 'type': 'BUY', 'price': 10.0, 'timestamp': 100}
2025-04-30 03:34:17,123 [INFO] ارسال سیگنال برای BNBUSDT: {'coin': 'BNBUSDT', 'type': 'BUY', 'price': 10.0, 'timestamp': 100}
2025-04-30 03:34:17,288 [INFO] پیام به تلگرام ارسال شد: سیگنال برای BNBUSDT
نوع: BUY
قیمت: 10.0
زمان: 100
2025-04-30 03:34:17,288 [INFO] سیگنال برای BNBUSDT ارسال شد: BUY
2025-04-30 03:34:17,292 [INFO] پردازش XRPUSDT
2025-04-30 03:34:17,754 [INFO] دریافت داده‌های تستی برای XRPUSDT
2025-04-30 03:34:17,756 [INFO] داده‌های OHLC برای XRPUSDT دریافت شد: {'timestamp': 100, 'open': 10.0, 'high': 11.0, 'low': 9.0, 'close': 10.0, 'volume': 37.0}
2025-04-30 03:34:17,759 [INFO] تولید سیگنال برای XRPUSDT با داده‌های تستی
2025-04-30 03:34:17,762 [INFO] مقدار close برای XRPUSDT: 10.0
2025-04-30 03:34:17,763 [INFO] سیگنال تولید شد برای XRPUSDT: {'coin': 'XRPUSDT', 'type': 'BUY', 'price': 10.0, 'timestamp': 100}
2025-04-30 03:34:17,764 [INFO] ارسال سیگنال برای XRPUSDT: {'coin': 'XRPUSDT', 'type': 'BUY', 'price': 10.0, 'timestamp': 100}
2025-04-30 03:34:17,946 [INFO] پیام به تلگرام ارسال شد: سیگنال برای XRPUSDT
نوع: BUY
قیمت: 10.0
زمان: 100
2025-04-30 03:34:17,947 [INFO] سیگنال برای XRPUSDT ارسال شد: BUY
2025-04-30 03:34:17,950 [INFO] پردازش ADAUSDT
2025-04-30 03:34:18,389 [INFO] دریافت داده‌های تستی برای ADAUSDT
2025-04-30 03:34:18,390 [INFO] داده‌های OHLC برای ADAUSDT دریافت شد: {'timestamp': 100, 'open': 10.0, 'high': 11.0, 'low': 9.0, 'close': 10.0, 'volume': 37.0}
2025-04-30 03:34:18,391 [INFO] تولید سیگنال برای ADAUSDT با داده‌های تستی
2025-04-30 03:34:18,394 [INFO] مقدار close برای ADAUSDT: 10.0
2025-04-30 03:34:18,395 [INFO] سیگنال تولید شد برای ADAUSDT: {'coin': 'ADAUSDT', 'type': 'BUY', 'price': 10.0, 'timestamp': 100}
2025-04-30 03:34:18,396 [INFO] ارسال سیگنال برای ADAUSDT: {'coin': 'ADAUSDT', 'type': 'BUY', 'price': 10.0, 'timestamp': 100}
2025-04-30 03:34:18,574 [INFO] پیام به تلگرام ارسال شد: سیگنال برای ADAUSDT
نوع: BUY
قیمت: 10.0
زمان: 100
2025-04-30 03:34:18,574 [INFO] سیگنال برای ADAUSDT ارسال شد: BUY
2025-04-30 03:34:18,577 [INFO] پردازش SOLUSDT
2025-04-30 03:34:19,014 [INFO] دریافت داده‌های تستی برای SOLUSDT
2025-04-30 03:34:19,016 [INFO] داده‌های OHLC برای SOLUSDT دریافت شد: {'timestamp': 100, 'open': 10.0, 'high': 11.0, 'low': 9.0, 'close': 10.0, 'volume': 37.0}
2025-04-30 03:34:19,017 [INFO] تولید سیگنال برای SOLUSDT با داده‌های تستی
2025-04-30 03:34:19,019 [INFO] مقدار close برای SOLUSDT: 10.0
2025-04-30 03:34:19,019 [INFO] سیگنال تولید شد برای SOLUSDT: {'coin': 'SOLUSDT', 'type': 'BUY', 'price': 10.0, 'timestamp': 100}
2025-04-30 03:34:19,020 [INFO] ارسال سیگنال برای SOLUSDT: {'coin': 'SOLUSDT', 'type': 'BUY', 'price': 10.0, 'timestamp': 100}
2025-04-30 03:34:19,187 [INFO] پیام به تلگرام ارسال شد: سیگنال برای SOLUSDT
نوع: BUY
قیمت: 10.0
زمان: 100
2025-04-30 03:34:19,188 [INFO] سیگنال برای SOLUSDT ارسال شد: BUY
2025-04-30 03:34:19,191 [INFO] پردازش DOTUSDT
2025-04-30 03:34:19,620 [INFO] دریافت داده‌های تستی برای DOTUSDT
2025-04-30 03:34:19,620 [INFO] داده‌های OHLC برای DOTUSDT دریافت شد: {'timestamp': 100, 'open': 10.0, 'high': 11.0, 'low': 9.0, 'close': 10.0, 'volume': 37.0}
2025-04-30 03:34:19,621 [INFO] تولید سیگنال برای DOTUSDT با داده‌های تستی
2025-04-30 03:34:19,624 [INFO] مقدار close برای DOTUSDT: 10.0
2025-04-30 03:34:19,625 [INFO] سیگنال تولید شد برای DOTUSDT: {'coin': 'DOTUSDT', 'type': 'BUY', 'price': 10.0, 'timestamp': 100}
2025-04-30 03:34:19,625 [INFO] ارسال سیگنال برای DOTUSDT: {'coin': 'DOTUSDT', 'type': 'BUY', 'price': 10.0, 'timestamp': 100}
2025-04-30 03:34:19,797 [INFO] پیام به تلگرام ارسال شد: سیگنال برای DOTUSDT
نوع: BUY
قیمت: 10.0
زمان: 100
2025-04-30 03:34:19,798 [INFO] سیگنال برای DOTUSDT ارسال شد: BUY
2025-04-30 03:34:19,799 [INFO] پردازش DOGEUSDT
2025-04-30 03:34:20,259 [INFO] دریافت داده‌های تستی برای DOGEUSDT
2025-04-30 03:34:20,261 [INFO] داده‌های OHLC برای DOGEUSDT دریافت شد: {'timestamp': 100, 'open': 10.0, 'high': 11.0, 'low': 9.0, 'close': 10.0, 'volume': 37.0}
2025-04-30 03:34:20,261 [INFO] تولید سیگنال برای DOGEUSDT با داده‌های تستی
2025-04-30 03:34:20,264 [INFO] مقدار close برای DOGEUSDT: 10.0
2025-04-30 03:34:20,266 [INFO] سیگنال تولید شد برای DOGEUSDT: {'coin': 'DOGEUSDT', 'type': 'BUY', 'price': 10.0, 'timestamp': 100}
2025-04-30 03:34:20,269 [INFO] ارسال سیگنال برای DOGEUSDT: {'coin': 'DOGEUSDT', 'type': 'BUY', 'price': 10.0, 'timestamp': 100}
2025-04-30 03:34:20,447 [INFO] پیام به تلگرام ارسال شد: سیگنال برای DOGEUSDT
نوع: BUY
قیمت: 10.0
زمان: 100
2025-04-30 03:34:20,448 [INFO] سیگنال برای DOGEUSDT ارسال شد: BUY
2025-04-30 03:34:20,451 [INFO] پردازش AVAXUSDT
2025-04-30 03:34:20,910 [INFO] دریافت داده‌های تستی برای AVAXUSDT
2025-04-30 03:34:20,912 [INFO] داده‌های OHLC برای AVAXUSDT دریافت شد: {'timestamp': 100, 'open': 10.0, 'high': 11.0, 'low': 9.0, 'close': 10.0, 'volume': 37.0}
2025-04-30 03:34:20,914 [INFO] تولید سیگنال برای AVAXUSDT با داده‌های تستی
2025-04-30 03:34:20,916 [INFO] مقدار close برای AVAXUSDT: 10.0
2025-04-30 03:34:20,918 [INFO] سیگنال تولید شد برای AVAXUSDT: {'coin': 'AVAXUSDT', 'type': 'BUY', 'price': 10.0, 'timestamp': 100}
2025-04-30 03:34:20,919 [INFO] ارسال سیگنال برای AVAXUSDT: {'coin': 'AVAXUSDT', 'type': 'BUY', 'price': 10.0, 'timestamp': 100}
2025-04-30 03:34:21,126 [INFO] پیام به تلگرام ارسال شد: سیگنال برای AVAXUSDT
نوع: BUY
قیمت: 10.0
زمان: 100
2025-04-30 03:34:21,127 [INFO] سیگنال برای AVAXUSDT ارسال شد: BUY
2025-04-30 03:34:21,130 [INFO] پردازش MATICUSDT
2025-04-30 03:34:21,589 [INFO] دریافت داده‌های تستی برای MATICUSDT
2025-04-30 03:34:21,591 [INFO] داده‌های OHLC برای MATICUSDT دریافت شد: {'timestamp': 100, 'open': 10.0, 'high': 11.0, 'low': 9.0, 'close': 10.0, 'volume': 37.0}
2025-04-30 03:34:21,592 [INFO] تولید سیگنال برای MATICUSDT با داده‌های تستی
2025-04-30 03:34:21,595 [INFO] مقدار close برای MATICUSDT: 10.0
2025-04-30 03:34:21,595 [INFO] سیگنال تولید شد برای MATICUSDT: {'coin': 'MATICUSDT', 'type': 'BUY', 'price': 10.0, 'timestamp': 100}
2025-04-30 03:34:21,596 [INFO] ارسال سیگنال برای MATICUSDT: {'coin': 'MATICUSDT', 'type': 'BUY', 'price': 10.0, 'timestamp': 100}
2025-04-30 03:34:21,764 [INFO] پیام به تلگرام ارسال شد: سیگنال برای MATICUSDT
نوع: BUY
قیمت: 10.0
زمان: 100
2025-04-30 03:34:21,765 [INFO] سیگنال برای MATICUSDT ارسال شد: BUY
2025-04-30 03:34:21,769 [INFO] انتظار برای چرخه بعدی (15 دقیقه)
2025-04-30 03:39:11,138 [INFO] پردازش BTCUSDT
2025-04-30 03:39:11,602 [INFO] دریافت داده‌های تستی برای BTCUSDT
2025-04-30 03:39:11,604 [INFO] داده‌های OHLC برای BTCUSDT دریافت شد: {'timestamp': 100, 'open': 10.0, 'high': 11.0, 'low': 9.0, 'close': 10.0, 'volume': 37.0}
2025-04-30 03:39:11,606 [INFO] تولید سیگنال برای BTCUSDT با داده‌های تستی
2025-04-30 03:39:11,606 [INFO] مقدار close برای BTCUSDT: 10.0
2025-04-30 03:39:11,610 [INFO] سیگنال تولید شد برای BTCUSDT: {'coin': 'BTCUSDT', 'type': 'BUY', 'price': 10.0, 'timestamp': 100}
2025-04-30 03:39:11,611 [INFO] ارسال سیگنال برای BTCUSDT: {'coin': 'BTCUSDT', 'type': 'BUY', 'price': 10.0, 'timestamp': 100}
2025-04-30 03:39:12,078 [INFO] پیام به تلگرام ارسال شد: سیگنال برای BTCUSDT
نوع: BUY
قیمت: 10.0
زمان: 100
2025-04-30 03:39:12,079 [INFO] سیگنال برای BTCUSDT ارسال شد: BUY
2025-04-30 03:39:12,082 [INFO] پردازش ETHUSDT
2025-04-30 03:39:12,539 [INFO] دریافت داده‌های تستی برای ETHUSDT
2025-04-30 03:39:12,540 [INFO] داده‌های OHLC برای ETHUSDT دریافت شد: {'timestamp': 100, 'open': 10.0, 'high': 11.0, 'low': 9.0, 'close': 10.0, 'volume': 37.0}
2025-04-30 03:39:12,541 [INFO] تولید سیگنال برای ETHUSDT با داده‌های تستی
2025-04-30 03:39:12,544 [INFO] مقدار close برای ETHUSDT: 10.0
2025-04-30 03:39:12,545 [INFO] سیگنال تولید شد برای ETHUSDT: {'coin': 'ETHUSDT', 'type': 'BUY', 'price': 10.0, 'timestamp': 100}
2025-04-30 03:39:12,545 [INFO] ارسال سیگنال برای ETHUSDT: {'coin': 'ETHUSDT', 'type': 'BUY', 'price': 10.0, 'timestamp': 100}
2025-04-30 03:39:12,716 [INFO] پیام به تلگرام ارسال شد: سیگنال برای ETHUSDT
نوع: BUY
قیمت: 10.0
زمان: 100
2025-04-30 03:39:12,717 [INFO] سیگنال برای ETHUSDT ارسال شد: BUY
2025-04-30 03:39:12,720 [INFO] پردازش BNBUSDT
2025-04-30 03:39:13,158 [INFO] دریافت داده‌های تستی برای BNBUSDT
2025-04-30 03:39:13,159 [INFO] داده‌های OHLC برای BNBUSDT دریافت شد: {'timestamp': 100, 'open': 10.0, 'high': 11.0, 'low': 9.0, 'close': 10.0, 'volume': 37.0}
2025-04-30 03:39:13,163 [INFO] تولید سیگنال برای BNBUSDT با داده‌های تستی
2025-04-30 03:39:13,164 [INFO] مقدار close برای BNBUSDT: 10.0
2025-04-30 03:39:13,164 [INFO] سیگنال تولید شد برای BNBUSDT: {'coin': 'BNBUSDT', 'type': 'BUY', 'price': 10.0, 'timestamp': 100}
2025-04-30 03:39:13,165 [INFO] ارسال سیگنال برای BNBUSDT: {'coin': 'BNBUSDT', 'type': 'BUY', 'price': 10.0, 'timestamp': 100}
2025-04-30 03:39:13,331 [INFO] پیام به تلگرام ارسال شد: سیگنال برای BNBUSDT
نوع: BUY
قیمت: 10.0
زمان: 100
2025-04-30 03:39:13,332 [INFO] سیگنال برای BNBUSDT ارسال شد: BUY
2025-04-30 03:39:13,333 [INFO] پردازش XRPUSDT
2025-04-30 03:39:13,766 [INFO] دریافت داده‌های تستی برای XRPUSDT
2025-04-30 03:39:13,767 [INFO] داده‌های OHLC برای XRPUSDT دریافت شد: {'timestamp': 100, 'open': 10.0, 'high': 11.0, 'low': 9.0, 'close': 10.0, 'volume': 37.0}
2025-04-30 03:39:13,768 [INFO] تولید سیگنال برای XRPUSDT با داده‌های تستی
2025-04-30 03:39:13,771 [INFO] مقدار close برای XRPUSDT: 10.0
2025-04-30 03:39:13,771 [INFO] سیگنال تولید شد برای XRPUSDT: {'coin': 'XRPUSDT', 'type': 'BUY', 'price': 10.0, 'timestamp': 100}
2025-04-30 03:39:13,772 [INFO] ارسال سیگنال برای XRPUSDT: {'coin': 'XRPUSDT', 'type': 'BUY', 'price': 10.0, 'timestamp': 100}
2025-04-30 03:39:13,944 [INFO] پیام به تلگرام ارسال شد: سیگنال برای XRPUSDT
نوع: BUY
قیمت: 10.0
زمان: 100
2025-04-30 03:39:13,945 [INFO] سیگنال برای XRPUSDT ارسال شد: BUY
2025-04-30 03:39:13,946 [INFO] پردازش ADAUSDT
2025-04-30 03:39:14,388 [INFO] دریافت داده‌های تستی برای ADAUSDT
2025-04-30 03:39:14,389 [INFO] داده‌های OHLC برای ADAUSDT دریافت شد: {'timestamp': 100, 'open': 10.0, 'high': 11.0, 'low': 9.0, 'close': 10.0, 'volume': 37.0}
2025-04-30 03:39:14,390 [INFO] تولید سیگنال برای ADAUSDT با داده‌های تستی
2025-04-30 03:39:14,393 [INFO] مقدار close برای ADAUSDT: 10.0
2025-04-30 03:39:14,393 [INFO] سیگنال تولید شد برای ADAUSDT: {'coin': 'ADAUSDT', 'type': 'BUY', 'price': 10.0, 'timestamp': 100}
2025-04-30 03:39:14,394 [INFO] ارسال سیگنال برای ADAUSDT: {'coin': 'ADAUSDT', 'type': 'BUY', 'price': 10.0, 'timestamp': 100}
2025-04-30 03:39:14,559 [INFO] پیام به تلگرام ارسال شد: سیگنال برای ADAUSDT
نوع: BUY
قیمت: 10.0
زمان: 100
2025-04-30 03:39:14,559 [INFO] سیگنال برای ADAUSDT ارسال شد: BUY
2025-04-30 03:39:14,560 [INFO] پردازش SOLUSDT
2025-04-30 03:39:15,018 [INFO] دریافت داده‌های تستی برای SOLUSDT
2025-04-30 03:39:15,019 [INFO] داده‌های OHLC برای SOLUSDT دریافت شد: {'timestamp': 100, 'open': 10.0, 'high': 11.0, 'low': 9.0, 'close': 10.0, 'volume': 37.0}
2025-04-30 03:39:15,020 [INFO] تولید سیگنال برای SOLUSDT با داده‌های تستی
2025-04-30 03:39:15,023 [INFO] مقدار close برای SOLUSDT: 10.0
2025-04-30 03:39:15,023 [INFO] سیگنال تولید شد برای SOLUSDT: {'coin': 'SOLUSDT', 'type': 'BUY', 'price': 10.0, 'timestamp': 100}
2025-04-30 03:39:15,024 [INFO] ارسال سیگنال برای SOLUSDT: {'coin': 'SOLUSDT', 'type': 'BUY', 'price': 10.0, 'timestamp': 100}
2025-04-30 03:39:15,192 [INFO] پیام به تلگرام ارسال شد: سیگنال برای SOLUSDT
نوع: BUY
قیمت: 10.0
زمان: 100
2025-04-30 03:39:15,192 [INFO] سیگنال برای SOLUSDT ارسال شد: BUY
2025-04-30 03:39:15,196 [INFO] پردازش DOTUSDT
2025-04-30 03:39:15,639 [INFO] دریافت داده‌های تستی برای DOTUSDT
2025-04-30 03:39:15,640 [INFO] داده‌های OHLC برای DOTUSDT دریافت شد: {'timestamp': 100, 'open': 10.0, 'high': 11.0, 'low': 9.0, 'close': 10.0, 'volume': 37.0}
2025-04-30 03:39:15,641 [INFO] تولید سیگنال برای DOTUSDT با داده‌های تستی
2025-04-30 03:39:15,643 [INFO] مقدار close برای DOTUSDT: 10.0
2025-04-30 03:39:15,644 [INFO] سیگنال تولید شد برای DOTUSDT: {'coin': 'DOTUSDT', 'type': 'BUY', 'price': 10.0, 'timestamp': 100}
2025-04-30 03:39:15,645 [INFO] ارسال سیگنال برای DOTUSDT: {'coin': 'DOTUSDT', 'type': 'BUY', 'price': 10.0, 'timestamp': 100}
2025-04-30 03:39:15,813 [INFO] پیام به تلگرام ارسال شد: سیگنال برای DOTUSDT
نوع: BUY
قیمت: 10.0
زمان: 100
2025-04-30 03:39:15,813 [INFO] سیگنال برای DOTUSDT ارسال شد: BUY
2025-04-30 03:39:15,815 [INFO] پردازش DOGEUSDT
2025-04-30 03:39:16,264 [INFO] دریافت داده‌های تستی برای DOGEUSDT
2025-04-30 03:39:16,265 [INFO] داده‌های OHLC برای DOGEUSDT دریافت شد: {'timestamp': 100, 'open': 10.0, 'high': 11.0, 'low': 9.0, 'close': 10.0, 'volume': 37.0}
2025-04-30 03:39:16,266 [INFO] تولید سیگنال برای DOGEUSDT با داده‌های تستی
2025-04-30 03:39:16,269 [INFO] مقدار close برای DOGEUSDT: 10.0
2025-04-30 03:39:16,269 [INFO] سیگنال تولید شد برای DOGEUSDT: {'coin': 'DOGEUSDT', 'type': 'BUY', 'price': 10.0, 'timestamp': 100}
2025-04-30 03:39:16,270 [INFO] ارسال سیگنال برای DOGEUSDT: {'coin': 'DOGEUSDT', 'type': 'BUY', 'price': 10.0, 'timestamp': 100}
2025-04-30 03:39:16,440 [INFO] پیام به تلگرام ارسال شد: سیگنال برای DOGEUSDT
نوع: BUY
قیمت: 10.0
زمان: 100
2025-04-30 03:39:16,440 [INFO] سیگنال برای DOGEUSDT ارسال شد: BUY
2025-04-30 03:39:16,442 [INFO] پردازش AVAXUSDT
2025-04-30 03:39:16,893 [INFO] دریافت داده‌های تستی برای AVAXUSDT
2025-04-30 03:39:16,893 [INFO] داده‌های OHLC برای AVAXUSDT دریافت شد: {'timestamp': 100, 'open': 10.0, 'high': 11.0, 'low': 9.0, 'close': 10.0, 'volume': 37.0}
2025-04-30 03:39:16,894 [INFO] تولید سیگنال برای AVAXUSDT با داده‌های تستی
2025-04-30 03:39:16,897 [INFO] مقدار close برای AVAXUSDT: 10.0
2025-04-30 03:39:16,897 [INFO] سیگنال تولید شد برای AVAXUSDT: {'coin': 'AVAXUSDT', 'type': 'BUY', 'price': 10.0, 'timestamp': 100}
2025-04-30 03:39:16,898 [INFO] ارسال سیگنال برای AVAXUSDT: {'coin': 'AVAXUSDT', 'type': 'BUY', 'price': 10.0, 'timestamp': 100}
2025-04-30 03:39:17,068 [INFO] پیام به تلگرام ارسال شد: سیگنال برای AVAXUSDT
نوع: BUY
قیمت: 10.0
زمان: 100
2025-04-30 03:39:17,068 [INFO] سیگنال برای AVAXUSDT ارسال شد: BUY
2025-04-30 03:39:17,070 [INFO] پردازش MATICUSDT
2025-04-30 03:39:17,527 [INFO] دریافت داده‌های تستی برای MATICUSDT
2025-04-30 03:39:17,528 [INFO] داده‌های OHLC برای MATICUSDT دریافت شد: {'timestamp': 100, 'open': 10.0, 'high': 11.0, 'low': 9.0, 'close': 10.0, 'volume': 37.0}
2025-04-30 03:39:17,528 [INFO] تولید سیگنال برای MATICUSDT با داده‌های تستی
2025-04-30 03:39:17,529 [INFO] مقدار close برای MATICUSDT: 10.0
2025-04-30 03:39:17,532 [INFO] سیگنال تولید شد برای MATICUSDT: {'coin': 'MATICUSDT', 'type': 'BUY', 'price': 10.0, 'timestamp': 100}
2025-04-30 03:39:17,532 [INFO] ارسال سیگنال برای MATICUSDT: {'coin': 'MATICUSDT', 'type': 'BUY', 'price': 10.0, 'timestamp': 100}
2025-04-30 03:39:17,708 [INFO] پیام به تلگرام ارسال شد: سیگنال برای MATICUSDT
نوع: BUY
قیمت: 10.0
زمان: 100
2025-04-30 03:39:17,708 [INFO] سیگنال برای MATICUSDT ارسال شد: BUY
2025-04-30 03:39:17,710 [INFO] انتظار برای چرخه بعدی (15 دقیقه)
2025-04-30 03:41:40,979 [INFO] پردازش BTCUSDT
2025-04-30 03:41:41,435 [INFO] دریافت داده‌های تستی برای BTCUSDT
2025-04-30 03:41:41,436 [INFO] داده‌های OHLC برای BTCUSDT دریافت شد: {'timestamp': 100, 'open': 10.0, 'high': 11.0, 'low': 9.0, 'close': 10.0, 'volume': 37.0}
2025-04-30 03:41:41,439 [INFO] تولید سیگنال برای BTCUSDT با داده‌های تستی
2025-04-30 03:41:41,440 [INFO] مقدار close برای BTCUSDT: 10.0
2025-04-30 03:41:41,441 [INFO] سیگنال تولید شد برای BTCUSDT: {'coin': 'BTCUSDT', 'type': 'BUY', 'price': 10.0, 'timestamp': 100}
2025-04-30 03:41:41,443 [INFO] ارسال سیگنال برای BTCUSDT: {'coin': 'BTCUSDT', 'type': 'BUY', 'price': 10.0, 'timestamp': 100}
2025-04-30 03:41:41,979 [INFO] پیام به تلگرام ارسال شد: سیگنال برای BTCUSDT
نوع: BUY
قیمت: 10.0
زمان: 100
2025-04-30 03:41:41,979 [INFO] سیگنال برای BTCUSDT ارسال شد: BUY
2025-04-30 03:41:41,981 [INFO] پردازش ETHUSDT
2025-04-30 03:41:42,426 [INFO] دریافت داده‌های تستی برای ETHUSDT
2025-04-30 03:41:42,430 [INFO] داده‌های OHLC برای ETHUSDT دریافت شد: {'timestamp': 100, 'open': 10.0, 'high': 11.0, 'low': 9.0, 'close': 10.0, 'volume': 37.0}
2025-04-30 03:41:42,431 [INFO] تولید سیگنال برای ETHUSDT با داده‌های تستی
2025-04-30 03:41:42,432 [INFO] مقدار close برای ETHUSDT: 10.0
2025-04-30 03:41:42,434 [INFO] سیگنال تولید شد برای ETHUSDT: {'coin': 'ETHUSDT', 'type': 'BUY', 'price': 10.0, 'timestamp': 100}
2025-04-30 03:41:42,438 [INFO] ارسال سیگنال برای ETHUSDT: {'coin': 'ETHUSDT', 'type': 'BUY', 'price': 10.0, 'timestamp': 100}
2025-04-30 03:41:42,610 [INFO] پیام به تلگرام ارسال شد: سیگنال برای ETHUSDT
نوع: BUY
قیمت: 10.0
زمان: 100
2025-04-30 03:41:42,611 [INFO] سیگنال برای ETHUSDT ارسال شد: BUY
2025-04-30 03:41:42,614 [INFO] پردازش BNBUSDT
2025-04-30 03:41:43,066 [INFO] دریافت داده‌های تستی برای BNBUSDT
2025-04-30 03:41:43,067 [INFO] داده‌های OHLC برای BNBUSDT دریافت شد: {'timestamp': 100, 'open': 10.0, 'high': 11.0, 'low': 9.0, 'close': 10.0, 'volume': 37.0}
2025-04-30 03:41:43,067 [INFO] تولید سیگنال برای BNBUSDT با داده‌های تستی
2025-04-30 03:41:43,070 [INFO] مقدار close برای BNBUSDT: 10.0
2025-04-30 03:41:43,071 [INFO] سیگنال تولید شد برای BNBUSDT: {'coin': 'BNBUSDT', 'type': 'BUY', 'price': 10.0, 'timestamp': 100}
2025-04-30 03:41:43,071 [INFO] ارسال سیگنال برای BNBUSDT: {'coin': 'BNBUSDT', 'type': 'BUY', 'price': 10.0, 'timestamp': 100}
2025-04-30 03:41:43,242 [INFO] پیام به تلگرام ارسال شد: سیگنال برای BNBUSDT
نوع: BUY
قیمت: 10.0
زمان: 100
2025-04-30 03:41:43,244 [INFO] سیگنال برای BNBUSDT ارسال شد: BUY
2025-04-30 03:41:43,247 [INFO] پردازش XRPUSDT
2025-04-30 03:41:43,692 [INFO] دریافت داده‌های تستی برای XRPUSDT
2025-04-30 03:41:43,693 [INFO] داده‌های OHLC برای XRPUSDT دریافت شد: {'timestamp': 100, 'open': 10.0, 'high': 11.0, 'low': 9.0, 'close': 10.0, 'volume': 37.0}
2025-04-30 03:41:43,695 [INFO] تولید سیگنال برای XRPUSDT با داده‌های تستی
2025-04-30 03:41:43,696 [INFO] مقدار close برای XRPUSDT: 10.0
2025-04-30 03:41:43,698 [INFO] سیگنال تولید شد برای XRPUSDT: {'coin': 'XRPUSDT', 'type': 'BUY', 'price': 10.0, 'timestamp': 100}
2025-04-30 03:41:43,699 [INFO] ارسال سیگنال برای XRPUSDT: {'coin': 'XRPUSDT', 'type': 'BUY', 'price': 10.0, 'timestamp': 100}
2025-04-30 03:41:43,876 [INFO] پیام به تلگرام ارسال شد: سیگنال برای XRPUSDT
نوع: BUY
قیمت: 10.0
زمان: 100
2025-04-30 03:41:43,876 [INFO] سیگنال برای XRPUSDT ارسال شد: BUY
2025-04-30 03:41:43,879 [INFO] پردازش ADAUSDT
2025-04-30 03:41:44,330 [INFO] دریافت داده‌های تستی برای ADAUSDT
2025-04-30 03:41:44,331 [INFO] داده‌های OHLC برای ADAUSDT دریافت شد: {'timestamp': 100, 'open': 10.0, 'high': 11.0, 'low': 9.0, 'close': 10.0, 'volume': 37.0}
2025-04-30 03:41:44,333 [INFO] تولید سیگنال برای ADAUSDT با داده‌های تستی
2025-04-30 03:41:44,335 [INFO] مقدار close برای ADAUSDT: 10.0
2025-04-30 03:41:44,336 [INFO] سیگنال تولید شد برای ADAUSDT: {'coin': 'ADAUSDT', 'type': 'BUY', 'price': 10.0, 'timestamp': 100}
2025-04-30 03:41:44,337 [INFO] ارسال سیگنال برای ADAUSDT: {'coin': 'ADAUSDT', 'type': 'BUY', 'price': 10.0, 'timestamp': 100}
2025-04-30 03:41:44,511 [INFO] پیام به تلگرام ارسال شد: سیگنال برای ADAUSDT
نوع: BUY
قیمت: 10.0
زمان: 100
2025-04-30 03:41:44,512 [INFO] سیگنال برای ADAUSDT ارسال شد: BUY
2025-04-30 03:41:44,515 [INFO] پردازش SOLUSDT
2025-04-30 03:41:44,977 [INFO] دریافت داده‌های تستی برای SOLUSDT
2025-04-30 03:41:44,979 [INFO] داده‌های OHLC برای SOLUSDT دریافت شد: {'timestamp': 100, 'open': 10.0, 'high': 11.0, 'low': 9.0, 'close': 10.0, 'volume': 37.0}
2025-04-30 03:41:44,980 [INFO] تولید سیگنال برای SOLUSDT با داده‌های تستی
2025-04-30 03:41:44,982 [INFO] مقدار close برای SOLUSDT: 10.0
2025-04-30 03:41:44,983 [INFO] سیگنال تولید شد برای SOLUSDT: {'coin': 'SOLUSDT', 'type': 'BUY', 'price': 10.0, 'timestamp': 100}
2025-04-30 03:41:44,985 [INFO] ارسال سیگنال برای SOLUSDT: {'coin': 'SOLUSDT', 'type': 'BUY', 'price': 10.0, 'timestamp': 100}
2025-04-30 03:41:45,218 [INFO] پیام به تلگرام ارسال شد: سیگنال برای SOLUSDT
نوع: BUY
قیمت: 10.0
زمان: 100
2025-04-30 03:41:45,219 [INFO] سیگنال برای SOLUSDT ارسال شد: BUY
2025-04-30 03:41:45,224 [INFO] پردازش DOTUSDT
2025-04-30 03:41:45,691 [INFO] دریافت داده‌های تستی برای DOTUSDT
2025-04-30 03:41:45,693 [INFO] داده‌های OHLC برای DOTUSDT دریافت شد: {'timestamp': 100, 'open': 10.0, 'high': 11.0, 'low': 9.0, 'close': 10.0, 'volume': 37.0}
2025-04-30 03:41:45,694 [INFO] تولید سیگنال برای DOTUSDT با داده‌های تستی
2025-04-30 03:41:45,695 [INFO] مقدار close برای DOTUSDT: 10.0
2025-04-30 03:41:45,697 [INFO] سیگنال تولید شد برای DOTUSDT: {'coin': 'DOTUSDT', 'type': 'BUY', 'price': 10.0, 'timestamp': 100}
2025-04-30 03:41:45,698 [INFO] ارسال سیگنال برای DOTUSDT: {'coin': 'DOTUSDT', 'type': 'BUY', 'price': 10.0, 'timestamp': 100}
2025-04-30 03:41:45,884 [INFO] پیام به تلگرام ارسال شد: سیگنال برای DOTUSDT
نوع: BUY
قیمت: 10.0
زمان: 100
2025-04-30 03:41:45,885 [INFO] سیگنال برای DOTUSDT ارسال شد: BUY
2025-04-30 03:41:45,888 [INFO] پردازش DOGEUSDT
2025-04-30 03:41:46,336 [INFO] دریافت داده‌های تستی برای DOGEUSDT
2025-04-30 03:41:46,338 [INFO] داده‌های OHLC برای DOGEUSDT دریافت شد: {'timestamp': 100, 'open': 10.0, 'high': 11.0, 'low': 9.0, 'close': 10.0, 'volume': 37.0}
2025-04-30 03:41:46,339 [INFO] تولید سیگنال برای DOGEUSDT با داده‌های تستی
2025-04-30 03:41:46,341 [INFO] مقدار close برای DOGEUSDT: 10.0
2025-04-30 03:41:46,342 [INFO] سیگنال تولید شد برای DOGEUSDT: {'coin': 'DOGEUSDT', 'type': 'BUY', 'price': 10.0, 'timestamp': 100}
2025-04-30 03:41:46,342 [INFO] ارسال سیگنال برای DOGEUSDT: {'coin': 'DOGEUSDT', 'type': 'BUY', 'price': 10.0, 'timestamp': 100}
2025-04-30 03:41:46,512 [INFO] پیام به تلگرام ارسال شد: سیگنال برای DOGEUSDT
نوع: BUY
قیمت: 10.0
زمان: 100
2025-04-30 03:41:46,512 [INFO] سیگنال برای DOGEUSDT ارسال شد: BUY
2025-04-30 03:41:46,514 [INFO] پردازش AVAXUSDT
2025-04-30 03:41:46,950 [INFO] دریافت داده‌های تستی برای AVAXUSDT
2025-04-30 03:41:46,951 [INFO] داده‌های OHLC برای AVAXUSDT دریافت شد: {'timestamp': 100, 'open': 10.0, 'high': 11.0, 'low': 9.0, 'close': 10.0, 'volume': 37.0}
2025-04-30 03:41:46,953 [INFO] تولید سیگنال برای AVAXUSDT با داده‌های تستی
2025-04-30 03:41:46,956 [INFO] مقدار close برای AVAXUSDT: 10.0
2025-04-30 03:41:46,956 [INFO] سیگنال تولید شد برای AVAXUSDT: {'coin': 'AVAXUSDT', 'type': 'BUY', 'price': 10.0, 'timestamp': 100}
2025-04-30 03:41:46,957 [INFO] ارسال سیگنال برای AVAXUSDT: {'coin': 'AVAXUSDT', 'type': 'BUY', 'price': 10.0, 'timestamp': 100}
2025-04-30 03:41:47,130 [INFO] پیام به تلگرام ارسال شد: سیگنال برای AVAXUSDT
نوع: BUY
قیمت: 10.0
زمان: 100
2025-04-30 03:41:47,130 [INFO] سیگنال برای AVAXUSDT ارسال شد: BUY
2025-04-30 03:41:47,131 [INFO] پردازش MATICUSDT
2025-04-30 03:41:47,564 [INFO] دریافت داده‌های تستی برای MATICUSDT
2025-04-30 03:41:47,566 [INFO] داده‌های OHLC برای MATICUSDT دریافت شد: {'timestamp': 100, 'open': 10.0, 'high': 11.0, 'low': 9.0, 'close': 10.0, 'volume': 37.0}
2025-04-30 03:41:47,567 [INFO] تولید سیگنال برای MATICUSDT با داده‌های تستی
2025-04-30 03:41:47,570 [INFO] مقدار close برای MATICUSDT: 10.0
2025-04-30 03:41:47,571 [INFO] سیگنال تولید شد برای MATICUSDT: {'coin': 'MATICUSDT', 'type': 'BUY', 'price': 10.0, 'timestamp': 100}
2025-04-30 03:41:47,572 [INFO] ارسال سیگنال برای MATICUSDT: {'coin': 'MATICUSDT', 'type': 'BUY', 'price': 10.0, 'timestamp': 100}
2025-04-30 03:41:47,749 [INFO] پیام به تلگرام ارسال شد: سیگنال برای MATICUSDT
نوع: BUY
قیمت: 10.0
زمان: 100
2025-04-30 03:41:47,750 [INFO] سیگنال برای MATICUSDT ارسال شد: BUY
2025-04-30 03:41:47,753 [INFO] انتظار برای چرخه بعدی (15 دقیقه)
2025-04-30 03:49:21,773 [INFO] پردازش BTCUSDT
2025-04-30 03:49:22,222 [INFO] دریافت داده‌های تستی برای BTCUSDT
2025-04-30 03:49:22,224 [INFO] داده‌های OHLC برای BTCUSDT دریافت شد: {'timestamp': 100, 'open': 10.0, 'high': 11.0, 'low': 9.0, 'close': 10.0, 'volume': 37.0}
2025-04-30 03:49:22,226 [INFO] تولید سیگنال برای BTCUSDT با داده‌های تستی
2025-04-30 03:49:22,228 [INFO] مقدار close برای BTCUSDT: 10.0
2025-04-30 03:49:22,232 [INFO] سیگنال تولید شد برای BTCUSDT: {'coin': 'BTCUSDT', 'type': 'BUY', 'price': 10.0, 'timestamp': 100}
2025-04-30 03:49:22,233 [INFO] ارسال سیگنال برای BTCUSDT: {'coin': 'BTCUSDT', 'type': 'BUY', 'price': 10.0, 'timestamp': 100}
2025-04-30 03:49:22,716 [INFO] پیام به تلگرام ارسال شد: سیگنال برای BTCUSDT
نوع: BUY
قیمت: 10.0
زمان: 100
2025-04-30 03:49:22,717 [INFO] سیگنال برای BTCUSDT ارسال شد: BUY
2025-04-30 03:49:22,720 [INFO] پردازش ETHUSDT
2025-04-30 03:49:23,194 [INFO] دریافت داده‌های تستی برای ETHUSDT
2025-04-30 03:49:23,196 [INFO] داده‌های OHLC برای ETHUSDT دریافت شد: {'timestamp': 100, 'open': 10.0, 'high': 11.0, 'low': 9.0, 'close': 10.0, 'volume': 37.0}
2025-04-30 03:49:23,197 [INFO] تولید سیگنال برای ETHUSDT با داده‌های تستی
2025-04-30 03:49:23,199 [INFO] مقدار close برای ETHUSDT: 10.0
2025-04-30 03:49:23,200 [INFO] سیگنال تولید شد برای ETHUSDT: {'coin': 'ETHUSDT', 'type': 'BUY', 'price': 10.0, 'timestamp': 100}
2025-04-30 03:49:23,201 [INFO] ارسال سیگنال برای ETHUSDT: {'coin': 'ETHUSDT', 'type': 'BUY', 'price': 10.0, 'timestamp': 100}
2025-04-30 03:49:23,374 [INFO] پیام به تلگرام ارسال شد: سیگنال برای ETHUSDT
نوع: BUY
قیمت: 10.0
زمان: 100
2025-04-30 03:49:23,375 [INFO] سیگنال برای ETHUSDT ارسال شد: BUY
2025-04-30 03:49:23,376 [INFO] پردازش BNBUSDT
2025-04-30 03:49:23,809 [INFO] دریافت داده‌های تستی برای BNBUSDT
2025-04-30 03:49:23,811 [INFO] داده‌های OHLC برای BNBUSDT دریافت شد: {'timestamp': 100, 'open': 10.0, 'high': 11.0, 'low': 9.0, 'close': 10.0, 'volume': 37.0}
2025-04-30 03:49:23,812 [INFO] تولید سیگنال برای BNBUSDT با داده‌های تستی
2025-04-30 03:49:23,813 [INFO] مقدار close برای BNBUSDT: 10.0
2025-04-30 03:49:23,815 [INFO] سیگنال تولید شد برای BNBUSDT: {'coin': 'BNBUSDT', 'type': 'BUY', 'price': 10.0, 'timestamp': 100}
2025-04-30 03:49:23,815 [INFO] ارسال سیگنال برای BNBUSDT: {'coin': 'BNBUSDT', 'type': 'BUY', 'price': 10.0, 'timestamp': 100}
2025-04-30 03:49:23,999 [INFO] پیام به تلگرام ارسال شد: سیگنال برای BNBUSDT
نوع: BUY
قیمت: 10.0
زمان: 100
2025-04-30 03:49:23,999 [INFO] سیگنال برای BNBUSDT ارسال شد: BUY
2025-04-30 03:49:24,000 [INFO] پردازش XRPUSDT
2025-04-30 03:49:24,456 [INFO] دریافت داده‌های تستی برای XRPUSDT
2025-04-30 03:49:24,458 [INFO] داده‌های OHLC برای XRPUSDT دریافت شد: {'timestamp': 100, 'open': 10.0, 'high': 11.0, 'low': 9.0, 'close': 10.0, 'volume': 37.0}
2025-04-30 03:49:24,459 [INFO] تولید سیگنال برای XRPUSDT با داده‌های تستی
2025-04-30 03:49:24,461 [INFO] مقدار close برای XRPUSDT: 10.0
2025-04-30 03:49:24,462 [INFO] سیگنال تولید شد برای XRPUSDT: {'coin': 'XRPUSDT', 'type': 'BUY', 'price': 10.0, 'timestamp': 100}
2025-04-30 03:49:24,463 [INFO] ارسال سیگنال برای XRPUSDT: {'coin': 'XRPUSDT', 'type': 'BUY', 'price': 10.0, 'timestamp': 100}
2025-04-30 03:49:24,635 [INFO] پیام به تلگرام ارسال شد: سیگنال برای XRPUSDT
نوع: BUY
قیمت: 10.0
زمان: 100
2025-04-30 03:49:24,636 [INFO] سیگنال برای XRPUSDT ارسال شد: BUY
2025-04-30 03:49:24,640 [INFO] پردازش ADAUSDT
2025-04-30 03:49:25,093 [INFO] دریافت داده‌های تستی برای ADAUSDT
2025-04-30 03:49:25,095 [INFO] داده‌های OHLC برای ADAUSDT دریافت شد: {'timestamp': 100, 'open': 10.0, 'high': 11.0, 'low': 9.0, 'close': 10.0, 'volume': 37.0}
2025-04-30 03:49:25,097 [INFO] تولید سیگنال برای ADAUSDT با داده‌های تستی
2025-04-30 03:49:25,100 [INFO] مقدار close برای ADAUSDT: 10.0
2025-04-30 03:49:25,101 [INFO] سیگنال تولید شد برای ADAUSDT: {'coin': 'ADAUSDT', 'type': 'BUY', 'price': 10.0, 'timestamp': 100}
2025-04-30 03:49:25,102 [INFO] ارسال سیگنال برای ADAUSDT: {'coin': 'ADAUSDT', 'type': 'BUY', 'price': 10.0, 'timestamp': 100}
2025-04-30 03:49:25,276 [INFO] پیام به تلگرام ارسال شد: سیگنال برای ADAUSDT
نوع: BUY
قیمت: 10.0
زمان: 100
2025-04-30 03:49:25,277 [INFO] سیگنال برای ADAUSDT ارسال شد: BUY
2025-04-30 03:49:25,280 [INFO] پردازش SOLUSDT
2025-04-30 03:49:25,737 [INFO] دریافت داده‌های تستی برای SOLUSDT
2025-04-30 03:49:25,739 [INFO] داده‌های OHLC برای SOLUSDT دریافت شد: {'timestamp': 100, 'open': 10.0, 'high': 11.0, 'low': 9.0, 'close': 10.0, 'volume': 37.0}
2025-04-30 03:49:25,741 [INFO] تولید سیگنال برای SOLUSDT با داده‌های تستی
2025-04-30 03:49:25,742 [INFO] مقدار close برای SOLUSDT: 10.0
2025-04-30 03:49:25,745 [INFO] سیگنال تولید شد برای SOLUSDT: {'coin': 'SOLUSDT', 'type': 'BUY', 'price': 10.0, 'timestamp': 100}
2025-04-30 03:49:25,746 [INFO] ارسال سیگنال برای SOLUSDT: {'coin': 'SOLUSDT', 'type': 'BUY', 'price': 10.0, 'timestamp': 100}
2025-04-30 03:49:25,935 [INFO] پیام به تلگرام ارسال شد: سیگنال برای SOLUSDT
نوع: BUY
قیمت: 10.0
زمان: 100
2025-04-30 03:49:25,937 [INFO] سیگنال برای SOLUSDT ارسال شد: BUY
2025-04-30 03:49:25,941 [INFO] پردازش DOTUSDT
2025-04-30 03:49:26,375 [INFO] دریافت داده‌های تستی برای DOTUSDT
2025-04-30 03:49:26,377 [INFO] داده‌های OHLC برای DOTUSDT دریافت شد: {'timestamp': 100, 'open': 10.0, 'high': 11.0, 'low': 9.0, 'close': 10.0, 'volume': 37.0}
2025-04-30 03:49:26,378 [INFO] تولید سیگنال برای DOTUSDT با داده‌های تستی
2025-04-30 03:49:26,381 [INFO] مقدار close برای DOTUSDT: 10.0
2025-04-30 03:49:26,382 [INFO] سیگنال تولید شد برای DOTUSDT: {'coin': 'DOTUSDT', 'type': 'BUY', 'price': 10.0, 'timestamp': 100}
2025-04-30 03:49:26,382 [INFO] ارسال سیگنال برای DOTUSDT: {'coin': 'DOTUSDT', 'type': 'BUY', 'price': 10.0, 'timestamp': 100}
2025-04-30 03:49:26,556 [INFO] پیام به تلگرام ارسال شد: سیگنال برای DOTUSDT
نوع: BUY
قیمت: 10.0
زمان: 100
2025-04-30 03:49:26,557 [INFO] سیگنال برای DOTUSDT ارسال شد: BUY
2025-04-30 03:49:26,560 [INFO] پردازش DOGEUSDT
2025-04-30 03:49:27,009 [INFO] دریافت داده‌های تستی برای DOGEUSDT
2025-04-30 03:49:27,011 [INFO] داده‌های OHLC برای DOGEUSDT دریافت شد: {'timestamp': 100, 'open': 10.0, 'high': 11.0, 'low': 9.0, 'close': 10.0, 'volume': 37.0}
2025-04-30 03:49:27,012 [INFO] تولید سیگنال برای DOGEUSDT با داده‌های تستی
2025-04-30 03:49:27,012 [INFO] مقدار close برای DOGEUSDT: 10.0
2025-04-30 03:49:27,015 [INFO] سیگنال تولید شد برای DOGEUSDT: {'coin': 'DOGEUSDT', 'type': 'BUY', 'price': 10.0, 'timestamp': 100}
2025-04-30 03:49:27,015 [INFO] ارسال سیگنال برای DOGEUSDT: {'coin': 'DOGEUSDT', 'type': 'BUY', 'price': 10.0, 'timestamp': 100}
2025-04-30 03:49:27,196 [INFO] پیام به تلگرام ارسال شد: سیگنال برای DOGEUSDT
نوع: BUY
قیمت: 10.0
زمان: 100
2025-04-30 03:49:27,197 [INFO] سیگنال برای DOGEUSDT ارسال شد: BUY
2025-04-30 03:49:27,199 [INFO] پردازش AVAXUSDT
2025-04-30 03:49:27,651 [INFO] دریافت داده‌های تستی برای AVAXUSDT
2025-04-30 03:49:27,653 [INFO] داده‌های OHLC برای AVAXUSDT دریافت شد: {'timestamp': 100, 'open': 10.0, 'high': 11.0, 'low': 9.0, 'close': 10.0, 'volume': 37.0}
2025-04-30 03:49:27,655 [INFO] تولید سیگنال برای AVAXUSDT با داده‌های تستی
2025-04-30 03:49:27,656 [INFO] مقدار close برای AVAXUSDT: 10.0
2025-04-30 03:49:27,657 [INFO] سیگنال تولید شد برای AVAXUSDT: {'coin': 'AVAXUSDT', 'type': 'BUY', 'price': 10.0, 'timestamp': 100}
2025-04-30 03:49:27,658 [INFO] ارسال سیگنال برای AVAXUSDT: {'coin': 'AVAXUSDT', 'type': 'BUY', 'price': 10.0, 'timestamp': 100}
2025-04-30 03:49:27,834 [INFO] پیام به تلگرام ارسال شد: سیگنال برای AVAXUSDT
نوع: BUY
قیمت: 10.0
زمان: 100
2025-04-30 03:49:27,834 [INFO] سیگنال برای AVAXUSDT ارسال شد: BUY
2025-04-30 03:49:27,835 [INFO] پردازش MATICUSDT
2025-04-30 03:49:28,317 [INFO] دریافت داده‌های تستی برای MATICUSDT
2025-04-30 03:49:28,317 [INFO] داده‌های OHLC برای MATICUSDT دریافت شد: {'timestamp': 100, 'open': 10.0, 'high': 11.0, 'low': 9.0, 'close': 10.0, 'volume': 37.0}
2025-04-30 03:49:28,318 [INFO] تولید سیگنال برای MATICUSDT با داده‌های تستی
2025-04-30 03:49:28,320 [INFO] مقدار close برای MATICUSDT: 10.0
2025-04-30 03:49:28,321 [INFO] سیگنال تولید شد برای MATICUSDT: {'coin': 'MATICUSDT', 'type': 'BUY', 'price': 10.0, 'timestamp': 100}
2025-04-30 03:49:28,321 [INFO] ارسال سیگنال برای MATICUSDT: {'coin': 'MATICUSDT', 'type': 'BUY', 'price': 10.0, 'timestamp': 100}
2025-04-30 03:49:28,496 [INFO] پیام به تلگرام ارسال شد: سیگنال برای MATICUSDT
نوع: BUY
قیمت: 10.0
زمان: 100
2025-04-30 03:49:28,497 [INFO] سیگنال برای MATICUSDT ارسال شد: BUY
2025-04-30 03:49:28,500 [INFO] انتظار برای چرخه بعدی (15 دقیقه)
2025-04-30 03:54:17,722 [INFO] پردازش BTCUSDT
2025-04-30 03:54:18,230 [INFO] دریافت داده‌های تستی برای BTCUSDT
2025-04-30 03:54:18,231 [INFO] داده‌های OHLC برای BTCUSDT دریافت شد: {'timestamp': 100, 'open': 10.0, 'high': 11.0, 'low': 9.0, 'close': 10.0, 'volume': 37.0}
2025-04-30 03:54:18,232 [INFO] تولید سیگنال برای BTCUSDT با داده‌های تستی
2025-04-30 03:54:18,235 [INFO] مقدار close برای BTCUSDT: 10.0
2025-04-30 03:54:18,235 [INFO] سیگنال تولید شد برای BTCUSDT: {'coin': 'BTCUSDT', 'type': 'BUY', 'price': 10.0, 'timestamp': 100}
2025-04-30 03:54:18,236 [INFO] ارسال سیگنال برای BTCUSDT: {'coin': 'BTCUSDT', 'type': 'BUY', 'price': 10.0, 'timestamp': 100}
2025-04-30 03:54:18,711 [INFO] پیام به تلگرام ارسال شد: سیگنال برای BTCUSDT
نوع: BUY
قیمت: 10.0
زمان: 100
2025-04-30 03:54:18,711 [INFO] سیگنال برای BTCUSDT ارسال شد: BUY
2025-04-30 03:54:18,713 [INFO] پردازش ETHUSDT
2025-04-30 03:54:19,158 [INFO] دریافت داده‌های تستی برای ETHUSDT
2025-04-30 03:54:19,159 [INFO] داده‌های OHLC برای ETHUSDT دریافت شد: {'timestamp': 100, 'open': 10.0, 'high': 11.0, 'low': 9.0, 'close': 10.0, 'volume': 37.0}
2025-04-30 03:54:19,160 [INFO] تولید سیگنال برای ETHUSDT با داده‌های تستی
2025-04-30 03:54:19,163 [INFO] مقدار close برای ETHUSDT: 10.0
2025-04-30 03:54:19,164 [INFO] سیگنال تولید شد برای ETHUSDT: {'coin': 'ETHUSDT', 'type': 'BUY', 'price': 10.0, 'timestamp': 100}
2025-04-30 03:54:19,165 [INFO] ارسال سیگنال برای ETHUSDT: {'coin': 'ETHUSDT', 'type': 'BUY', 'price': 10.0, 'timestamp': 100}
2025-04-30 03:54:19,391 [INFO] پیام به تلگرام ارسال شد: سیگنال برای ETHUSDT
نوع: BUY
قیمت: 10.0
زمان: 100
2025-04-30 03:54:19,392 [INFO] سیگنال برای ETHUSDT ارسال شد: BUY
2025-04-30 03:54:19,394 [INFO] پردازش BNBUSDT
2025-04-30 03:54:19,847 [INFO] دریافت داده‌های تستی برای BNBUSDT
2025-04-30 03:54:19,849 [INFO] داده‌های OHLC برای BNBUSDT دریافت شد: {'timestamp': 100, 'open': 10.0, 'high': 11.0, 'low': 9.0, 'close': 10.0, 'volume': 37.0}
2025-04-30 03:54:19,850 [INFO] تولید سیگنال برای BNBUSDT با داده‌های تستی
2025-04-30 03:54:19,851 [INFO] مقدار close برای BNBUSDT: 10.0
2025-04-30 03:54:19,852 [INFO] سیگنال تولید شد برای BNBUSDT: {'coin': 'BNBUSDT', 'type': 'BUY', 'price': 10.0, 'timestamp': 100}
2025-04-30 03:54:19,853 [INFO] ارسال سیگنال برای BNBUSDT: {'coin': 'BNBUSDT', 'type': 'BUY', 'price': 10.0, 'timestamp': 100}
2025-04-30 03:54:20,021 [INFO] پیام به تلگرام ارسال شد: سیگنال برای BNBUSDT
نوع: BUY
قیمت: 10.0
زمان: 100
2025-04-30 03:54:20,021 [INFO] سیگنال برای BNBUSDT ارسال شد: BUY
2025-04-30 03:54:20,024 [INFO] پردازش XRPUSDT
2025-04-30 03:54:20,494 [INFO] دریافت داده‌های تستی برای XRPUSDT
2025-04-30 03:54:20,495 [INFO] داده‌های OHLC برای XRPUSDT دریافت شد: {'timestamp': 100, 'open': 10.0, 'high': 11.0, 'low': 9.0, 'close': 10.0, 'volume': 37.0}
2025-04-30 03:54:20,497 [INFO] تولید سیگنال برای XRPUSDT با داده‌های تستی
2025-04-30 03:54:20,498 [INFO] مقدار close برای XRPUSDT: 10.0
2025-04-30 03:54:20,499 [INFO] سیگنال تولید شد برای XRPUSDT: {'coin': 'XRPUSDT', 'type': 'BUY', 'price': 10.0, 'timestamp': 100}
2025-04-30 03:54:20,499 [INFO] ارسال سیگنال برای XRPUSDT: {'coin': 'XRPUSDT', 'type': 'BUY', 'price': 10.0, 'timestamp': 100}
2025-04-30 03:54:20,664 [INFO] پیام به تلگرام ارسال شد: سیگنال برای XRPUSDT
نوع: BUY
قیمت: 10.0
زمان: 100
2025-04-30 03:54:20,665 [INFO] سیگنال برای XRPUSDT ارسال شد: BUY
2025-04-30 03:54:20,667 [INFO] پردازش ADAUSDT
2025-04-30 03:54:21,110 [INFO] دریافت داده‌های تستی برای ADAUSDT
2025-04-30 03:54:21,112 [INFO] داده‌های OHLC برای ADAUSDT دریافت شد: {'timestamp': 100, 'open': 10.0, 'high': 11.0, 'low': 9.0, 'close': 10.0, 'volume': 37.0}
2025-04-30 03:54:21,114 [INFO] تولید سیگنال برای ADAUSDT با داده‌های تستی
2025-04-30 03:54:21,115 [INFO] مقدار close برای ADAUSDT: 10.0
2025-04-30 03:54:21,116 [INFO] سیگنال تولید شد برای ADAUSDT: {'coin': 'ADAUSDT', 'type': 'BUY', 'price': 10.0, 'timestamp': 100}
2025-04-30 03:54:21,117 [INFO] ارسال سیگنال برای ADAUSDT: {'coin': 'ADAUSDT', 'type': 'BUY', 'price': 10.0, 'timestamp': 100}
2025-04-30 03:54:21,393 [INFO] پیام به تلگرام ارسال شد: سیگنال برای ADAUSDT
نوع: BUY
قیمت: 10.0
زمان: 100
2025-04-30 03:54:21,393 [INFO] سیگنال برای ADAUSDT ارسال شد: BUY
2025-04-30 03:54:21,395 [INFO] پردازش SOLUSDT
2025-04-30 03:54:21,859 [INFO] دریافت داده‌های تستی برای SOLUSDT
2025-04-30 03:54:21,861 [INFO] داده‌های OHLC برای SOLUSDT دریافت شد: {'timestamp': 100, 'open': 10.0, 'high': 11.0, 'low': 9.0, 'close': 10.0, 'volume': 37.0}
2025-04-30 03:54:21,862 [INFO] تولید سیگنال برای SOLUSDT با داده‌های تستی
2025-04-30 03:54:21,864 [INFO] مقدار close برای SOLUSDT: 10.0
2025-04-30 03:54:21,865 [INFO] سیگنال تولید شد برای SOLUSDT: {'coin': 'SOLUSDT', 'type': 'BUY', 'price': 10.0, 'timestamp': 100}
2025-04-30 03:54:21,865 [INFO] ارسال سیگنال برای SOLUSDT: {'coin': 'SOLUSDT', 'type': 'BUY', 'price': 10.0, 'timestamp': 100}
2025-04-30 03:54:22,030 [INFO] پیام به تلگرام ارسال شد: سیگنال برای SOLUSDT
نوع: BUY
قیمت: 10.0
زمان: 100
2025-04-30 03:54:22,030 [INFO] سیگنال برای SOLUSDT ارسال شد: BUY
2025-04-30 03:54:22,032 [INFO] پردازش DOTUSDT
2025-04-30 03:54:22,472 [INFO] دریافت داده‌های تستی برای DOTUSDT
2025-04-30 03:54:22,473 [INFO] داده‌های OHLC برای DOTUSDT دریافت شد: {'timestamp': 100, 'open': 10.0, 'high': 11.0, 'low': 9.0, 'close': 10.0, 'volume': 37.0}
2025-04-30 03:54:22,473 [INFO] تولید سیگنال برای DOTUSDT با داده‌های تستی
2025-04-30 03:54:22,475 [INFO] مقدار close برای DOTUSDT: 10.0
2025-04-30 03:54:22,475 [INFO] سیگنال تولید شد برای DOTUSDT: {'coin': 'DOTUSDT', 'type': 'BUY', 'price': 10.0, 'timestamp': 100}
2025-04-30 03:54:22,476 [INFO] ارسال سیگنال برای DOTUSDT: {'coin': 'DOTUSDT', 'type': 'BUY', 'price': 10.0, 'timestamp': 100}
2025-04-30 03:54:22,641 [INFO] پیام به تلگرام ارسال شد: سیگنال برای DOTUSDT
نوع: BUY
قیمت: 10.0
زمان: 100
2025-04-30 03:54:22,642 [INFO] سیگنال برای DOTUSDT ارسال شد: BUY
2025-04-30 03:54:22,647 [INFO] پردازش DOGEUSDT
2025-04-30 03:54:23,091 [INFO] دریافت داده‌های تستی برای DOGEUSDT
2025-04-30 03:54:23,094 [INFO] داده‌های OHLC برای DOGEUSDT دریافت شد: {'timestamp': 100, 'open': 10.0, 'high': 11.0, 'low': 9.0, 'close': 10.0, 'volume': 37.0}
2025-04-30 03:54:23,096 [INFO] تولید سیگنال برای DOGEUSDT با داده‌های تستی
2025-04-30 03:54:23,097 [INFO] مقدار close برای DOGEUSDT: 10.0
2025-04-30 03:54:23,098 [INFO] سیگنال تولید شد برای DOGEUSDT: {'coin': 'DOGEUSDT', 'type': 'BUY', 'price': 10.0, 'timestamp': 100}
2025-04-30 03:54:23,099 [INFO] ارسال سیگنال برای DOGEUSDT: {'coin': 'DOGEUSDT', 'type': 'BUY', 'price': 10.0, 'timestamp': 100}
2025-04-30 03:54:23,269 [INFO] پیام به تلگرام ارسال شد: سیگنال برای DOGEUSDT
نوع: BUY
قیمت: 10.0
زمان: 100
2025-04-30 03:54:23,271 [INFO] سیگنال برای DOGEUSDT ارسال شد: BUY
2025-04-30 03:54:23,274 [INFO] پردازش AVAXUSDT
2025-04-30 03:54:23,745 [INFO] دریافت داده‌های تستی برای AVAXUSDT
2025-04-30 03:54:23,746 [INFO] داده‌های OHLC برای AVAXUSDT دریافت شد: {'timestamp': 100, 'open': 10.0, 'high': 11.0, 'low': 9.0, 'close': 10.0, 'volume': 37.0}
2025-04-30 03:54:23,748 [INFO] تولید سیگنال برای AVAXUSDT با داده‌های تستی
2025-04-30 03:54:23,749 [INFO] مقدار close برای AVAXUSDT: 10.0
2025-04-30 03:54:23,751 [INFO] سیگنال تولید شد برای AVAXUSDT: {'coin': 'AVAXUSDT', 'type': 'BUY', 'price': 10.0, 'timestamp': 100}
2025-04-30 03:54:23,751 [INFO] ارسال سیگنال برای AVAXUSDT: {'coin': 'AVAXUSDT', 'type': 'BUY', 'price': 10.0, 'timestamp': 100}
2025-04-30 03:54:23,921 [INFO] پیام به تلگرام ارسال شد: سیگنال برای AVAXUSDT
نوع: BUY
قیمت: 10.0
زمان: 100
2025-04-30 03:54:23,922 [INFO] سیگنال برای AVAXUSDT ارسال شد: BUY
2025-04-30 03:54:23,925 [INFO] پردازش MATICUSDT
2025-04-30 03:54:24,379 [INFO] دریافت داده‌های تستی برای MATICUSDT
2025-04-30 03:54:24,381 [INFO] داده‌های OHLC برای MATICUSDT دریافت شد: {'timestamp': 100, 'open': 10.0, 'high': 11.0, 'low': 9.0, 'close': 10.0, 'volume': 37.0}
2025-04-30 03:54:24,383 [INFO] تولید سیگنال برای MATICUSDT با داده‌های تستی
2025-04-30 03:54:24,383 [INFO] مقدار close برای MATICUSDT: 10.0
2025-04-30 03:54:24,386 [INFO] سیگنال تولید شد برای MATICUSDT: {'coin': 'MATICUSDT', 'type': 'BUY', 'price': 10.0, 'timestamp': 100}
2025-04-30 03:54:24,386 [INFO] ارسال سیگنال برای MATICUSDT: {'coin': 'MATICUSDT', 'type': 'BUY', 'price': 10.0, 'timestamp': 100}
2025-04-30 03:54:24,605 [INFO] پیام به تلگرام ارسال شد: سیگنال برای MATICUSDT
نوع: BUY
قیمت: 10.0
زمان: 100
2025-04-30 03:54:24,606 [INFO] سیگنال برای MATICUSDT ارسال شد: BUY
2025-04-30 03:54:24,610 [INFO] انتظار برای چرخه بعدی (15 دقیقه)
2025-04-30 03:56:47,766 [INFO] پردازش BTCUSDT
2025-04-30 03:56:48,229 [INFO] دریافت داده‌های تستی برای BTCUSDT
2025-04-30 03:56:48,231 [INFO] داده‌های OHLC برای BTCUSDT دریافت شد: {'timestamp': 100, 'open': 10.0, 'high': 11.0, 'low': 9.0, 'close': 10.0, 'volume': 37.0}
2025-04-30 03:56:48,232 [INFO] تولید سیگنال برای BTCUSDT با داده‌های تستی
2025-04-30 03:56:48,233 [INFO] مقدار close برای BTCUSDT: 10.0
2025-04-30 03:56:48,236 [INFO] سیگنال تولید شد برای BTCUSDT: {'coin': 'BTCUSDT', 'type': 'BUY', 'price': 10.0, 'timestamp': 100}
2025-04-30 03:56:48,237 [INFO] ارسال سیگنال برای BTCUSDT: {'coin': 'BTCUSDT', 'type': 'BUY', 'price': 10.0, 'timestamp': 100}
2025-04-30 03:56:48,716 [INFO] پیام به تلگرام ارسال شد: سیگنال برای BTCUSDT
نوع: BUY
قیمت: 10.0
زمان: 100
2025-04-30 03:56:48,717 [INFO] سیگنال برای BTCUSDT ارسال شد: BUY
2025-04-30 03:56:48,720 [INFO] پردازش ETHUSDT
2025-04-30 03:56:49,166 [INFO] دریافت داده‌های تستی برای ETHUSDT
2025-04-30 03:56:49,166 [INFO] داده‌های OHLC برای ETHUSDT دریافت شد: {'timestamp': 100, 'open': 10.0, 'high': 11.0, 'low': 9.0, 'close': 10.0, 'volume': 37.0}
2025-04-30 03:56:49,167 [INFO] تولید سیگنال برای ETHUSDT با داده‌های تستی
2025-04-30 03:56:49,169 [INFO] مقدار close برای ETHUSDT: 10.0
2025-04-30 03:56:49,169 [INFO] سیگنال تولید شد برای ETHUSDT: {'coin': 'ETHUSDT', 'type': 'BUY', 'price': 10.0, 'timestamp': 100}
2025-04-30 03:56:49,170 [INFO] ارسال سیگنال برای ETHUSDT: {'coin': 'ETHUSDT', 'type': 'BUY', 'price': 10.0, 'timestamp': 100}
2025-04-30 03:56:49,338 [INFO] پیام به تلگرام ارسال شد: سیگنال برای ETHUSDT
نوع: BUY
قیمت: 10.0
زمان: 100
2025-04-30 03:56:49,339 [INFO] سیگنال برای ETHUSDT ارسال شد: BUY
2025-04-30 03:56:49,342 [INFO] پردازش BNBUSDT
2025-04-30 03:56:49,786 [INFO] دریافت داده‌های تستی برای BNBUSDT
2025-04-30 03:56:49,787 [INFO] داده‌های OHLC برای BNBUSDT دریافت شد: {'timestamp': 100, 'open': 10.0, 'high': 11.0, 'low': 9.0, 'close': 10.0, 'volume': 37.0}
2025-04-30 03:56:49,789 [INFO] تولید سیگنال برای BNBUSDT با داده‌های تستی
2025-04-30 03:56:49,790 [INFO] مقدار close برای BNBUSDT: 10.0
2025-04-30 03:56:49,790 [INFO] سیگنال تولید شد برای BNBUSDT: {'coin': 'BNBUSDT', 'type': 'BUY', 'price': 10.0, 'timestamp': 100}
2025-04-30 03:56:49,790 [INFO] ارسال سیگنال برای BNBUSDT: {'coin': 'BNBUSDT', 'type': 'BUY', 'price': 10.0, 'timestamp': 100}
2025-04-30 03:56:49,973 [INFO] پیام به تلگرام ارسال شد: سیگنال برای BNBUSDT
نوع: BUY
قیمت: 10.0
زمان: 100
2025-04-30 03:56:49,974 [INFO] سیگنال برای BNBUSDT ارسال شد: BUY
2025-04-30 03:56:49,977 [INFO] پردازش XRPUSDT
2025-04-30 03:56:50,412 [INFO] دریافت داده‌های تستی برای XRPUSDT
2025-04-30 03:56:50,414 [INFO] داده‌های OHLC برای XRPUSDT دریافت شد: {'timestamp': 100, 'open': 10.0, 'high': 11.0, 'low': 9.0, 'close': 10.0, 'volume': 37.0}
2025-04-30 03:56:50,416 [INFO] تولید سیگنال برای XRPUSDT با داده‌های تستی
2025-04-30 03:56:50,417 [INFO] مقدار close برای XRPUSDT: 10.0
2025-04-30 03:56:50,420 [INFO] سیگنال تولید شد برای XRPUSDT: {'coin': 'XRPUSDT', 'type': 'BUY', 'price': 10.0, 'timestamp': 100}
2025-04-30 03:56:50,422 [INFO] ارسال سیگنال برای XRPUSDT: {'coin': 'XRPUSDT', 'type': 'BUY', 'price': 10.0, 'timestamp': 100}
2025-04-30 03:56:50,595 [INFO] پیام به تلگرام ارسال شد: سیگنال برای XRPUSDT
نوع: BUY
قیمت: 10.0
زمان: 100
2025-04-30 03:56:50,596 [INFO] سیگنال برای XRPUSDT ارسال شد: BUY
2025-04-30 03:56:50,597 [INFO] پردازش ADAUSDT
2025-04-30 03:56:51,044 [INFO] دریافت داده‌های تستی برای ADAUSDT
2025-04-30 03:56:51,046 [INFO] داده‌های OHLC برای ADAUSDT دریافت شد: {'timestamp': 100, 'open': 10.0, 'high': 11.0, 'low': 9.0, 'close': 10.0, 'volume': 37.0}
2025-04-30 03:56:51,047 [INFO] تولید سیگنال برای ADAUSDT با داده‌های تستی
2025-04-30 03:56:51,048 [INFO] مقدار close برای ADAUSDT: 10.0
2025-04-30 03:56:51,050 [INFO] سیگنال تولید شد برای ADAUSDT: {'coin': 'ADAUSDT', 'type': 'BUY', 'price': 10.0, 'timestamp': 100}
2025-04-30 03:56:51,051 [INFO] ارسال سیگنال برای ADAUSDT: {'coin': 'ADAUSDT', 'type': 'BUY', 'price': 10.0, 'timestamp': 100}
2025-04-30 03:56:51,234 [INFO] پیام به تلگرام ارسال شد: سیگنال برای ADAUSDT
نوع: BUY
قیمت: 10.0
زمان: 100
2025-04-30 03:56:51,235 [INFO] سیگنال برای ADAUSDT ارسال شد: BUY
2025-04-30 03:56:51,237 [INFO] پردازش SOLUSDT
2025-04-30 03:56:51,701 [INFO] دریافت داده‌های تستی برای SOLUSDT
2025-04-30 03:56:51,702 [INFO] داده‌های OHLC برای SOLUSDT دریافت شد: {'timestamp': 100, 'open': 10.0, 'high': 11.0, 'low': 9.0, 'close': 10.0, 'volume': 37.0}
2025-04-30 03:56:51,705 [INFO] تولید سیگنال برای SOLUSDT با داده‌های تستی
2025-04-30 03:56:51,705 [INFO] مقدار close برای SOLUSDT: 10.0
2025-04-30 03:56:51,707 [INFO] سیگنال تولید شد برای SOLUSDT: {'coin': 'SOLUSDT', 'type': 'BUY', 'price': 10.0, 'timestamp': 100}
2025-04-30 03:56:51,708 [INFO] ارسال سیگنال برای SOLUSDT: {'coin': 'SOLUSDT', 'type': 'BUY', 'price': 10.0, 'timestamp': 100}
2025-04-30 03:56:51,878 [INFO] پیام به تلگرام ارسال شد: سیگنال برای SOLUSDT
نوع: BUY
قیمت: 10.0
زمان: 100
2025-04-30 03:56:51,879 [INFO] سیگنال برای SOLUSDT ارسال شد: BUY
2025-04-30 03:56:51,882 [INFO] پردازش DOTUSDT
2025-04-30 03:56:52,341 [INFO] دریافت داده‌های تستی برای DOTUSDT
2025-04-30 03:56:52,343 [INFO] داده‌های OHLC برای DOTUSDT دریافت شد: {'timestamp': 100, 'open': 10.0, 'high': 11.0, 'low': 9.0, 'close': 10.0, 'volume': 37.0}
2025-04-30 03:56:52,344 [INFO] تولید سیگنال برای DOTUSDT با داده‌های تستی
2025-04-30 03:56:52,346 [INFO] مقدار close برای DOTUSDT: 10.0
2025-04-30 03:56:52,347 [INFO] سیگنال تولید شد برای DOTUSDT: {'coin': 'DOTUSDT', 'type': 'BUY', 'price': 10.0, 'timestamp': 100}
2025-04-30 03:56:52,347 [INFO] ارسال سیگنال برای DOTUSDT: {'coin': 'DOTUSDT', 'type': 'BUY', 'price': 10.0, 'timestamp': 100}
2025-04-30 03:56:52,514 [INFO] پیام به تلگرام ارسال شد: سیگنال برای DOTUSDT
نوع: BUY
قیمت: 10.0
زمان: 100
2025-04-30 03:56:52,515 [INFO] سیگنال برای DOTUSDT ارسال شد: BUY
2025-04-30 03:56:52,518 [INFO] پردازش DOGEUSDT
2025-04-30 03:56:52,956 [INFO] دریافت داده‌های تستی برای DOGEUSDT
2025-04-30 03:56:52,959 [INFO] داده‌های OHLC برای DOGEUSDT دریافت شد: {'timestamp': 100, 'open': 10.0, 'high': 11.0, 'low': 9.0, 'close': 10.0, 'volume': 37.0}
2025-04-30 03:56:52,960 [INFO] تولید سیگنال برای DOGEUSDT با داده‌های تستی
2025-04-30 03:56:52,960 [INFO] مقدار close برای DOGEUSDT: 10.0
2025-04-30 03:56:52,963 [INFO] سیگنال تولید شد برای DOGEUSDT: {'coin': 'DOGEUSDT', 'type': 'BUY', 'price': 10.0, 'timestamp': 100}
2025-04-30 03:56:52,963 [INFO] ارسال سیگنال برای DOGEUSDT: {'coin': 'DOGEUSDT', 'type': 'BUY', 'price': 10.0, 'timestamp': 100}
2025-04-30 03:56:53,130 [INFO] پیام به تلگرام ارسال شد: سیگنال برای DOGEUSDT
نوع: BUY
قیمت: 10.0
زمان: 100
2025-04-30 03:56:53,131 [INFO] سیگنال برای DOGEUSDT ارسال شد: BUY
2025-04-30 03:56:53,134 [INFO] پردازش AVAXUSDT
2025-04-30 03:56:53,579 [INFO] دریافت داده‌های تستی برای AVAXUSDT
2025-04-30 03:56:53,581 [INFO] داده‌های OHLC برای AVAXUSDT دریافت شد: {'timestamp': 100, 'open': 10.0, 'high': 11.0, 'low': 9.0, 'close': 10.0, 'volume': 37.0}
2025-04-30 03:56:53,583 [INFO] تولید سیگنال برای AVAXUSDT با داده‌های تستی
2025-04-30 03:56:53,584 [INFO] مقدار close برای AVAXUSDT: 10.0
2025-04-30 03:56:53,585 [INFO] سیگنال تولید شد برای AVAXUSDT: {'coin': 'AVAXUSDT', 'type': 'BUY', 'price': 10.0, 'timestamp': 100}
2025-04-30 03:56:53,587 [INFO] ارسال سیگنال برای AVAXUSDT: {'coin': 'AVAXUSDT', 'type': 'BUY', 'price': 10.0, 'timestamp': 100}
2025-04-30 03:56:53,761 [INFO] پیام به تلگرام ارسال شد: سیگنال برای AVAXUSDT
نوع: BUY
قیمت: 10.0
زمان: 100
2025-04-30 03:56:53,762 [INFO] سیگنال برای AVAXUSDT ارسال شد: BUY
2025-04-30 03:56:53,765 [INFO] پردازش MATICUSDT
2025-04-30 03:56:54,223 [INFO] دریافت داده‌های تستی برای MATICUSDT
2025-04-30 03:56:54,224 [INFO] داده‌های OHLC برای MATICUSDT دریافت شد: {'timestamp': 100, 'open': 10.0, 'high': 11.0, 'low': 9.0, 'close': 10.0, 'volume': 37.0}
2025-04-30 03:56:54,226 [INFO] تولید سیگنال برای MATICUSDT با داده‌های تستی
2025-04-30 03:56:54,227 [INFO] مقدار close برای MATICUSDT: 10.0
2025-04-30 03:56:54,229 [INFO] سیگنال تولید شد برای MATICUSDT: {'coin': 'MATICUSDT', 'type': 'BUY', 'price': 10.0, 'timestamp': 100}
2025-04-30 03:56:54,229 [INFO] ارسال سیگنال برای MATICUSDT: {'coin': 'MATICUSDT', 'type': 'BUY', 'price': 10.0, 'timestamp': 100}
2025-04-30 03:56:54,398 [INFO] پیام به تلگرام ارسال شد: سیگنال برای MATICUSDT
نوع: BUY
قیمت: 10.0
زمان: 100
2025-04-30 03:56:54,399 [INFO] سیگنال برای MATICUSDT ارسال شد: BUY
2025-04-30 03:56:54,402 [INFO] انتظار برای چرخه بعدی (15 دقیقه)
2025-04-30 04:04:28,512 [INFO] پردازش BTCUSDT
2025-04-30 04:04:29,010 [INFO] دریافت داده‌های تستی برای BTCUSDT
2025-04-30 04:04:29,011 [INFO] داده‌های OHLC برای BTCUSDT دریافت شد: {'timestamp': 100, 'open': 10.0, 'high': 11.0, 'low': 9.0, 'close': 10.0, 'volume': 37.0}
2025-04-30 04:04:29,012 [INFO] تولید سیگنال برای BTCUSDT با داده‌های تستی
2025-04-30 04:04:29,013 [INFO] مقدار close برای BTCUSDT: 10.0
2025-04-30 04:04:29,014 [INFO] سیگنال تولید شد برای BTCUSDT: {'coin': 'BTCUSDT', 'type': 'BUY', 'price': 10.0, 'timestamp': 100}
2025-04-30 04:04:29,014 [INFO] ارسال سیگنال برای BTCUSDT: {'coin': 'BTCUSDT', 'type': 'BUY', 'price': 10.0, 'timestamp': 100}
2025-04-30 04:04:29,493 [INFO] پیام به تلگرام ارسال شد: سیگنال برای BTCUSDT
نوع: BUY
قیمت: 10.0
زمان: 100
2025-04-30 04:04:29,493 [INFO] سیگنال برای BTCUSDT ارسال شد: BUY
2025-04-30 04:04:29,494 [INFO] پردازش ETHUSDT
2025-04-30 04:04:29,941 [INFO] دریافت داده‌های تستی برای ETHUSDT
2025-04-30 04:04:29,942 [INFO] داده‌های OHLC برای ETHUSDT دریافت شد: {'timestamp': 100, 'open': 10.0, 'high': 11.0, 'low': 9.0, 'close': 10.0, 'volume': 37.0}
2025-04-30 04:04:29,943 [INFO] تولید سیگنال برای ETHUSDT با داده‌های تستی
2025-04-30 04:04:29,944 [INFO] مقدار close برای ETHUSDT: 10.0
2025-04-30 04:04:29,945 [INFO] سیگنال تولید شد برای ETHUSDT: {'coin': 'ETHUSDT', 'type': 'BUY', 'price': 10.0, 'timestamp': 100}
2025-04-30 04:04:29,946 [INFO] ارسال سیگنال برای ETHUSDT: {'coin': 'ETHUSDT', 'type': 'BUY', 'price': 10.0, 'timestamp': 100}
2025-04-30 04:04:30,112 [INFO] پیام به تلگرام ارسال شد: سیگنال برای ETHUSDT
نوع: BUY
قیمت: 10.0
زمان: 100
2025-04-30 04:04:30,112 [INFO] سیگنال برای ETHUSDT ارسال شد: BUY
2025-04-30 04:04:30,114 [INFO] پردازش BNBUSDT
2025-04-30 04:04:30,559 [INFO] دریافت داده‌های تستی برای BNBUSDT
2025-04-30 04:04:30,560 [INFO] داده‌های OHLC برای BNBUSDT دریافت شد: {'timestamp': 100, 'open': 10.0, 'high': 11.0, 'low': 9.0, 'close': 10.0, 'volume': 37.0}
2025-04-30 04:04:30,561 [INFO] تولید سیگنال برای BNBUSDT با داده‌های تستی
2025-04-30 04:04:30,563 [INFO] مقدار close برای BNBUSDT: 10.0
2025-04-30 04:04:30,564 [INFO] سیگنال تولید شد برای BNBUSDT: {'coin': 'BNBUSDT', 'type': 'BUY', 'price': 10.0, 'timestamp': 100}
2025-04-30 04:04:30,564 [INFO] ارسال سیگنال برای BNBUSDT: {'coin': 'BNBUSDT', 'type': 'BUY', 'price': 10.0, 'timestamp': 100}
2025-04-30 04:04:30,734 [INFO] پیام به تلگرام ارسال شد: سیگنال برای BNBUSDT
نوع: BUY
قیمت: 10.0
زمان: 100
2025-04-30 04:04:30,735 [INFO] سیگنال برای BNBUSDT ارسال شد: BUY
2025-04-30 04:04:30,736 [INFO] پردازش XRPUSDT
2025-04-30 04:04:31,183 [INFO] دریافت داده‌های تستی برای XRPUSDT
2025-04-30 04:04:31,184 [INFO] داده‌های OHLC برای XRPUSDT دریافت شد: {'timestamp': 100, 'open': 10.0, 'high': 11.0, 'low': 9.0, 'close': 10.0, 'volume': 37.0}
2025-04-30 04:04:31,185 [INFO] تولید سیگنال برای XRPUSDT با داده‌های تستی
2025-04-30 04:04:31,187 [INFO] مقدار close برای XRPUSDT: 10.0
2025-04-30 04:04:31,188 [INFO] سیگنال تولید شد برای XRPUSDT: {'coin': 'XRPUSDT', 'type': 'BUY', 'price': 10.0, 'timestamp': 100}
2025-04-30 04:04:31,188 [INFO] ارسال سیگنال برای XRPUSDT: {'coin': 'XRPUSDT', 'type': 'BUY', 'price': 10.0, 'timestamp': 100}
2025-04-30 04:04:31,353 [INFO] پیام به تلگرام ارسال شد: سیگنال برای XRPUSDT
نوع: BUY
قیمت: 10.0
زمان: 100
2025-04-30 04:04:31,354 [INFO] سیگنال برای XRPUSDT ارسال شد: BUY
2025-04-30 04:04:31,355 [INFO] پردازش ADAUSDT
2025-04-30 04:04:31,814 [INFO] دریافت داده‌های تستی برای ADAUSDT
2025-04-30 04:04:31,815 [INFO] داده‌های OHLC برای ADAUSDT دریافت شد: {'timestamp': 100, 'open': 10.0, 'high': 11.0, 'low': 9.0, 'close': 10.0, 'volume': 37.0}
2025-04-30 04:04:31,816 [INFO] تولید سیگنال برای ADAUSDT با داده‌های تستی
2025-04-30 04:04:31,817 [INFO] مقدار close برای ADAUSDT: 10.0
2025-04-30 04:04:31,819 [INFO] سیگنال تولید شد برای ADAUSDT: {'coin': 'ADAUSDT', 'type': 'BUY', 'price': 10.0, 'timestamp': 100}
2025-04-30 04:04:31,819 [INFO] ارسال سیگنال برای ADAUSDT: {'coin': 'ADAUSDT', 'type': 'BUY', 'price': 10.0, 'timestamp': 100}
2025-04-30 04:04:31,989 [INFO] پیام به تلگرام ارسال شد: سیگنال برای ADAUSDT
نوع: BUY
قیمت: 10.0
زمان: 100
2025-04-30 04:04:31,990 [INFO] سیگنال برای ADAUSDT ارسال شد: BUY
2025-04-30 04:04:31,992 [INFO] پردازش SOLUSDT
2025-04-30 04:04:32,441 [INFO] دریافت داده‌های تستی برای SOLUSDT
2025-04-30 04:04:32,442 [INFO] داده‌های OHLC برای SOLUSDT دریافت شد: {'timestamp': 100, 'open': 10.0, 'high': 11.0, 'low': 9.0, 'close': 10.0, 'volume': 37.0}
2025-04-30 04:04:32,443 [INFO] تولید سیگنال برای SOLUSDT با داده‌های تستی
2025-04-30 04:04:32,445 [INFO] مقدار close برای SOLUSDT: 10.0
2025-04-30 04:04:32,446 [INFO] سیگنال تولید شد برای SOLUSDT: {'coin': 'SOLUSDT', 'type': 'BUY', 'price': 10.0, 'timestamp': 100}
2025-04-30 04:04:32,446 [INFO] ارسال سیگنال برای SOLUSDT: {'coin': 'SOLUSDT', 'type': 'BUY', 'price': 10.0, 'timestamp': 100}
2025-04-30 04:04:32,618 [INFO] پیام به تلگرام ارسال شد: سیگنال برای SOLUSDT
نوع: BUY
قیمت: 10.0
زمان: 100
2025-04-30 04:04:32,619 [INFO] سیگنال برای SOLUSDT ارسال شد: BUY
2025-04-30 04:04:32,620 [INFO] پردازش DOTUSDT
2025-04-30 04:04:33,052 [INFO] دریافت داده‌های تستی برای DOTUSDT
2025-04-30 04:04:33,053 [INFO] داده‌های OHLC برای DOTUSDT دریافت شد: {'timestamp': 100, 'open': 10.0, 'high': 11.0, 'low': 9.0, 'close': 10.0, 'volume': 37.0}
2025-04-30 04:04:33,054 [INFO] تولید سیگنال برای DOTUSDT با داده‌های تستی
2025-04-30 04:04:33,056 [INFO] مقدار close برای DOTUSDT: 10.0
2025-04-30 04:04:33,056 [INFO] سیگنال تولید شد برای DOTUSDT: {'coin': 'DOTUSDT', 'type': 'BUY', 'price': 10.0, 'timestamp': 100}
2025-04-30 04:04:33,057 [INFO] ارسال سیگنال برای DOTUSDT: {'coin': 'DOTUSDT', 'type': 'BUY', 'price': 10.0, 'timestamp': 100}
2025-04-30 04:04:33,223 [INFO] پیام به تلگرام ارسال شد: سیگنال برای DOTUSDT
نوع: BUY
قیمت: 10.0
زمان: 100
2025-04-30 04:04:33,223 [INFO] سیگنال برای DOTUSDT ارسال شد: BUY
2025-04-30 04:04:33,224 [INFO] پردازش DOGEUSDT
2025-04-30 04:04:33,684 [INFO] دریافت داده‌های تستی برای DOGEUSDT
2025-04-30 04:04:33,685 [INFO] داده‌های OHLC برای DOGEUSDT دریافت شد: {'timestamp': 100, 'open': 10.0, 'high': 11.0, 'low': 9.0, 'close': 10.0, 'volume': 37.0}
2025-04-30 04:04:33,686 [INFO] تولید سیگنال برای DOGEUSDT با داده‌های تستی
2025-04-30 04:04:33,686 [INFO] مقدار close برای DOGEUSDT: 10.0
2025-04-30 04:04:33,688 [INFO] سیگنال تولید شد برای DOGEUSDT: {'coin': 'DOGEUSDT', 'type': 'BUY', 'price': 10.0, 'timestamp': 100}
2025-04-30 04:04:33,689 [INFO] ارسال سیگنال برای DOGEUSDT: {'coin': 'DOGEUSDT', 'type': 'BUY', 'price': 10.0, 'timestamp': 100}
2025-04-30 04:04:33,894 [INFO] پیام به تلگرام ارسال شد: سیگنال برای DOGEUSDT
نوع: BUY
قیمت: 10.0
زمان: 100
2025-04-30 04:04:33,894 [INFO] سیگنال برای DOGEUSDT ارسال شد: BUY
2025-04-30 04:04:33,896 [INFO] پردازش AVAXUSDT
2025-04-30 04:04:34,377 [INFO] دریافت داده‌های تستی برای AVAXUSDT
2025-04-30 04:04:34,378 [INFO] داده‌های OHLC برای AVAXUSDT دریافت شد: {'timestamp': 100, 'open': 10.0, 'high': 11.0, 'low': 9.0, 'close': 10.0, 'volume': 37.0}
2025-04-30 04:04:34,379 [INFO] تولید سیگنال برای AVAXUSDT با داده‌های تستی
2025-04-30 04:04:34,381 [INFO] مقدار close برای AVAXUSDT: 10.0
2025-04-30 04:04:34,382 [INFO] سیگنال تولید شد برای AVAXUSDT: {'coin': 'AVAXUSDT', 'type': 'BUY', 'price': 10.0, 'timestamp': 100}
2025-04-30 04:04:34,382 [INFO] ارسال سیگنال برای AVAXUSDT: {'coin': 'AVAXUSDT', 'type': 'BUY', 'price': 10.0, 'timestamp': 100}
2025-04-30 04:04:34,553 [INFO] پیام به تلگرام ارسال شد: سیگنال برای AVAXUSDT
نوع: BUY
قیمت: 10.0
زمان: 100
2025-04-30 04:04:34,554 [INFO] سیگنال برای AVAXUSDT ارسال شد: BUY
2025-04-30 04:04:34,556 [INFO] پردازش MATICUSDT
2025-04-30 04:04:35,036 [INFO] دریافت داده‌های تستی برای MATICUSDT
2025-04-30 04:04:35,036 [INFO] داده‌های OHLC برای MATICUSDT دریافت شد: {'timestamp': 100, 'open': 10.0, 'high': 11.0, 'low': 9.0, 'close': 10.0, 'volume': 37.0}
2025-04-30 04:04:35,037 [INFO] تولید سیگنال برای MATICUSDT با داده‌های تستی
2025-04-30 04:04:35,040 [INFO] مقدار close برای MATICUSDT: 10.0
2025-04-30 04:04:35,040 [INFO] سیگنال تولید شد برای MATICUSDT: {'coin': 'MATICUSDT', 'type': 'BUY', 'price': 10.0, 'timestamp': 100}
2025-04-30 04:04:35,041 [INFO] ارسال سیگنال برای MATICUSDT: {'coin': 'MATICUSDT', 'type': 'BUY', 'price': 10.0, 'timestamp': 100}
2025-04-30 04:04:35,210 [INFO] پیام به تلگرام ارسال شد: سیگنال برای MATICUSDT
نوع: BUY
قیمت: 10.0
زمان: 100
2025-04-30 04:04:35,211 [INFO] سیگنال برای MATICUSDT ارسال شد: BUY
2025-04-30 04:04:35,212 [INFO] انتظار برای چرخه بعدی (15 دقیقه)
2025-04-30 04:09:24,631 [INFO] پردازش BTCUSDT
2025-04-30 04:09:25,117 [INFO] دریافت داده‌های تستی برای BTCUSDT
2025-04-30 04:09:25,118 [INFO] داده‌های OHLC برای BTCUSDT دریافت شد: {'timestamp': 100, 'open': 10.0, 'high': 11.0, 'low': 9.0, 'close': 10.0, 'volume': 37.0}
2025-04-30 04:09:25,118 [INFO] تولید سیگنال برای BTCUSDT با داده‌های تستی
2025-04-30 04:09:25,121 [INFO] مقدار close برای BTCUSDT: 10.0
2025-04-30 04:09:25,122 [INFO] سیگنال تولید شد برای BTCUSDT: {'coin': 'BTCUSDT', 'type': 'BUY', 'price': 10.0, 'timestamp': 100}
2025-04-30 04:09:25,122 [INFO] ارسال سیگنال برای BTCUSDT: {'coin': 'BTCUSDT', 'type': 'BUY', 'price': 10.0, 'timestamp': 100}
2025-04-30 04:09:25,601 [INFO] پیام به تلگرام ارسال شد: سیگنال برای BTCUSDT
نوع: BUY
قیمت: 10.0
زمان: 100
2025-04-30 04:09:25,602 [INFO] سیگنال برای BTCUSDT ارسال شد: BUY
2025-04-30 04:09:25,604 [INFO] پردازش ETHUSDT
2025-04-30 04:09:26,058 [INFO] دریافت داده‌های تستی برای ETHUSDT
2025-04-30 04:09:26,059 [INFO] داده‌های OHLC برای ETHUSDT دریافت شد: {'timestamp': 100, 'open': 10.0, 'high': 11.0, 'low': 9.0, 'close': 10.0, 'volume': 37.0}
2025-04-30 04:09:26,060 [INFO] تولید سیگنال برای ETHUSDT با داده‌های تستی
2025-04-30 04:09:26,063 [INFO] مقدار close برای ETHUSDT: 10.0
2025-04-30 04:09:26,063 [INFO] سیگنال تولید شد برای ETHUSDT: {'coin': 'ETHUSDT', 'type': 'BUY', 'price': 10.0, 'timestamp': 100}
2025-04-30 04:09:26,064 [INFO] ارسال سیگنال برای ETHUSDT: {'coin': 'ETHUSDT', 'type': 'BUY', 'price': 10.0, 'timestamp': 100}
2025-04-30 04:09:26,228 [INFO] پیام به تلگرام ارسال شد: سیگنال برای ETHUSDT
نوع: BUY
قیمت: 10.0
زمان: 100
2025-04-30 04:09:26,229 [INFO] سیگنال برای ETHUSDT ارسال شد: BUY
2025-04-30 04:09:26,230 [INFO] پردازش BNBUSDT
2025-04-30 04:09:26,688 [INFO] دریافت داده‌های تستی برای BNBUSDT
2025-04-30 04:09:26,688 [INFO] داده‌های OHLC برای BNBUSDT دریافت شد: {'timestamp': 100, 'open': 10.0, 'high': 11.0, 'low': 9.0, 'close': 10.0, 'volume': 37.0}
2025-04-30 04:09:26,689 [INFO] تولید سیگنال برای BNBUSDT با داده‌های تستی
2025-04-30 04:09:26,692 [INFO] مقدار close برای BNBUSDT: 10.0
2025-04-30 04:09:26,693 [INFO] سیگنال تولید شد برای BNBUSDT: {'coin': 'BNBUSDT', 'type': 'BUY', 'price': 10.0, 'timestamp': 100}
2025-04-30 04:09:26,693 [INFO] ارسال سیگنال برای BNBUSDT: {'coin': 'BNBUSDT', 'type': 'BUY', 'price': 10.0, 'timestamp': 100}
2025-04-30 04:09:26,862 [INFO] پیام به تلگرام ارسال شد: سیگنال برای BNBUSDT
نوع: BUY
قیمت: 10.0
زمان: 100
2025-04-30 04:09:26,862 [INFO] سیگنال برای BNBUSDT ارسال شد: BUY
2025-04-30 04:09:26,863 [INFO] پردازش XRPUSDT
2025-04-30 04:09:27,330 [INFO] دریافت داده‌های تستی برای XRPUSDT
2025-04-30 04:09:27,331 [INFO] داده‌های OHLC برای XRPUSDT دریافت شد: {'timestamp': 100, 'open': 10.0, 'high': 11.0, 'low': 9.0, 'close': 10.0, 'volume': 37.0}
2025-04-30 04:09:27,335 [INFO] تولید سیگنال برای XRPUSDT با داده‌های تستی
2025-04-30 04:09:27,335 [INFO] مقدار close برای XRPUSDT: 10.0
2025-04-30 04:09:27,336 [INFO] سیگنال تولید شد برای XRPUSDT: {'coin': 'XRPUSDT', 'type': 'BUY', 'price': 10.0, 'timestamp': 100}
2025-04-30 04:09:27,336 [INFO] ارسال سیگنال برای XRPUSDT: {'coin': 'XRPUSDT', 'type': 'BUY', 'price': 10.0, 'timestamp': 100}
2025-04-30 04:09:27,528 [INFO] پیام به تلگرام ارسال شد: سیگنال برای XRPUSDT
نوع: BUY
قیمت: 10.0
زمان: 100
2025-04-30 04:09:27,529 [INFO] سیگنال برای XRPUSDT ارسال شد: BUY
2025-04-30 04:09:27,530 [INFO] پردازش ADAUSDT
2025-04-30 04:09:27,987 [INFO] دریافت داده‌های تستی برای ADAUSDT
2025-04-30 04:09:27,987 [INFO] داده‌های OHLC برای ADAUSDT دریافت شد: {'timestamp': 100, 'open': 10.0, 'high': 11.0, 'low': 9.0, 'close': 10.0, 'volume': 37.0}
2025-04-30 04:09:27,988 [INFO] تولید سیگنال برای ADAUSDT با داده‌های تستی
2025-04-30 04:09:27,991 [INFO] مقدار close برای ADAUSDT: 10.0
2025-04-30 04:09:27,992 [INFO] سیگنال تولید شد برای ADAUSDT: {'coin': 'ADAUSDT', 'type': 'BUY', 'price': 10.0, 'timestamp': 100}
2025-04-30 04:09:27,992 [INFO] ارسال سیگنال برای ADAUSDT: {'coin': 'ADAUSDT', 'type': 'BUY', 'price': 10.0, 'timestamp': 100}
2025-04-30 04:09:28,175 [INFO] پیام به تلگرام ارسال شد: سیگنال برای ADAUSDT
نوع: BUY
قیمت: 10.0
زمان: 100
2025-04-30 04:09:28,175 [INFO] سیگنال برای ADAUSDT ارسال شد: BUY
2025-04-30 04:09:28,177 [INFO] پردازش SOLUSDT
2025-04-30 04:09:28,639 [INFO] دریافت داده‌های تستی برای SOLUSDT
2025-04-30 04:09:28,640 [INFO] داده‌های OHLC برای SOLUSDT دریافت شد: {'timestamp': 100, 'open': 10.0, 'high': 11.0, 'low': 9.0, 'close': 10.0, 'volume': 37.0}
2025-04-30 04:09:28,641 [INFO] تولید سیگنال برای SOLUSDT با داده‌های تستی
2025-04-30 04:09:28,643 [INFO] مقدار close برای SOLUSDT: 10.0
2025-04-30 04:09:28,644 [INFO] سیگنال تولید شد برای SOLUSDT: {'coin': 'SOLUSDT', 'type': 'BUY', 'price': 10.0, 'timestamp': 100}
2025-04-30 04:09:28,645 [INFO] ارسال سیگنال برای SOLUSDT: {'coin': 'SOLUSDT', 'type': 'BUY', 'price': 10.0, 'timestamp': 100}
2025-04-30 04:09:28,818 [INFO] پیام به تلگرام ارسال شد: سیگنال برای SOLUSDT
نوع: BUY
قیمت: 10.0
زمان: 100
2025-04-30 04:09:28,819 [INFO] سیگنال برای SOLUSDT ارسال شد: BUY
2025-04-30 04:09:28,820 [INFO] پردازش DOTUSDT
2025-04-30 04:09:29,252 [INFO] دریافت داده‌های تستی برای DOTUSDT
2025-04-30 04:09:29,252 [INFO] داده‌های OHLC برای DOTUSDT دریافت شد: {'timestamp': 100, 'open': 10.0, 'high': 11.0, 'low': 9.0, 'close': 10.0, 'volume': 37.0}
2025-04-30 04:09:29,253 [INFO] تولید سیگنال برای DOTUSDT با داده‌های تستی
2025-04-30 04:09:29,256 [INFO] مقدار close برای DOTUSDT: 10.0
2025-04-30 04:09:29,256 [INFO] سیگنال تولید شد برای DOTUSDT: {'coin': 'DOTUSDT', 'type': 'BUY', 'price': 10.0, 'timestamp': 100}
2025-04-30 04:09:29,257 [INFO] ارسال سیگنال برای DOTUSDT: {'coin': 'DOTUSDT', 'type': 'BUY', 'price': 10.0, 'timestamp': 100}
2025-04-30 04:09:29,426 [INFO] پیام به تلگرام ارسال شد: سیگنال برای DOTUSDT
نوع: BUY
قیمت: 10.0
زمان: 100
2025-04-30 04:09:29,427 [INFO] سیگنال برای DOTUSDT ارسال شد: BUY
2025-04-30 04:09:29,428 [INFO] پردازش DOGEUSDT
2025-04-30 04:09:29,867 [INFO] دریافت داده‌های تستی برای DOGEUSDT
2025-04-30 04:09:29,868 [INFO] داده‌های OHLC برای DOGEUSDT دریافت شد: {'timestamp': 100, 'open': 10.0, 'high': 11.0, 'low': 9.0, 'close': 10.0, 'volume': 37.0}
2025-04-30 04:09:29,869 [INFO] تولید سیگنال برای DOGEUSDT با داده‌های تستی
2025-04-30 04:09:29,872 [INFO] مقدار close برای DOGEUSDT: 10.0
2025-04-30 04:09:29,872 [INFO] سیگنال تولید شد برای DOGEUSDT: {'coin': 'DOGEUSDT', 'type': 'BUY', 'price': 10.0, 'timestamp': 100}
2025-04-30 04:09:29,873 [INFO] ارسال سیگنال برای DOGEUSDT: {'coin': 'DOGEUSDT', 'type': 'BUY', 'price': 10.0, 'timestamp': 100}
2025-04-30 04:09:30,041 [INFO] پیام به تلگرام ارسال شد: سیگنال برای DOGEUSDT
نوع: BUY
قیمت: 10.0
زمان: 100
2025-04-30 04:09:30,041 [INFO] سیگنال برای DOGEUSDT ارسال شد: BUY
2025-04-30 04:09:30,042 [INFO] پردازش AVAXUSDT
2025-04-30 04:09:30,495 [INFO] دریافت داده‌های تستی برای AVAXUSDT
2025-04-30 04:09:30,496 [INFO] داده‌های OHLC برای AVAXUSDT دریافت شد: {'timestamp': 100, 'open': 10.0, 'high': 11.0, 'low': 9.0, 'close': 10.0, 'volume': 37.0}
2025-04-30 04:09:30,497 [INFO] تولید سیگنال برای AVAXUSDT با داده‌های تستی
2025-04-30 04:09:30,500 [INFO] مقدار close برای AVAXUSDT: 10.0
2025-04-30 04:09:30,500 [INFO] سیگنال تولید شد برای AVAXUSDT: {'coin': 'AVAXUSDT', 'type': 'BUY', 'price': 10.0, 'timestamp': 100}
2025-04-30 04:09:30,501 [INFO] ارسال سیگنال برای AVAXUSDT: {'coin': 'AVAXUSDT', 'type': 'BUY', 'price': 10.0, 'timestamp': 100}
2025-04-30 04:09:30,668 [INFO] پیام به تلگرام ارسال شد: سیگنال برای AVAXUSDT
نوع: BUY
قیمت: 10.0
زمان: 100
2025-04-30 04:09:30,668 [INFO] سیگنال برای AVAXUSDT ارسال شد: BUY
2025-04-30 04:09:30,669 [INFO] پردازش MATICUSDT
2025-04-30 04:09:31,114 [INFO] دریافت داده‌های تستی برای MATICUSDT
2025-04-30 04:09:31,114 [INFO] داده‌های OHLC برای MATICUSDT دریافت شد: {'timestamp': 100, 'open': 10.0, 'high': 11.0, 'low': 9.0, 'close': 10.0, 'volume': 37.0}
2025-04-30 04:09:31,115 [INFO] تولید سیگنال برای MATICUSDT با داده‌های تستی
2025-04-30 04:09:31,118 [INFO] مقدار close برای MATICUSDT: 10.0
2025-04-30 04:09:31,119 [INFO] سیگنال تولید شد برای MATICUSDT: {'coin': 'MATICUSDT', 'type': 'BUY', 'price': 10.0, 'timestamp': 100}
2025-04-30 04:09:31,119 [INFO] ارسال سیگنال برای MATICUSDT: {'coin': 'MATICUSDT', 'type': 'BUY', 'price': 10.0, 'timestamp': 100}
2025-04-30 04:09:31,288 [INFO] پیام به تلگرام ارسال شد: سیگنال برای MATICUSDT
نوع: BUY
قیمت: 10.0
زمان: 100
2025-04-30 04:09:31,289 [INFO] سیگنال برای MATICUSDT ارسال شد: BUY
2025-04-30 04:09:31,290 [INFO] انتظار برای چرخه بعدی (15 دقیقه)
2025-04-30 04:11:54,404 [INFO] پردازش BTCUSDT
2025-04-30 04:11:54,859 [INFO] دریافت داده‌های تستی برای BTCUSDT
2025-04-30 04:11:54,859 [INFO] داده‌های OHLC برای BTCUSDT دریافت شد: {'timestamp': 100, 'open': 10.0, 'high': 11.0, 'low': 9.0, 'close': 10.0, 'volume': 37.0}
2025-04-30 04:11:54,860 [INFO] تولید سیگنال برای BTCUSDT با داده‌های تستی
2025-04-30 04:11:54,862 [INFO] مقدار close برای BTCUSDT: 10.0
2025-04-30 04:11:54,863 [INFO] سیگنال تولید شد برای BTCUSDT: {'coin': 'BTCUSDT', 'type': 'BUY', 'price': 10.0, 'timestamp': 100}
2025-04-30 04:11:54,863 [INFO] ارسال سیگنال برای BTCUSDT: {'coin': 'BTCUSDT', 'type': 'BUY', 'price': 10.0, 'timestamp': 100}
2025-04-30 04:11:55,342 [INFO] پیام به تلگرام ارسال شد: سیگنال برای BTCUSDT
نوع: BUY
قیمت: 10.0
زمان: 100
2025-04-30 04:11:55,343 [INFO] سیگنال برای BTCUSDT ارسال شد: BUY
2025-04-30 04:11:55,344 [INFO] پردازش ETHUSDT
2025-04-30 04:11:55,793 [INFO] دریافت داده‌های تستی برای ETHUSDT
2025-04-30 04:11:55,794 [INFO] داده‌های OHLC برای ETHUSDT دریافت شد: {'timestamp': 100, 'open': 10.0, 'high': 11.0, 'low': 9.0, 'close': 10.0, 'volume': 37.0}
2025-04-30 04:11:55,795 [INFO] تولید سیگنال برای ETHUSDT با داده‌های تستی
2025-04-30 04:11:55,797 [INFO] مقدار close برای ETHUSDT: 10.0
2025-04-30 04:11:55,798 [INFO] سیگنال تولید شد برای ETHUSDT: {'coin': 'ETHUSDT', 'type': 'BUY', 'price': 10.0, 'timestamp': 100}
2025-04-30 04:11:55,798 [INFO] ارسال سیگنال برای ETHUSDT: {'coin': 'ETHUSDT', 'type': 'BUY', 'price': 10.0, 'timestamp': 100}
2025-04-30 04:11:55,978 [INFO] پیام به تلگرام ارسال شد: سیگنال برای ETHUSDT
نوع: BUY
قیمت: 10.0
زمان: 100
2025-04-30 04:11:55,979 [INFO] سیگنال برای ETHUSDT ارسال شد: BUY
2025-04-30 04:11:55,980 [INFO] پردازش BNBUSDT
2025-04-30 04:11:56,449 [INFO] دریافت داده‌های تستی برای BNBUSDT
2025-04-30 04:11:56,451 [INFO] داده‌های OHLC برای BNBUSDT دریافت شد: {'timestamp': 100, 'open': 10.0, 'high': 11.0, 'low': 9.0, 'close': 10.0, 'volume': 37.0}
2025-04-30 04:11:56,453 [INFO] تولید سیگنال برای BNBUSDT با داده‌های تستی
2025-04-30 04:11:56,454 [INFO] مقدار close برای BNBUSDT: 10.0
2025-04-30 04:11:56,456 [INFO] سیگنال تولید شد برای BNBUSDT: {'coin': 'BNBUSDT', 'type': 'BUY', 'price': 10.0, 'timestamp': 100}
2025-04-30 04:11:56,457 [INFO] ارسال سیگنال برای BNBUSDT: {'coin': 'BNBUSDT', 'type': 'BUY', 'price': 10.0, 'timestamp': 100}
2025-04-30 04:11:56,628 [INFO] پیام به تلگرام ارسال شد: سیگنال برای BNBUSDT
نوع: BUY
قیمت: 10.0
زمان: 100
2025-04-30 04:11:56,628 [INFO] سیگنال برای BNBUSDT ارسال شد: BUY
2025-04-30 04:11:56,632 [INFO] پردازش XRPUSDT
2025-04-30 04:11:57,081 [INFO] دریافت داده‌های تستی برای XRPUSDT
2025-04-30 04:11:57,082 [INFO] داده‌های OHLC برای XRPUSDT دریافت شد: {'timestamp': 100, 'open': 10.0, 'high': 11.0, 'low': 9.0, 'close': 10.0, 'volume': 37.0}
2025-04-30 04:11:57,084 [INFO] تولید سیگنال برای XRPUSDT با داده‌های تستی
2025-04-30 04:11:57,085 [INFO] مقدار close برای XRPUSDT: 10.0
2025-04-30 04:11:57,085 [INFO] سیگنال تولید شد برای XRPUSDT: {'coin': 'XRPUSDT', 'type': 'BUY', 'price': 10.0, 'timestamp': 100}
2025-04-30 04:11:57,086 [INFO] ارسال سیگنال برای XRPUSDT: {'coin': 'XRPUSDT', 'type': 'BUY', 'price': 10.0, 'timestamp': 100}
2025-04-30 04:11:57,252 [INFO] پیام به تلگرام ارسال شد: سیگنال برای XRPUSDT
نوع: BUY
قیمت: 10.0
زمان: 100
2025-04-30 04:11:57,252 [INFO] سیگنال برای XRPUSDT ارسال شد: BUY
2025-04-30 04:11:57,256 [INFO] پردازش ADAUSDT
2025-04-30 04:11:57,693 [INFO] دریافت داده‌های تستی برای ADAUSDT
2025-04-30 04:11:57,695 [INFO] داده‌های OHLC برای ADAUSDT دریافت شد: {'timestamp': 100, 'open': 10.0, 'high': 11.0, 'low': 9.0, 'close': 10.0, 'volume': 37.0}
2025-04-30 04:11:57,696 [INFO] تولید سیگنال برای ADAUSDT با داده‌های تستی
2025-04-30 04:11:57,697 [INFO] مقدار close برای ADAUSDT: 10.0
2025-04-30 04:11:57,701 [INFO] سیگنال تولید شد برای ADAUSDT: {'coin': 'ADAUSDT', 'type': 'BUY', 'price': 10.0, 'timestamp': 100}
2025-04-30 04:11:57,702 [INFO] ارسال سیگنال برای ADAUSDT: {'coin': 'ADAUSDT', 'type': 'BUY', 'price': 10.0, 'timestamp': 100}
2025-04-30 04:11:57,876 [INFO] پیام به تلگرام ارسال شد: سیگنال برای ADAUSDT
نوع: BUY
قیمت: 10.0
زمان: 100
2025-04-30 04:11:57,877 [INFO] سیگنال برای ADAUSDT ارسال شد: BUY
2025-04-30 04:11:57,880 [INFO] پردازش SOLUSDT
2025-04-30 04:11:58,331 [INFO] دریافت داده‌های تستی برای SOLUSDT
2025-04-30 04:11:58,332 [INFO] داده‌های OHLC برای SOLUSDT دریافت شد: {'timestamp': 100, 'open': 10.0, 'high': 11.0, 'low': 9.0, 'close': 10.0, 'volume': 37.0}
2025-04-30 04:11:58,333 [INFO] تولید سیگنال برای SOLUSDT با داده‌های تستی
2025-04-30 04:11:58,336 [INFO] مقدار close برای SOLUSDT: 10.0
2025-04-30 04:11:58,336 [INFO] سیگنال تولید شد برای SOLUSDT: {'coin': 'SOLUSDT', 'type': 'BUY', 'price': 10.0, 'timestamp': 100}
2025-04-30 04:11:58,337 [INFO] ارسال سیگنال برای SOLUSDT: {'coin': 'SOLUSDT', 'type': 'BUY', 'price': 10.0, 'timestamp': 100}
2025-04-30 04:11:58,510 [INFO] پیام به تلگرام ارسال شد: سیگنال برای SOLUSDT
نوع: BUY
قیمت: 10.0
زمان: 100
2025-04-30 04:11:58,512 [INFO] سیگنال برای SOLUSDT ارسال شد: BUY
2025-04-30 04:11:58,515 [INFO] پردازش DOTUSDT
2025-04-30 04:11:58,971 [INFO] دریافت داده‌های تستی برای DOTUSDT
2025-04-30 04:11:58,972 [INFO] داده‌های OHLC برای DOTUSDT دریافت شد: {'timestamp': 100, 'open': 10.0, 'high': 11.0, 'low': 9.0, 'close': 10.0, 'volume': 37.0}
2025-04-30 04:11:58,974 [INFO] تولید سیگنال برای DOTUSDT با داده‌های تستی
2025-04-30 04:11:58,975 [INFO] مقدار close برای DOTUSDT: 10.0
2025-04-30 04:11:58,977 [INFO] سیگنال تولید شد برای DOTUSDT: {'coin': 'DOTUSDT', 'type': 'BUY', 'price': 10.0, 'timestamp': 100}
2025-04-30 04:11:58,978 [INFO] ارسال سیگنال برای DOTUSDT: {'coin': 'DOTUSDT', 'type': 'BUY', 'price': 10.0, 'timestamp': 100}
2025-04-30 04:11:59,153 [INFO] پیام به تلگرام ارسال شد: سیگنال برای DOTUSDT
نوع: BUY
قیمت: 10.0
زمان: 100
2025-04-30 04:11:59,153 [INFO] سیگنال برای DOTUSDT ارسال شد: BUY
2025-04-30 04:11:59,154 [INFO] پردازش DOGEUSDT
2025-04-30 04:11:59,639 [INFO] دریافت داده‌های تستی برای DOGEUSDT
2025-04-30 04:11:59,640 [INFO] داده‌های OHLC برای DOGEUSDT دریافت شد: {'timestamp': 100, 'open': 10.0, 'high': 11.0, 'low': 9.0, 'close': 10.0, 'volume': 37.0}
2025-04-30 04:11:59,640 [INFO] تولید سیگنال برای DOGEUSDT با داده‌های تستی
2025-04-30 04:11:59,643 [INFO] مقدار close برای DOGEUSDT: 10.0
2025-04-30 04:11:59,643 [INFO] سیگنال تولید شد برای DOGEUSDT: {'coin': 'DOGEUSDT', 'type': 'BUY', 'price': 10.0, 'timestamp': 100}
2025-04-30 04:11:59,643 [INFO] ارسال سیگنال برای DOGEUSDT: {'coin': 'DOGEUSDT', 'type': 'BUY', 'price': 10.0, 'timestamp': 100}
2025-04-30 04:11:59,816 [INFO] پیام به تلگرام ارسال شد: سیگنال برای DOGEUSDT
نوع: BUY
قیمت: 10.0
زمان: 100
2025-04-30 04:11:59,817 [INFO] سیگنال برای DOGEUSDT ارسال شد: BUY
2025-04-30 04:11:59,820 [INFO] پردازش AVAXUSDT
2025-04-30 04:12:00,286 [INFO] دریافت داده‌های تستی برای AVAXUSDT
2025-04-30 04:12:00,287 [INFO] داده‌های OHLC برای AVAXUSDT دریافت شد: {'timestamp': 100, 'open': 10.0, 'high': 11.0, 'low': 9.0, 'close': 10.0, 'volume': 37.0}
2025-04-30 04:12:00,289 [INFO] تولید سیگنال برای AVAXUSDT با داده‌های تستی
2025-04-30 04:12:00,291 [INFO] مقدار close برای AVAXUSDT: 10.0
2025-04-30 04:12:00,292 [INFO] سیگنال تولید شد برای AVAXUSDT: {'coin': 'AVAXUSDT', 'type': 'BUY', 'price': 10.0, 'timestamp': 100}
2025-04-30 04:12:00,293 [INFO] ارسال سیگنال برای AVAXUSDT: {'coin': 'AVAXUSDT', 'type': 'BUY', 'price': 10.0, 'timestamp': 100}
2025-04-30 04:12:00,552 [INFO] پیام به تلگرام ارسال شد: سیگنال برای AVAXUSDT
نوع: BUY
قیمت: 10.0
زمان: 100
2025-04-30 04:12:00,553 [INFO] سیگنال برای AVAXUSDT ارسال شد: BUY
2025-04-30 04:12:00,556 [INFO] پردازش MATICUSDT
2025-04-30 04:12:01,004 [INFO] دریافت داده‌های تستی برای MATICUSDT
2025-04-30 04:12:01,006 [INFO] داده‌های OHLC برای MATICUSDT دریافت شد: {'timestamp': 100, 'open': 10.0, 'high': 11.0, 'low': 9.0, 'close': 10.0, 'volume': 37.0}
2025-04-30 04:12:01,007 [INFO] تولید سیگنال برای MATICUSDT با داده‌های تستی
2025-04-30 04:12:01,009 [INFO] مقدار close برای MATICUSDT: 10.0
2025-04-30 04:12:01,010 [INFO] سیگنال تولید شد برای MATICUSDT: {'coin': 'MATICUSDT', 'type': 'BUY', 'price': 10.0, 'timestamp': 100}
2025-04-30 04:12:01,011 [INFO] ارسال سیگنال برای MATICUSDT: {'coin': 'MATICUSDT', 'type': 'BUY', 'price': 10.0, 'timestamp': 100}
2025-04-30 04:12:01,179 [INFO] پیام به تلگرام ارسال شد: سیگنال برای MATICUSDT
نوع: BUY
قیمت: 10.0
زمان: 100
2025-04-30 04:12:01,180 [INFO] سیگنال برای MATICUSDT ارسال شد: BUY
2025-04-30 04:12:01,183 [INFO] انتظار برای چرخه بعدی (15 دقیقه)
2025-04-30 04:19:35,217 [INFO] پردازش BTCUSDT
2025-04-30 04:19:35,670 [INFO] دریافت داده‌های تستی برای BTCUSDT
2025-04-30 04:19:35,672 [INFO] داده‌های OHLC برای BTCUSDT دریافت شد: {'timestamp': 100, 'open': 10.0, 'high': 11.0, 'low': 9.0, 'close': 10.0, 'volume': 37.0}
2025-04-30 04:19:35,675 [INFO] تولید سیگنال برای BTCUSDT با داده‌های تستی
2025-04-30 04:19:35,676 [INFO] مقدار close برای BTCUSDT: 10.0
2025-04-30 04:19:35,677 [INFO] سیگنال تولید شد برای BTCUSDT: {'coin': 'BTCUSDT', 'type': 'BUY', 'price': 10.0, 'timestamp': 100}
2025-04-30 04:19:35,678 [INFO] ارسال سیگنال برای BTCUSDT: {'coin': 'BTCUSDT', 'type': 'BUY', 'price': 10.0, 'timestamp': 100}
2025-04-30 04:19:36,125 [INFO] پیام به تلگرام ارسال شد: سیگنال برای BTCUSDT
نوع: BUY
قیمت: 10.0
زمان: 100
2025-04-30 04:19:36,126 [INFO] سیگنال برای BTCUSDT ارسال شد: BUY
2025-04-30 04:19:36,129 [INFO] پردازش ETHUSDT
2025-04-30 04:19:36,565 [INFO] دریافت داده‌های تستی برای ETHUSDT
2025-04-30 04:19:36,567 [INFO] داده‌های OHLC برای ETHUSDT دریافت شد: {'timestamp': 100, 'open': 10.0, 'high': 11.0, 'low': 9.0, 'close': 10.0, 'volume': 37.0}
2025-04-30 04:19:36,568 [INFO] تولید سیگنال برای ETHUSDT با داده‌های تستی
2025-04-30 04:19:36,568 [INFO] مقدار close برای ETHUSDT: 10.0
2025-04-30 04:19:36,571 [INFO] سیگنال تولید شد برای ETHUSDT: {'coin': 'ETHUSDT', 'type': 'BUY', 'price': 10.0, 'timestamp': 100}
2025-04-30 04:19:36,572 [INFO] ارسال سیگنال برای ETHUSDT: {'coin': 'ETHUSDT', 'type': 'BUY', 'price': 10.0, 'timestamp': 100}
2025-04-30 04:19:37,006 [INFO] پیام به تلگرام ارسال شد: سیگنال برای ETHUSDT
نوع: BUY
قیمت: 10.0
زمان: 100
2025-04-30 04:19:37,006 [INFO] سیگنال برای ETHUSDT ارسال شد: BUY
2025-04-30 04:19:37,008 [INFO] پردازش BNBUSDT
2025-04-30 04:19:37,468 [INFO] دریافت داده‌های تستی برای BNBUSDT
2025-04-30 04:19:37,470 [INFO] داده‌های OHLC برای BNBUSDT دریافت شد: {'timestamp': 100, 'open': 10.0, 'high': 11.0, 'low': 9.0, 'close': 10.0, 'volume': 37.0}
2025-04-30 04:19:37,472 [INFO] تولید سیگنال برای BNBUSDT با داده‌های تستی
2025-04-30 04:19:37,472 [INFO] مقدار close برای BNBUSDT: 10.0
2025-04-30 04:19:37,475 [INFO] سیگنال تولید شد برای BNBUSDT: {'coin': 'BNBUSDT', 'type': 'BUY', 'price': 10.0, 'timestamp': 100}
2025-04-30 04:19:37,475 [INFO] ارسال سیگنال برای BNBUSDT: {'coin': 'BNBUSDT', 'type': 'BUY', 'price': 10.0, 'timestamp': 100}
2025-04-30 04:19:37,635 [INFO] پیام به تلگرام ارسال شد: سیگنال برای BNBUSDT
نوع: BUY
قیمت: 10.0
زمان: 100
2025-04-30 04:19:37,636 [INFO] سیگنال برای BNBUSDT ارسال شد: BUY
2025-04-30 04:19:37,638 [INFO] پردازش XRPUSDT
2025-04-30 04:19:38,075 [INFO] دریافت داده‌های تستی برای XRPUSDT
2025-04-30 04:19:38,077 [INFO] داده‌های OHLC برای XRPUSDT دریافت شد: {'timestamp': 100, 'open': 10.0, 'high': 11.0, 'low': 9.0, 'close': 10.0, 'volume': 37.0}
2025-04-30 04:19:38,077 [INFO] تولید سیگنال برای XRPUSDT با داده‌های تستی
2025-04-30 04:19:38,079 [INFO] مقدار close برای XRPUSDT: 10.0
2025-04-30 04:19:38,080 [INFO] سیگنال تولید شد برای XRPUSDT: {'coin': 'XRPUSDT', 'type': 'BUY', 'price': 10.0, 'timestamp': 100}
2025-04-30 04:19:38,081 [INFO] ارسال سیگنال برای XRPUSDT: {'coin': 'XRPUSDT', 'type': 'BUY', 'price': 10.0, 'timestamp': 100}
2025-04-30 04:19:38,239 [INFO] پیام به تلگرام ارسال شد: سیگنال برای XRPUSDT
نوع: BUY
قیمت: 10.0
زمان: 100
2025-04-30 04:19:38,239 [INFO] سیگنال برای XRPUSDT ارسال شد: BUY
2025-04-30 04:19:38,241 [INFO] پردازش ADAUSDT
2025-04-30 04:19:38,695 [INFO] دریافت داده‌های تستی برای ADAUSDT
2025-04-30 04:19:38,696 [INFO] داده‌های OHLC برای ADAUSDT دریافت شد: {'timestamp': 100, 'open': 10.0, 'high': 11.0, 'low': 9.0, 'close': 10.0, 'volume': 37.0}
2025-04-30 04:19:38,698 [INFO] تولید سیگنال برای ADAUSDT با داده‌های تستی
2025-04-30 04:19:38,699 [INFO] مقدار close برای ADAUSDT: 10.0
2025-04-30 04:19:38,702 [INFO] سیگنال تولید شد برای ADAUSDT: {'coin': 'ADAUSDT', 'type': 'BUY', 'price': 10.0, 'timestamp': 100}
2025-04-30 04:19:38,704 [INFO] ارسال سیگنال برای ADAUSDT: {'coin': 'ADAUSDT', 'type': 'BUY', 'price': 10.0, 'timestamp': 100}
2025-04-30 04:19:38,863 [INFO] پیام به تلگرام ارسال شد: سیگنال برای ADAUSDT
نوع: BUY
قیمت: 10.0
زمان: 100
2025-04-30 04:19:38,865 [INFO] سیگنال برای ADAUSDT ارسال شد: BUY
2025-04-30 04:19:38,868 [INFO] پردازش SOLUSDT
2025-04-30 04:19:39,292 [INFO] دریافت داده‌های تستی برای SOLUSDT
2025-04-30 04:19:39,292 [INFO] داده‌های OHLC برای SOLUSDT دریافت شد: {'timestamp': 100, 'open': 10.0, 'high': 11.0, 'low': 9.0, 'close': 10.0, 'volume': 37.0}
2025-04-30 04:19:39,293 [INFO] تولید سیگنال برای SOLUSDT با داده‌های تستی
2025-04-30 04:19:39,297 [INFO] مقدار close برای SOLUSDT: 10.0
2025-04-30 04:19:39,297 [INFO] سیگنال تولید شد برای SOLUSDT: {'coin': 'SOLUSDT', 'type': 'BUY', 'price': 10.0, 'timestamp': 100}
2025-04-30 04:19:39,298 [INFO] ارسال سیگنال برای SOLUSDT: {'coin': 'SOLUSDT', 'type': 'BUY', 'price': 10.0, 'timestamp': 100}
2025-04-30 04:19:39,458 [INFO] پیام به تلگرام ارسال شد: سیگنال برای SOLUSDT
نوع: BUY
قیمت: 10.0
زمان: 100
2025-04-30 04:19:39,459 [INFO] سیگنال برای SOLUSDT ارسال شد: BUY
2025-04-30 04:19:39,462 [INFO] پردازش DOTUSDT
2025-04-30 04:19:39,917 [INFO] دریافت داده‌های تستی برای DOTUSDT
2025-04-30 04:19:39,919 [INFO] داده‌های OHLC برای DOTUSDT دریافت شد: {'timestamp': 100, 'open': 10.0, 'high': 11.0, 'low': 9.0, 'close': 10.0, 'volume': 37.0}
2025-04-30 04:19:39,921 [INFO] تولید سیگنال برای DOTUSDT با داده‌های تستی
2025-04-30 04:19:39,921 [INFO] مقدار close برای DOTUSDT: 10.0
2025-04-30 04:19:39,925 [INFO] سیگنال تولید شد برای DOTUSDT: {'coin': 'DOTUSDT', 'type': 'BUY', 'price': 10.0, 'timestamp': 100}
2025-04-30 04:19:39,926 [INFO] ارسال سیگنال برای DOTUSDT: {'coin': 'DOTUSDT', 'type': 'BUY', 'price': 10.0, 'timestamp': 100}
2025-04-30 04:19:40,087 [INFO] پیام به تلگرام ارسال شد: سیگنال برای DOTUSDT
نوع: BUY
قیمت: 10.0
زمان: 100
2025-04-30 04:19:40,088 [INFO] سیگنال برای DOTUSDT ارسال شد: BUY
2025-04-30 04:19:40,091 [INFO] پردازش DOGEUSDT
2025-04-30 04:19:40,553 [INFO] دریافت داده‌های تستی برای DOGEUSDT
2025-04-30 04:19:40,554 [INFO] داده‌های OHLC برای DOGEUSDT دریافت شد: {'timestamp': 100, 'open': 10.0, 'high': 11.0, 'low': 9.0, 'close': 10.0, 'volume': 37.0}
2025-04-30 04:19:40,556 [INFO] تولید سیگنال برای DOGEUSDT با داده‌های تستی
2025-04-30 04:19:40,559 [INFO] مقدار close برای DOGEUSDT: 10.0
2025-04-30 04:19:40,559 [INFO] سیگنال تولید شد برای DOGEUSDT: {'coin': 'DOGEUSDT', 'type': 'BUY', 'price': 10.0, 'timestamp': 100}
2025-04-30 04:19:40,560 [INFO] ارسال سیگنال برای DOGEUSDT: {'coin': 'DOGEUSDT', 'type': 'BUY', 'price': 10.0, 'timestamp': 100}
2025-04-30 04:19:40,720 [INFO] پیام به تلگرام ارسال شد: سیگنال برای DOGEUSDT
نوع: BUY
قیمت: 10.0
زمان: 100
2025-04-30 04:19:40,722 [INFO] سیگنال برای DOGEUSDT ارسال شد: BUY
2025-04-30 04:19:40,725 [INFO] پردازش AVAXUSDT
2025-04-30 04:19:41,184 [INFO] دریافت داده‌های تستی برای AVAXUSDT
2025-04-30 04:19:41,187 [INFO] داده‌های OHLC برای AVAXUSDT دریافت شد: {'timestamp': 100, 'open': 10.0, 'high': 11.0, 'low': 9.0, 'close': 10.0, 'volume': 37.0}
2025-04-30 04:19:41,188 [INFO] تولید سیگنال برای AVAXUSDT با داده‌های تستی
2025-04-30 04:19:41,191 [INFO] مقدار close برای AVAXUSDT: 10.0
2025-04-30 04:19:41,192 [INFO] سیگنال تولید شد برای AVAXUSDT: {'coin': 'AVAXUSDT', 'type': 'BUY', 'price': 10.0, 'timestamp': 100}
2025-04-30 04:19:41,193 [INFO] ارسال سیگنال برای AVAXUSDT: {'coin': 'AVAXUSDT', 'type': 'BUY', 'price': 10.0, 'timestamp': 100}
2025-04-30 04:19:41,352 [INFO] پیام به تلگرام ارسال شد: سیگنال برای AVAXUSDT
نوع: BUY
قیمت: 10.0
زمان: 100
2025-04-30 04:19:41,353 [INFO] سیگنال برای AVAXUSDT ارسال شد: BUY
2025-04-30 04:19:41,356 [INFO] پردازش MATICUSDT
2025-04-30 04:19:41,787 [INFO] دریافت داده‌های تستی برای MATICUSDT
2025-04-30 04:19:41,789 [INFO] داده‌های OHLC برای MATICUSDT دریافت شد: {'timestamp': 100, 'open': 10.0, 'high': 11.0, 'low': 9.0, 'close': 10.0, 'volume': 37.0}
2025-04-30 04:19:41,790 [INFO] تولید سیگنال برای MATICUSDT با داده‌های تستی
2025-04-30 04:19:41,791 [INFO] مقدار close برای MATICUSDT: 10.0
2025-04-30 04:19:41,795 [INFO] سیگنال تولید شد برای MATICUSDT: {'coin': 'MATICUSDT', 'type': 'BUY', 'price': 10.0, 'timestamp': 100}
2025-04-30 04:19:41,795 [INFO] ارسال سیگنال برای MATICUSDT: {'coin': 'MATICUSDT', 'type': 'BUY', 'price': 10.0, 'timestamp': 100}
2025-04-30 04:19:41,955 [INFO] پیام به تلگرام ارسال شد: سیگنال برای MATICUSDT
نوع: BUY
قیمت: 10.0
زمان: 100
2025-04-30 04:19:41,958 [INFO] سیگنال برای MATICUSDT ارسال شد: BUY
2025-04-30 04:19:41,961 [INFO] انتظار برای چرخه بعدی (15 دقیقه)
2025-04-30 04:24:31,300 [INFO] پردازش BTCUSDT
2025-04-30 04:24:31,756 [INFO] دریافت داده‌های تستی برای BTCUSDT
2025-04-30 04:24:31,757 [INFO] داده‌های OHLC برای BTCUSDT دریافت شد: {'timestamp': 100, 'open': 10.0, 'high': 11.0, 'low': 9.0, 'close': 10.0, 'volume': 37.0}
2025-04-30 04:24:31,759 [INFO] تولید سیگنال برای BTCUSDT با داده‌های تستی
2025-04-30 04:24:31,761 [INFO] مقدار close برای BTCUSDT: 10.0
2025-04-30 04:24:31,761 [INFO] سیگنال تولید شد برای BTCUSDT: {'coin': 'BTCUSDT', 'type': 'BUY', 'price': 10.0, 'timestamp': 100}
2025-04-30 04:24:31,762 [INFO] ارسال سیگنال برای BTCUSDT: {'coin': 'BTCUSDT', 'type': 'BUY', 'price': 10.0, 'timestamp': 100}
2025-04-30 04:24:32,772 [INFO] پیام به تلگرام ارسال شد: سیگنال برای BTCUSDT
نوع: BUY
قیمت: 10.0
زمان: 100
2025-04-30 04:24:32,772 [INFO] سیگنال برای BTCUSDT ارسال شد: BUY
2025-04-30 04:24:32,776 [INFO] پردازش ETHUSDT
2025-04-30 04:24:33,229 [INFO] دریافت داده‌های تستی برای ETHUSDT
2025-04-30 04:24:33,231 [INFO] داده‌های OHLC برای ETHUSDT دریافت شد: {'timestamp': 100, 'open': 10.0, 'high': 11.0, 'low': 9.0, 'close': 10.0, 'volume': 37.0}
2025-04-30 04:24:33,233 [INFO] تولید سیگنال برای ETHUSDT با داده‌های تستی
2025-04-30 04:24:33,233 [INFO] مقدار close برای ETHUSDT: 10.0
2025-04-30 04:24:33,235 [INFO] سیگنال تولید شد برای ETHUSDT: {'coin': 'ETHUSDT', 'type': 'BUY', 'price': 10.0, 'timestamp': 100}
2025-04-30 04:24:33,235 [INFO] ارسال سیگنال برای ETHUSDT: {'coin': 'ETHUSDT', 'type': 'BUY', 'price': 10.0, 'timestamp': 100}
2025-04-30 04:24:33,420 [INFO] پیام به تلگرام ارسال شد: سیگنال برای ETHUSDT
نوع: BUY
قیمت: 10.0
زمان: 100
2025-04-30 04:24:33,420 [INFO] سیگنال برای ETHUSDT ارسال شد: BUY
2025-04-30 04:24:33,424 [INFO] پردازش BNBUSDT
2025-04-30 04:24:33,866 [INFO] دریافت داده‌های تستی برای BNBUSDT
2025-04-30 04:24:33,867 [INFO] داده‌های OHLC برای BNBUSDT دریافت شد: {'timestamp': 100, 'open': 10.0, 'high': 11.0, 'low': 9.0, 'close': 10.0, 'volume': 37.0}
2025-04-30 04:24:33,868 [INFO] تولید سیگنال برای BNBUSDT با داده‌های تستی
2025-04-30 04:24:33,870 [INFO] مقدار close برای BNBUSDT: 10.0
2025-04-30 04:24:33,871 [INFO] سیگنال تولید شد برای BNBUSDT: {'coin': 'BNBUSDT', 'type': 'BUY', 'price': 10.0, 'timestamp': 100}
2025-04-30 04:24:33,871 [INFO] ارسال سیگنال برای BNBUSDT: {'coin': 'BNBUSDT', 'type': 'BUY', 'price': 10.0, 'timestamp': 100}
2025-04-30 04:24:34,038 [INFO] پیام به تلگرام ارسال شد: سیگنال برای BNBUSDT
نوع: BUY
قیمت: 10.0
زمان: 100
2025-04-30 04:24:34,039 [INFO] سیگنال برای BNBUSDT ارسال شد: BUY
2025-04-30 04:24:34,041 [INFO] پردازش XRPUSDT
2025-04-30 04:24:34,489 [INFO] دریافت داده‌های تستی برای XRPUSDT
2025-04-30 04:24:34,491 [INFO] داده‌های OHLC برای XRPUSDT دریافت شد: {'timestamp': 100, 'open': 10.0, 'high': 11.0, 'low': 9.0, 'close': 10.0, 'volume': 37.0}
2025-04-30 04:24:34,492 [INFO] تولید سیگنال برای XRPUSDT با داده‌های تستی
2025-04-30 04:24:34,494 [INFO] مقدار close برای XRPUSDT: 10.0
2025-04-30 04:24:34,495 [INFO] سیگنال تولید شد برای XRPUSDT: {'coin': 'XRPUSDT', 'type': 'BUY', 'price': 10.0, 'timestamp': 100}
2025-04-30 04:24:34,496 [INFO] ارسال سیگنال برای XRPUSDT: {'coin': 'XRPUSDT', 'type': 'BUY', 'price': 10.0, 'timestamp': 100}
2025-04-30 04:24:34,666 [INFO] پیام به تلگرام ارسال شد: سیگنال برای XRPUSDT
نوع: BUY
قیمت: 10.0
زمان: 100
2025-04-30 04:24:34,668 [INFO] سیگنال برای XRPUSDT ارسال شد: BUY
2025-04-30 04:24:34,671 [INFO] پردازش ADAUSDT
2025-04-30 04:24:35,112 [INFO] دریافت داده‌های تستی برای ADAUSDT
2025-04-30 04:24:35,113 [INFO] داده‌های OHLC برای ADAUSDT دریافت شد: {'timestamp': 100, 'open': 10.0, 'high': 11.0, 'low': 9.0, 'close': 10.0, 'volume': 37.0}
2025-04-30 04:24:35,114 [INFO] تولید سیگنال برای ADAUSDT با داده‌های تستی
2025-04-30 04:24:35,116 [INFO] مقدار close برای ADAUSDT: 10.0
2025-04-30 04:24:35,117 [INFO] سیگنال تولید شد برای ADAUSDT: {'coin': 'ADAUSDT', 'type': 'BUY', 'price': 10.0, 'timestamp': 100}
2025-04-30 04:24:35,118 [INFO] ارسال سیگنال برای ADAUSDT: {'coin': 'ADAUSDT', 'type': 'BUY', 'price': 10.0, 'timestamp': 100}
2025-04-30 04:24:35,298 [INFO] پیام به تلگرام ارسال شد: سیگنال برای ADAUSDT
نوع: BUY
قیمت: 10.0
زمان: 100
2025-04-30 04:24:35,298 [INFO] سیگنال برای ADAUSDT ارسال شد: BUY
2025-04-30 04:24:35,300 [INFO] پردازش SOLUSDT
2025-04-30 04:24:35,756 [INFO] دریافت داده‌های تستی برای SOLUSDT
2025-04-30 04:24:35,758 [INFO] داده‌های OHLC برای SOLUSDT دریافت شد: {'timestamp': 100, 'open': 10.0, 'high': 11.0, 'low': 9.0, 'close': 10.0, 'volume': 37.0}
2025-04-30 04:24:35,760 [INFO] تولید سیگنال برای SOLUSDT با داده‌های تستی
2025-04-30 04:24:35,762 [INFO] مقدار close برای SOLUSDT: 10.0
2025-04-30 04:24:35,762 [INFO] سیگنال تولید شد برای SOLUSDT: {'coin': 'SOLUSDT', 'type': 'BUY', 'price': 10.0, 'timestamp': 100}
2025-04-30 04:24:35,763 [INFO] ارسال سیگنال برای SOLUSDT: {'coin': 'SOLUSDT', 'type': 'BUY', 'price': 10.0, 'timestamp': 100}
2025-04-30 04:24:35,936 [INFO] پیام به تلگرام ارسال شد: سیگنال برای SOLUSDT
نوع: BUY
قیمت: 10.0
زمان: 100
2025-04-30 04:24:35,936 [INFO] سیگنال برای SOLUSDT ارسال شد: BUY
2025-04-30 04:24:35,939 [INFO] پردازش DOTUSDT
2025-04-30 04:24:36,399 [INFO] دریافت داده‌های تستی برای DOTUSDT
2025-04-30 04:24:36,401 [INFO] داده‌های OHLC برای DOTUSDT دریافت شد: {'timestamp': 100, 'open': 10.0, 'high': 11.0, 'low': 9.0, 'close': 10.0, 'volume': 37.0}
2025-04-30 04:24:36,402 [INFO] تولید سیگنال برای DOTUSDT با داده‌های تستی
2025-04-30 04:24:36,405 [INFO] مقدار close برای DOTUSDT: 10.0
2025-04-30 04:24:36,406 [INFO] سیگنال تولید شد برای DOTUSDT: {'coin': 'DOTUSDT', 'type': 'BUY', 'price': 10.0, 'timestamp': 100}
2025-04-30 04:24:36,407 [INFO] ارسال سیگنال برای DOTUSDT: {'coin': 'DOTUSDT', 'type': 'BUY', 'price': 10.0, 'timestamp': 100}
2025-04-30 04:24:36,582 [INFO] پیام به تلگرام ارسال شد: سیگنال برای DOTUSDT
نوع: BUY
قیمت: 10.0
زمان: 100
2025-04-30 04:24:36,583 [INFO] سیگنال برای DOTUSDT ارسال شد: BUY
2025-04-30 04:24:36,586 [INFO] پردازش DOGEUSDT
2025-04-30 04:24:37,042 [INFO] دریافت داده‌های تستی برای DOGEUSDT
2025-04-30 04:24:37,043 [INFO] داده‌های OHLC برای DOGEUSDT دریافت شد: {'timestamp': 100, 'open': 10.0, 'high': 11.0, 'low': 9.0, 'close': 10.0, 'volume': 37.0}
2025-04-30 04:24:37,044 [INFO] تولید سیگنال برای DOGEUSDT با داده‌های تستی
2025-04-30 04:24:37,046 [INFO] مقدار close برای DOGEUSDT: 10.0
2025-04-30 04:24:37,047 [INFO] سیگنال تولید شد برای DOGEUSDT: {'coin': 'DOGEUSDT', 'type': 'BUY', 'price': 10.0, 'timestamp': 100}
2025-04-30 04:24:37,047 [INFO] ارسال سیگنال برای DOGEUSDT: {'coin': 'DOGEUSDT', 'type': 'BUY', 'price': 10.0, 'timestamp': 100}
2025-04-30 04:24:37,218 [INFO] پیام به تلگرام ارسال شد: سیگنال برای DOGEUSDT
نوع: BUY
قیمت: 10.0
زمان: 100
2025-04-30 04:24:37,219 [INFO] سیگنال برای DOGEUSDT ارسال شد: BUY
2025-04-30 04:24:37,224 [INFO] پردازش AVAXUSDT
2025-04-30 04:24:37,682 [INFO] دریافت داده‌های تستی برای AVAXUSDT
2025-04-30 04:24:37,683 [INFO] داده‌های OHLC برای AVAXUSDT دریافت شد: {'timestamp': 100, 'open': 10.0, 'high': 11.0, 'low': 9.0, 'close': 10.0, 'volume': 37.0}
2025-04-30 04:24:37,685 [INFO] تولید سیگنال برای AVAXUSDT با داده‌های تستی
2025-04-30 04:24:37,686 [INFO] مقدار close برای AVAXUSDT: 10.0
2025-04-30 04:24:37,688 [INFO] سیگنال تولید شد برای AVAXUSDT: {'coin': 'AVAXUSDT', 'type': 'BUY', 'price': 10.0, 'timestamp': 100}
2025-04-30 04:24:37,689 [INFO] ارسال سیگنال برای AVAXUSDT: {'coin': 'AVAXUSDT', 'type': 'BUY', 'price': 10.0, 'timestamp': 100}
2025-04-30 04:24:37,863 [INFO] پیام به تلگرام ارسال شد: سیگنال برای AVAXUSDT
نوع: BUY
قیمت: 10.0
زمان: 100
2025-04-30 04:24:37,863 [INFO] سیگنال برای AVAXUSDT ارسال شد: BUY
2025-04-30 04:24:37,864 [INFO] پردازش MATICUSDT
2025-04-30 04:24:38,326 [INFO] دریافت داده‌های تستی برای MATICUSDT
2025-04-30 04:24:38,328 [INFO] داده‌های OHLC برای MATICUSDT دریافت شد: {'timestamp': 100, 'open': 10.0, 'high': 11.0, 'low': 9.0, 'close': 10.0, 'volume': 37.0}
2025-04-30 04:24:38,330 [INFO] تولید سیگنال برای MATICUSDT با داده‌های تستی
2025-04-30 04:24:38,332 [INFO] مقدار close برای MATICUSDT: 10.0
2025-04-30 04:24:38,333 [INFO] سیگنال تولید شد برای MATICUSDT: {'coin': 'MATICUSDT', 'type': 'BUY', 'price': 10.0, 'timestamp': 100}
2025-04-30 04:24:38,333 [INFO] ارسال سیگنال برای MATICUSDT: {'coin': 'MATICUSDT', 'type': 'BUY', 'price': 10.0, 'timestamp': 100}
2025-04-30 04:24:38,500 [INFO] پیام به تلگرام ارسال شد: سیگنال برای MATICUSDT
نوع: BUY
قیمت: 10.0
زمان: 100
2025-04-30 04:24:38,500 [INFO] سیگنال برای MATICUSDT ارسال شد: BUY
2025-04-30 04:24:38,502 [INFO] انتظار برای چرخه بعدی (15 دقیقه)
2025-04-30 04:27:01,191 [INFO] پردازش BTCUSDT
2025-04-30 04:27:01,648 [INFO] دریافت داده‌های تستی برای BTCUSDT
2025-04-30 04:27:01,650 [INFO] داده‌های OHLC برای BTCUSDT دریافت شد: {'timestamp': 100, 'open': 10.0, 'high': 11.0, 'low': 9.0, 'close': 10.0, 'volume': 37.0}
2025-04-30 04:27:01,652 [INFO] تولید سیگنال برای BTCUSDT با داده‌های تستی
2025-04-30 04:27:01,654 [INFO] مقدار close برای BTCUSDT: 10.0
2025-04-30 04:27:01,654 [INFO] سیگنال تولید شد برای BTCUSDT: {'coin': 'BTCUSDT', 'type': 'BUY', 'price': 10.0, 'timestamp': 100}
2025-04-30 04:27:01,654 [INFO] ارسال سیگنال برای BTCUSDT: {'coin': 'BTCUSDT', 'type': 'BUY', 'price': 10.0, 'timestamp': 100}
2025-04-30 04:27:02,129 [INFO] پیام به تلگرام ارسال شد: سیگنال برای BTCUSDT
نوع: BUY
قیمت: 10.0
زمان: 100
2025-04-30 04:27:02,130 [INFO] سیگنال برای BTCUSDT ارسال شد: BUY
2025-04-30 04:27:02,132 [INFO] پردازش ETHUSDT
2025-04-30 04:27:03,592 [INFO] دریافت داده‌های تستی برای ETHUSDT
2025-04-30 04:27:03,593 [INFO] داده‌های OHLC برای ETHUSDT دریافت شد: {'timestamp': 100, 'open': 10.0, 'high': 11.0, 'low': 9.0, 'close': 10.0, 'volume': 37.0}
2025-04-30 04:27:03,595 [INFO] تولید سیگنال برای ETHUSDT با داده‌های تستی
2025-04-30 04:27:03,596 [INFO] مقدار close برای ETHUSDT: 10.0
2025-04-30 04:27:03,599 [INFO] سیگنال تولید شد برای ETHUSDT: {'coin': 'ETHUSDT', 'type': 'BUY', 'price': 10.0, 'timestamp': 100}
2025-04-30 04:27:03,599 [INFO] ارسال سیگنال برای ETHUSDT: {'coin': 'ETHUSDT', 'type': 'BUY', 'price': 10.0, 'timestamp': 100}
2025-04-30 04:27:03,765 [INFO] پیام به تلگرام ارسال شد: سیگنال برای ETHUSDT
نوع: BUY
قیمت: 10.0
زمان: 100
2025-04-30 04:27:03,766 [INFO] سیگنال برای ETHUSDT ارسال شد: BUY
2025-04-30 04:27:03,769 [INFO] پردازش BNBUSDT
2025-04-30 04:27:04,220 [INFO] دریافت داده‌های تستی برای BNBUSDT
2025-04-30 04:27:04,221 [INFO] داده‌های OHLC برای BNBUSDT دریافت شد: {'timestamp': 100, 'open': 10.0, 'high': 11.0, 'low': 9.0, 'close': 10.0, 'volume': 37.0}
2025-04-30 04:27:04,223 [INFO] تولید سیگنال برای BNBUSDT با داده‌های تستی
2025-04-30 04:27:04,224 [INFO] مقدار close برای BNBUSDT: 10.0
2025-04-30 04:27:04,227 [INFO] سیگنال تولید شد برای BNBUSDT: {'coin': 'BNBUSDT', 'type': 'BUY', 'price': 10.0, 'timestamp': 100}
2025-04-30 04:27:04,227 [INFO] ارسال سیگنال برای BNBUSDT: {'coin': 'BNBUSDT', 'type': 'BUY', 'price': 10.0, 'timestamp': 100}
2025-04-30 04:27:04,396 [INFO] پیام به تلگرام ارسال شد: سیگنال برای BNBUSDT
نوع: BUY
قیمت: 10.0
زمان: 100
2025-04-30 04:27:04,396 [INFO] سیگنال برای BNBUSDT ارسال شد: BUY
2025-04-30 04:27:04,397 [INFO] پردازش XRPUSDT
2025-04-30 04:27:04,832 [INFO] دریافت داده‌های تستی برای XRPUSDT
2025-04-30 04:27:04,835 [INFO] داده‌های OHLC برای XRPUSDT دریافت شد: {'timestamp': 100, 'open': 10.0, 'high': 11.0, 'low': 9.0, 'close': 10.0, 'volume': 37.0}
2025-04-30 04:27:04,836 [INFO] تولید سیگنال برای XRPUSDT با داده‌های تستی
2025-04-30 04:27:04,839 [INFO] مقدار close برای XRPUSDT: 10.0
2025-04-30 04:27:04,839 [INFO] سیگنال تولید شد برای XRPUSDT: {'coin': 'XRPUSDT', 'type': 'BUY', 'price': 10.0, 'timestamp': 100}
2025-04-30 04:27:04,840 [INFO] ارسال سیگنال برای XRPUSDT: {'coin': 'XRPUSDT', 'type': 'BUY', 'price': 10.0, 'timestamp': 100}
2025-04-30 04:27:05,013 [INFO] پیام به تلگرام ارسال شد: سیگنال برای XRPUSDT
نوع: BUY
قیمت: 10.0
زمان: 100
2025-04-30 04:27:05,013 [INFO] سیگنال برای XRPUSDT ارسال شد: BUY
2025-04-30 04:27:05,014 [INFO] پردازش ADAUSDT
2025-04-30 04:27:05,470 [INFO] دریافت داده‌های تستی برای ADAUSDT
2025-04-30 04:27:05,471 [INFO] داده‌های OHLC برای ADAUSDT دریافت شد: {'timestamp': 100, 'open': 10.0, 'high': 11.0, 'low': 9.0, 'close': 10.0, 'volume': 37.0}
2025-04-30 04:27:05,474 [INFO] تولید سیگنال برای ADAUSDT با داده‌های تستی
2025-04-30 04:27:05,476 [INFO] مقدار close برای ADAUSDT: 10.0
2025-04-30 04:27:05,477 [INFO] سیگنال تولید شد برای ADAUSDT: {'coin': 'ADAUSDT', 'type': 'BUY', 'price': 10.0, 'timestamp': 100}
2025-04-30 04:27:05,478 [INFO] ارسال سیگنال برای ADAUSDT: {'coin': 'ADAUSDT', 'type': 'BUY', 'price': 10.0, 'timestamp': 100}
2025-04-30 04:27:05,647 [INFO] پیام به تلگرام ارسال شد: سیگنال برای ADAUSDT
نوع: BUY
قیمت: 10.0
زمان: 100
2025-04-30 04:27:05,648 [INFO] سیگنال برای ADAUSDT ارسال شد: BUY
2025-04-30 04:27:05,653 [INFO] پردازش SOLUSDT
2025-04-30 04:27:06,088 [INFO] دریافت داده‌های تستی برای SOLUSDT
2025-04-30 04:27:06,089 [INFO] داده‌های OHLC برای SOLUSDT دریافت شد: {'timestamp': 100, 'open': 10.0, 'high': 11.0, 'low': 9.0, 'close': 10.0, 'volume': 37.0}
2025-04-30 04:27:06,090 [INFO] تولید سیگنال برای SOLUSDT با داده‌های تستی
2025-04-30 04:27:06,093 [INFO] مقدار close برای SOLUSDT: 10.0
2025-04-30 04:27:06,093 [INFO] سیگنال تولید شد برای SOLUSDT: {'coin': 'SOLUSDT', 'type': 'BUY', 'price': 10.0, 'timestamp': 100}
2025-04-30 04:27:06,094 [INFO] ارسال سیگنال برای SOLUSDT: {'coin': 'SOLUSDT', 'type': 'BUY', 'price': 10.0, 'timestamp': 100}
2025-04-30 04:27:06,258 [INFO] پیام به تلگرام ارسال شد: سیگنال برای SOLUSDT
نوع: BUY
قیمت: 10.0
زمان: 100
2025-04-30 04:27:06,259 [INFO] سیگنال برای SOLUSDT ارسال شد: BUY
2025-04-30 04:27:06,262 [INFO] پردازش DOTUSDT
2025-04-30 04:27:06,717 [INFO] دریافت داده‌های تستی برای DOTUSDT
2025-04-30 04:27:06,718 [INFO] داده‌های OHLC برای DOTUSDT دریافت شد: {'timestamp': 100, 'open': 10.0, 'high': 11.0, 'low': 9.0, 'close': 10.0, 'volume': 37.0}
2025-04-30 04:27:06,720 [INFO] تولید سیگنال برای DOTUSDT با داده‌های تستی
2025-04-30 04:27:06,723 [INFO] مقدار close برای DOTUSDT: 10.0
2025-04-30 04:27:06,724 [INFO] سیگنال تولید شد برای DOTUSDT: {'coin': 'DOTUSDT', 'type': 'BUY', 'price': 10.0, 'timestamp': 100}
2025-04-30 04:27:06,725 [INFO] ارسال سیگنال برای DOTUSDT: {'coin': 'DOTUSDT', 'type': 'BUY', 'price': 10.0, 'timestamp': 100}
2025-04-30 04:27:06,918 [INFO] پیام به تلگرام ارسال شد: سیگنال برای DOTUSDT
نوع: BUY
قیمت: 10.0
زمان: 100
2025-04-30 04:27:06,920 [INFO] سیگنال برای DOTUSDT ارسال شد: BUY
2025-04-30 04:27:06,923 [INFO] پردازش DOGEUSDT
2025-04-30 04:27:07,367 [INFO] دریافت داده‌های تستی برای DOGEUSDT
2025-04-30 04:27:07,368 [INFO] داده‌های OHLC برای DOGEUSDT دریافت شد: {'timestamp': 100, 'open': 10.0, 'high': 11.0, 'low': 9.0, 'close': 10.0, 'volume': 37.0}
2025-04-30 04:27:07,370 [INFO] تولید سیگنال برای DOGEUSDT با داده‌های تستی
2025-04-30 04:27:07,372 [INFO] مقدار close برای DOGEUSDT: 10.0
2025-04-30 04:27:07,374 [INFO] سیگنال تولید شد برای DOGEUSDT: {'coin': 'DOGEUSDT', 'type': 'BUY', 'price': 10.0, 'timestamp': 100}
2025-04-30 04:27:07,375 [INFO] ارسال سیگنال برای DOGEUSDT: {'coin': 'DOGEUSDT', 'type': 'BUY', 'price': 10.0, 'timestamp': 100}
2025-04-30 04:27:07,548 [INFO] پیام به تلگرام ارسال شد: سیگنال برای DOGEUSDT
نوع: BUY
قیمت: 10.0
زمان: 100
2025-04-30 04:27:07,549 [INFO] سیگنال برای DOGEUSDT ارسال شد: BUY
2025-04-30 04:27:07,552 [INFO] پردازش AVAXUSDT
2025-04-30 04:27:08,020 [INFO] دریافت داده‌های تستی برای AVAXUSDT
2025-04-30 04:27:08,020 [INFO] داده‌های OHLC برای AVAXUSDT دریافت شد: {'timestamp': 100, 'open': 10.0, 'high': 11.0, 'low': 9.0, 'close': 10.0, 'volume': 37.0}
2025-04-30 04:27:08,021 [INFO] تولید سیگنال برای AVAXUSDT با داده‌های تستی
2025-04-30 04:27:08,024 [INFO] مقدار close برای AVAXUSDT: 10.0
2025-04-30 04:27:08,024 [INFO] سیگنال تولید شد برای AVAXUSDT: {'coin': 'AVAXUSDT', 'type': 'BUY', 'price': 10.0, 'timestamp': 100}
2025-04-30 04:27:08,025 [INFO] ارسال سیگنال برای AVAXUSDT: {'coin': 'AVAXUSDT', 'type': 'BUY', 'price': 10.0, 'timestamp': 100}
2025-04-30 04:27:08,195 [INFO] پیام به تلگرام ارسال شد: سیگنال برای AVAXUSDT
نوع: BUY
قیمت: 10.0
زمان: 100
2025-04-30 04:27:08,196 [INFO] سیگنال برای AVAXUSDT ارسال شد: BUY
2025-04-30 04:27:08,199 [INFO] پردازش MATICUSDT
2025-04-30 04:27:08,659 [INFO] دریافت داده‌های تستی برای MATICUSDT
2025-04-30 04:27:08,660 [INFO] داده‌های OHLC برای MATICUSDT دریافت شد: {'timestamp': 100, 'open': 10.0, 'high': 11.0, 'low': 9.0, 'close': 10.0, 'volume': 37.0}
2025-04-30 04:27:08,661 [INFO] تولید سیگنال برای MATICUSDT با داده‌های تستی
2025-04-30 04:27:08,662 [INFO] مقدار close برای MATICUSDT: 10.0
2025-04-30 04:27:08,665 [INFO] سیگنال تولید شد برای MATICUSDT: {'coin': 'MATICUSDT', 'type': 'BUY', 'price': 10.0, 'timestamp': 100}
2025-04-30 04:27:08,665 [INFO] ارسال سیگنال برای MATICUSDT: {'coin': 'MATICUSDT', 'type': 'BUY', 'price': 10.0, 'timestamp': 100}
2025-04-30 04:27:08,837 [INFO] پیام به تلگرام ارسال شد: سیگنال برای MATICUSDT
نوع: BUY
قیمت: 10.0
زمان: 100
2025-04-30 04:27:08,838 [INFO] سیگنال برای MATICUSDT ارسال شد: BUY
2025-04-30 04:27:08,841 [INFO] انتظار برای چرخه بعدی (15 دقیقه)
2025-04-30 13:51:19,801 [INFO] شروع بارگذاری تنظیمات
2025-04-30 13:51:19,818 [INFO] تنظیمات بارگذاری شد: {'xt_api_url': 'https://jsonplaceholder.typicode.com', 'timeframe': '15m', 'sma_short_period': 9, 'sma_long_period': 21, 'rsi_period': 14, 'macd_fast': 12, 'macd_slow': 26, 'macd_signal': 9, 'atr_period': 14, 'telegram_chat_id': '96545679'}
2025-04-30 13:51:19,819 [INFO] مقداردهی اولیه XT API
2025-04-30 13:51:19,819 [INFO] مقداردهی اولیه API برای تست انجام شد
2025-04-30 13:51:19,820 [INFO] مقداردهی اولیه بات تلگرام
2025-04-30 13:51:21,661 [INFO] مقداردهی اولیه بات تلگرام انجام شد
2025-04-30 13:51:21,661 [INFO] بارگذاری لیست ارزها
2025-04-30 13:51:21,675 [INFO] ارزهای بارگذاری‌شده: ['BTCUSDT', 'ETHUSDT', 'BNBUSDT', 'XRPUSDT', 'ADAUSDT', 'SOLUSDT', 'DOTUSDT', 'DOGEUSDT', 'AVAXUSDT', 'MATICUSDT']
2025-04-30 13:51:21,676 [INFO] مقداردهی اولیه استراتژی برای تست با JSONPlaceholder
2025-04-30 13:51:21,676 [INFO] بات SIGNAL-BOT با موفقیت شروع شد
2025-04-30 13:51:21,676 [INFO] پردازش BTCUSDT
2025-04-30 13:51:22,118 [INFO] دریافت داده‌های تستی برای BTCUSDT
2025-04-30 13:51:22,121 [INFO] داده‌های OHLC برای BTCUSDT دریافت شد: {'timestamp': 100, 'open': 10.0, 'high': 11.0, 'low': 9.0, 'close': 10.0, 'volume': 37.0}
2025-04-30 13:51:22,121 [INFO] تولید سیگنال برای BTCUSDT با داده‌های تستی
2025-04-30 13:51:22,123 [INFO] مقدار close برای BTCUSDT: 10.0
2025-04-30 13:51:22,124 [INFO] سیگنال تولید شد برای BTCUSDT: {'coin': 'BTCUSDT', 'type': 'BUY', 'price': 10.0, 'timestamp': 100}
2025-04-30 13:51:22,125 [INFO] ارسال سیگنال برای BTCUSDT: {'coin': 'BTCUSDT', 'type': 'BUY', 'price': 10.0, 'timestamp': 100}
2025-04-30 13:51:22,687 [INFO] پیام به تلگرام ارسال شد: سیگنال برای BTCUSDT
نوع: BUY
قیمت: 10.0
زمان: 100
2025-04-30 13:51:22,688 [INFO] سیگنال برای BTCUSDT ارسال شد: BUY
2025-04-30 13:51:22,691 [INFO] پردازش ETHUSDT
2025-04-30 13:51:23,141 [INFO] دریافت داده‌های تستی برای ETHUSDT
2025-04-30 13:51:23,142 [INFO] داده‌های OHLC برای ETHUSDT دریافت شد: {'timestamp': 100, 'open': 10.0, 'high': 11.0, 'low': 9.0, 'close': 10.0, 'volume': 37.0}
2025-04-30 13:51:23,144 [INFO] تولید سیگنال برای ETHUSDT با داده‌های تستی
2025-04-30 13:51:23,147 [INFO] مقدار close برای ETHUSDT: 10.0
2025-04-30 13:51:23,148 [INFO] سیگنال تولید شد برای ETHUSDT: {'coin': 'ETHUSDT', 'type': 'BUY', 'price': 10.0, 'timestamp': 100}
2025-04-30 13:51:23,149 [INFO] ارسال سیگنال برای ETHUSDT: {'coin': 'ETHUSDT', 'type': 'BUY', 'price': 10.0, 'timestamp': 100}
2025-04-30 13:51:23,315 [INFO] پیام به تلگرام ارسال شد: سیگنال برای ETHUSDT
نوع: BUY
قیمت: 10.0
زمان: 100
2025-04-30 13:51:23,316 [INFO] سیگنال برای ETHUSDT ارسال شد: BUY
2025-04-30 13:51:23,319 [INFO] پردازش BNBUSDT
2025-04-30 13:51:23,743 [INFO] دریافت داده‌های تستی برای BNBUSDT
2025-04-30 13:51:23,744 [INFO] داده‌های OHLC برای BNBUSDT دریافت شد: {'timestamp': 100, 'open': 10.0, 'high': 11.0, 'low': 9.0, 'close': 10.0, 'volume': 37.0}
2025-04-30 13:51:23,747 [INFO] تولید سیگنال برای BNBUSDT با داده‌های تستی
2025-04-30 13:51:23,747 [INFO] مقدار close برای BNBUSDT: 10.0
2025-04-30 13:51:23,748 [INFO] سیگنال تولید شد برای BNBUSDT: {'coin': 'BNBUSDT', 'type': 'BUY', 'price': 10.0, 'timestamp': 100}
2025-04-30 13:51:23,749 [INFO] ارسال سیگنال برای BNBUSDT: {'coin': 'BNBUSDT', 'type': 'BUY', 'price': 10.0, 'timestamp': 100}
2025-04-30 13:51:23,937 [INFO] پیام به تلگرام ارسال شد: سیگنال برای BNBUSDT
نوع: BUY
قیمت: 10.0
زمان: 100
2025-04-30 13:51:23,938 [INFO] سیگنال برای BNBUSDT ارسال شد: BUY
2025-04-30 13:51:23,941 [INFO] پردازش XRPUSDT
2025-04-30 13:51:24,419 [INFO] دریافت داده‌های تستی برای XRPUSDT
2025-04-30 13:51:24,421 [INFO] داده‌های OHLC برای XRPUSDT دریافت شد: {'timestamp': 100, 'open': 10.0, 'high': 11.0, 'low': 9.0, 'close': 10.0, 'volume': 37.0}
2025-04-30 13:51:24,422 [INFO] تولید سیگنال برای XRPUSDT با داده‌های تستی
2025-04-30 13:51:24,425 [INFO] مقدار close برای XRPUSDT: 10.0
2025-04-30 13:51:24,426 [INFO] سیگنال تولید شد برای XRPUSDT: {'coin': 'XRPUSDT', 'type': 'BUY', 'price': 10.0, 'timestamp': 100}
2025-04-30 13:51:24,427 [INFO] ارسال سیگنال برای XRPUSDT: {'coin': 'XRPUSDT', 'type': 'BUY', 'price': 10.0, 'timestamp': 100}
2025-04-30 13:51:24,597 [INFO] پیام به تلگرام ارسال شد: سیگنال برای XRPUSDT
نوع: BUY
قیمت: 10.0
زمان: 100
2025-04-30 13:51:24,598 [INFO] سیگنال برای XRPUSDT ارسال شد: BUY
2025-04-30 13:51:24,601 [INFO] پردازش ADAUSDT
2025-04-30 13:51:25,067 [INFO] دریافت داده‌های تستی برای ADAUSDT
2025-04-30 13:51:25,069 [INFO] داده‌های OHLC برای ADAUSDT دریافت شد: {'timestamp': 100, 'open': 10.0, 'high': 11.0, 'low': 9.0, 'close': 10.0, 'volume': 37.0}
2025-04-30 13:51:25,070 [INFO] تولید سیگنال برای ADAUSDT با داده‌های تستی
2025-04-30 13:51:25,072 [INFO] مقدار close برای ADAUSDT: 10.0
2025-04-30 13:51:25,073 [INFO] سیگنال تولید شد برای ADAUSDT: {'coin': 'ADAUSDT', 'type': 'BUY', 'price': 10.0, 'timestamp': 100}
2025-04-30 13:51:25,073 [INFO] ارسال سیگنال برای ADAUSDT: {'coin': 'ADAUSDT', 'type': 'BUY', 'price': 10.0, 'timestamp': 100}
2025-04-30 13:51:25,257 [INFO] پیام به تلگرام ارسال شد: سیگنال برای ADAUSDT
نوع: BUY
قیمت: 10.0
زمان: 100
2025-04-30 13:51:25,258 [INFO] سیگنال برای ADAUSDT ارسال شد: BUY
2025-04-30 13:51:25,261 [INFO] پردازش SOLUSDT
2025-04-30 13:51:25,688 [INFO] دریافت داده‌های تستی برای SOLUSDT
2025-04-30 13:51:25,689 [INFO] داده‌های OHLC برای SOLUSDT دریافت شد: {'timestamp': 100, 'open': 10.0, 'high': 11.0, 'low': 9.0, 'close': 10.0, 'volume': 37.0}
2025-04-30 13:51:25,690 [INFO] تولید سیگنال برای SOLUSDT با داده‌های تستی
2025-04-30 13:51:25,691 [INFO] مقدار close برای SOLUSDT: 10.0
2025-04-30 13:51:25,694 [INFO] سیگنال تولید شد برای SOLUSDT: {'coin': 'SOLUSDT', 'type': 'BUY', 'price': 10.0, 'timestamp': 100}
2025-04-30 13:51:25,694 [INFO] ارسال سیگنال برای SOLUSDT: {'coin': 'SOLUSDT', 'type': 'BUY', 'price': 10.0, 'timestamp': 100}
2025-04-30 13:51:25,864 [INFO] پیام به تلگرام ارسال شد: سیگنال برای SOLUSDT
نوع: BUY
قیمت: 10.0
زمان: 100
2025-04-30 13:51:25,864 [INFO] سیگنال برای SOLUSDT ارسال شد: BUY
2025-04-30 13:51:25,867 [INFO] پردازش DOTUSDT
2025-04-30 13:51:26,340 [INFO] دریافت داده‌های تستی برای DOTUSDT
2025-04-30 13:51:26,342 [INFO] داده‌های OHLC برای DOTUSDT دریافت شد: {'timestamp': 100, 'open': 10.0, 'high': 11.0, 'low': 9.0, 'close': 10.0, 'volume': 37.0}
2025-04-30 13:51:26,343 [INFO] تولید سیگنال برای DOTUSDT با داده‌های تستی
2025-04-30 13:51:26,346 [INFO] مقدار close برای DOTUSDT: 10.0
2025-04-30 13:51:26,347 [INFO] سیگنال تولید شد برای DOTUSDT: {'coin': 'DOTUSDT', 'type': 'BUY', 'price': 10.0, 'timestamp': 100}
2025-04-30 13:51:26,348 [INFO] ارسال سیگنال برای DOTUSDT: {'coin': 'DOTUSDT', 'type': 'BUY', 'price': 10.0, 'timestamp': 100}
2025-04-30 13:51:26,530 [INFO] پیام به تلگرام ارسال شد: سیگنال برای DOTUSDT
نوع: BUY
قیمت: 10.0
زمان: 100
2025-04-30 13:51:26,531 [INFO] سیگنال برای DOTUSDT ارسال شد: BUY
2025-04-30 13:51:26,534 [INFO] پردازش DOGEUSDT
2025-04-30 13:51:27,001 [INFO] دریافت داده‌های تستی برای DOGEUSDT
2025-04-30 13:51:27,002 [INFO] داده‌های OHLC برای DOGEUSDT دریافت شد: {'timestamp': 100, 'open': 10.0, 'high': 11.0, 'low': 9.0, 'close': 10.0, 'volume': 37.0}
2025-04-30 13:51:27,003 [INFO] تولید سیگنال برای DOGEUSDT با داده‌های تستی
2025-04-30 13:51:27,006 [INFO] مقدار close برای DOGEUSDT: 10.0
2025-04-30 13:51:27,007 [INFO] سیگنال تولید شد برای DOGEUSDT: {'coin': 'DOGEUSDT', 'type': 'BUY', 'price': 10.0, 'timestamp': 100}
2025-04-30 13:51:27,007 [INFO] ارسال سیگنال برای DOGEUSDT: {'coin': 'DOGEUSDT', 'type': 'BUY', 'price': 10.0, 'timestamp': 100}
2025-04-30 13:51:27,193 [INFO] پیام به تلگرام ارسال شد: سیگنال برای DOGEUSDT
نوع: BUY
قیمت: 10.0
زمان: 100
2025-04-30 13:51:27,194 [INFO] سیگنال برای DOGEUSDT ارسال شد: BUY
2025-04-30 13:51:27,197 [INFO] پردازش AVAXUSDT
2025-04-30 13:51:27,660 [INFO] دریافت داده‌های تستی برای AVAXUSDT
2025-04-30 13:51:27,664 [INFO] داده‌های OHLC برای AVAXUSDT دریافت شد: {'timestamp': 100, 'open': 10.0, 'high': 11.0, 'low': 9.0, 'close': 10.0, 'volume': 37.0}
2025-04-30 13:51:27,665 [INFO] تولید سیگنال برای AVAXUSDT با داده‌های تستی
2025-04-30 13:51:27,666 [INFO] مقدار close برای AVAXUSDT: 10.0
2025-04-30 13:51:27,666 [INFO] سیگنال تولید شد برای AVAXUSDT: {'coin': 'AVAXUSDT', 'type': 'BUY', 'price': 10.0, 'timestamp': 100}
2025-04-30 13:51:27,667 [INFO] ارسال سیگنال برای AVAXUSDT: {'coin': 'AVAXUSDT', 'type': 'BUY', 'price': 10.0, 'timestamp': 100}
2025-04-30 13:51:27,835 [INFO] پیام به تلگرام ارسال شد: سیگنال برای AVAXUSDT
نوع: BUY
قیمت: 10.0
زمان: 100
2025-04-30 13:51:27,836 [INFO] سیگنال برای AVAXUSDT ارسال شد: BUY
2025-04-30 13:51:27,839 [INFO] پردازش MATICUSDT
2025-04-30 13:51:28,265 [INFO] دریافت داده‌های تستی برای MATICUSDT
2025-04-30 13:51:28,267 [INFO] داده‌های OHLC برای MATICUSDT دریافت شد: {'timestamp': 100, 'open': 10.0, 'high': 11.0, 'low': 9.0, 'close': 10.0, 'volume': 37.0}
2025-04-30 13:51:28,268 [INFO] تولید سیگنال برای MATICUSDT با داده‌های تستی
2025-04-30 13:51:28,269 [INFO] مقدار close برای MATICUSDT: 10.0
2025-04-30 13:51:28,272 [INFO] سیگنال تولید شد برای MATICUSDT: {'coin': 'MATICUSDT', 'type': 'BUY', 'price': 10.0, 'timestamp': 100}
2025-04-30 13:51:28,273 [INFO] ارسال سیگنال برای MATICUSDT: {'coin': 'MATICUSDT', 'type': 'BUY', 'price': 10.0, 'timestamp': 100}
2025-04-30 13:51:28,449 [INFO] پیام به تلگرام ارسال شد: سیگنال برای MATICUSDT
نوع: BUY
قیمت: 10.0
زمان: 100
2025-04-30 13:51:28,451 [INFO] سیگنال برای MATICUSDT ارسال شد: BUY
2025-04-30 13:51:28,454 [INFO] انتظار برای چرخه بعدی (15 دقیقه)
2025-04-30 13:58:43,266 [INFO] شروع بارگذاری تنظیمات
2025-04-30 13:58:43,266 [INFO] تنظیمات بارگذاری شد: {'xt_api_url': 'https://jsonplaceholder.typicode.com', 'timeframe': '15m', 'sma_short_period': 9, 'sma_long_period': 21, 'rsi_period': 14, 'macd_fast': 12, 'macd_slow': 26, 'macd_signal': 9, 'atr_period': 14, 'telegram_chat_id': '96545679'}
2025-04-30 13:58:43,267 [INFO] مقداردهی اولیه XT API
2025-04-30 13:58:43,268 [INFO] مقداردهی اولیه API برای تست انجام شد
2025-04-30 13:58:43,270 [INFO] مقداردهی اولیه بات تلگرام
2025-04-30 13:58:45,096 [INFO] مقداردهی اولیه بات تلگرام انجام شد
2025-04-30 13:58:45,096 [INFO] بارگذاری لیست ارزها
2025-04-30 13:58:45,097 [INFO] ارزهای بارگذاری‌شده: ['BTCUSDT', 'ETHUSDT', 'BNBUSDT', 'XRPUSDT', 'ADAUSDT', 'SOLUSDT', 'DOTUSDT', 'DOGEUSDT', 'AVAXUSDT', 'MATICUSDT']
2025-04-30 13:58:45,098 [INFO] مقداردهی اولیه استراتژی برای تست با JSONPlaceholder
2025-04-30 13:58:45,098 [INFO] بات SIGNAL-BOT با موفقیت شروع شد
2025-04-30 13:58:45,099 [INFO] پردازش BTCUSDT
2025-04-30 13:58:45,538 [INFO] دریافت داده‌های تستی برای BTCUSDT
2025-04-30 13:58:45,539 [INFO] داده‌های OHLC برای BTCUSDT دریافت شد: {'timestamp': 100, 'open': 10.0, 'high': 11.0, 'low': 9.0, 'close': 10.0, 'volume': 37.0}
2025-04-30 13:58:45,540 [INFO] تولید سیگنال برای BTCUSDT با داده‌های تستی
2025-04-30 13:58:45,540 [INFO] مقدار close برای BTCUSDT: 10.0
2025-04-30 13:58:45,541 [INFO] سیگنال تولید شد برای BTCUSDT: {'coin': 'BTCUSDT', 'type': 'BUY', 'price': 10.0, 'timestamp': 100}
2025-04-30 13:58:45,542 [INFO] ارسال سیگنال برای BTCUSDT: {'coin': 'BTCUSDT', 'type': 'BUY', 'price': 10.0, 'timestamp': 100}
2025-04-30 13:58:46,022 [INFO] پیام به تلگرام ارسال شد: سیگنال برای BTCUSDT
نوع: BUY
قیمت: 10.0
زمان: 100
2025-04-30 13:58:46,023 [INFO] سیگنال برای BTCUSDT ارسال شد: BUY
2025-04-30 13:58:46,025 [INFO] پردازش ETHUSDT
2025-04-30 13:58:46,468 [INFO] دریافت داده‌های تستی برای ETHUSDT
2025-04-30 13:58:46,469 [INFO] داده‌های OHLC برای ETHUSDT دریافت شد: {'timestamp': 100, 'open': 10.0, 'high': 11.0, 'low': 9.0, 'close': 10.0, 'volume': 37.0}
2025-04-30 13:58:46,471 [INFO] تولید سیگنال برای ETHUSDT با داده‌های تستی
2025-04-30 13:58:46,474 [INFO] مقدار close برای ETHUSDT: 10.0
2025-04-30 13:58:46,474 [INFO] سیگنال تولید شد برای ETHUSDT: {'coin': 'ETHUSDT', 'type': 'BUY', 'price': 10.0, 'timestamp': 100}
2025-04-30 13:58:46,475 [INFO] ارسال سیگنال برای ETHUSDT: {'coin': 'ETHUSDT', 'type': 'BUY', 'price': 10.0, 'timestamp': 100}
2025-04-30 13:58:46,655 [INFO] پیام به تلگرام ارسال شد: سیگنال برای ETHUSDT
نوع: BUY
قیمت: 10.0
زمان: 100
2025-04-30 13:58:46,656 [INFO] سیگنال برای ETHUSDT ارسال شد: BUY
2025-04-30 13:58:46,659 [INFO] پردازش BNBUSDT
2025-04-30 13:58:47,161 [INFO] دریافت داده‌های تستی برای BNBUSDT
2025-04-30 13:58:47,162 [INFO] داده‌های OHLC برای BNBUSDT دریافت شد: {'timestamp': 100, 'open': 10.0, 'high': 11.0, 'low': 9.0, 'close': 10.0, 'volume': 37.0}
2025-04-30 13:58:47,163 [INFO] تولید سیگنال برای BNBUSDT با داده‌های تستی
2025-04-30 13:58:47,167 [INFO] مقدار close برای BNBUSDT: 10.0
2025-04-30 13:58:47,168 [INFO] سیگنال تولید شد برای BNBUSDT: {'coin': 'BNBUSDT', 'type': 'BUY', 'price': 10.0, 'timestamp': 100}
2025-04-30 13:58:47,169 [INFO] ارسال سیگنال برای BNBUSDT: {'coin': 'BNBUSDT', 'type': 'BUY', 'price': 10.0, 'timestamp': 100}
2025-04-30 13:58:47,340 [INFO] پیام به تلگرام ارسال شد: سیگنال برای BNBUSDT
نوع: BUY
قیمت: 10.0
زمان: 100
2025-04-30 13:58:47,341 [INFO] سیگنال برای BNBUSDT ارسال شد: BUY
2025-04-30 13:58:47,345 [INFO] پردازش XRPUSDT
2025-04-30 13:58:47,823 [INFO] دریافت داده‌های تستی برای XRPUSDT
2025-04-30 13:58:47,825 [INFO] داده‌های OHLC برای XRPUSDT دریافت شد: {'timestamp': 100, 'open': 10.0, 'high': 11.0, 'low': 9.0, 'close': 10.0, 'volume': 37.0}
2025-04-30 13:58:47,827 [INFO] تولید سیگنال برای XRPUSDT با داده‌های تستی
2025-04-30 13:58:47,830 [INFO] مقدار close برای XRPUSDT: 10.0
2025-04-30 13:58:47,831 [INFO] سیگنال تولید شد برای XRPUSDT: {'coin': 'XRPUSDT', 'type': 'BUY', 'price': 10.0, 'timestamp': 100}
2025-04-30 13:58:47,832 [INFO] ارسال سیگنال برای XRPUSDT: {'coin': 'XRPUSDT', 'type': 'BUY', 'price': 10.0, 'timestamp': 100}
2025-04-30 13:58:47,996 [INFO] پیام به تلگرام ارسال شد: سیگنال برای XRPUSDT
نوع: BUY
قیمت: 10.0
زمان: 100
2025-04-30 13:58:47,997 [INFO] سیگنال برای XRPUSDT ارسال شد: BUY
2025-04-30 13:58:48,000 [INFO] پردازش ADAUSDT
2025-04-30 13:58:48,473 [INFO] دریافت داده‌های تستی برای ADAUSDT
2025-04-30 13:58:48,474 [INFO] داده‌های OHLC برای ADAUSDT دریافت شد: {'timestamp': 100, 'open': 10.0, 'high': 11.0, 'low': 9.0, 'close': 10.0, 'volume': 37.0}
2025-04-30 13:58:48,478 [INFO] تولید سیگنال برای ADAUSDT با داده‌های تستی
2025-04-30 13:58:48,481 [INFO] مقدار close برای ADAUSDT: 10.0
2025-04-30 13:58:48,481 [INFO] سیگنال تولید شد برای ADAUSDT: {'coin': 'ADAUSDT', 'type': 'BUY', 'price': 10.0, 'timestamp': 100}
2025-04-30 13:58:48,482 [INFO] ارسال سیگنال برای ADAUSDT: {'coin': 'ADAUSDT', 'type': 'BUY', 'price': 10.0, 'timestamp': 100}
2025-04-30 13:58:48,670 [INFO] پیام به تلگرام ارسال شد: سیگنال برای ADAUSDT
نوع: BUY
قیمت: 10.0
زمان: 100
2025-04-30 13:58:48,672 [INFO] سیگنال برای ADAUSDT ارسال شد: BUY
2025-04-30 13:58:48,675 [INFO] پردازش SOLUSDT
2025-04-30 13:58:49,150 [INFO] دریافت داده‌های تستی برای SOLUSDT
2025-04-30 13:58:49,152 [INFO] داده‌های OHLC برای SOLUSDT دریافت شد: {'timestamp': 100, 'open': 10.0, 'high': 11.0, 'low': 9.0, 'close': 10.0, 'volume': 37.0}
2025-04-30 13:58:49,155 [INFO] تولید سیگنال برای SOLUSDT با داده‌های تستی
2025-04-30 13:58:49,157 [INFO] مقدار close برای SOLUSDT: 10.0
2025-04-30 13:58:49,158 [INFO] سیگنال تولید شد برای SOLUSDT: {'coin': 'SOLUSDT', 'type': 'BUY', 'price': 10.0, 'timestamp': 100}
2025-04-30 13:58:49,159 [INFO] ارسال سیگنال برای SOLUSDT: {'coin': 'SOLUSDT', 'type': 'BUY', 'price': 10.0, 'timestamp': 100}
2025-04-30 13:58:49,359 [INFO] پیام به تلگرام ارسال شد: سیگنال برای SOLUSDT
نوع: BUY
قیمت: 10.0
زمان: 100
2025-04-30 13:58:49,360 [INFO] سیگنال برای SOLUSDT ارسال شد: BUY
2025-04-30 13:58:49,364 [INFO] پردازش DOTUSDT
2025-04-30 13:58:49,844 [INFO] دریافت داده‌های تستی برای DOTUSDT
2025-04-30 13:58:49,845 [INFO] داده‌های OHLC برای DOTUSDT دریافت شد: {'timestamp': 100, 'open': 10.0, 'high': 11.0, 'low': 9.0, 'close': 10.0, 'volume': 37.0}
2025-04-30 13:58:49,847 [INFO] تولید سیگنال برای DOTUSDT با داده‌های تستی
2025-04-30 13:58:49,850 [INFO] مقدار close برای DOTUSDT: 10.0
2025-04-30 13:58:49,852 [INFO] سیگنال تولید شد برای DOTUSDT: {'coin': 'DOTUSDT', 'type': 'BUY', 'price': 10.0, 'timestamp': 100}
2025-04-30 13:58:49,852 [INFO] ارسال سیگنال برای DOTUSDT: {'coin': 'DOTUSDT', 'type': 'BUY', 'price': 10.0, 'timestamp': 100}
2025-04-30 13:58:50,679 [INFO] پیام به تلگرام ارسال شد: سیگنال برای DOTUSDT
نوع: BUY
قیمت: 10.0
زمان: 100
2025-04-30 13:58:50,680 [INFO] سیگنال برای DOTUSDT ارسال شد: BUY
2025-04-30 13:58:50,683 [INFO] پردازش DOGEUSDT
2025-04-30 13:58:51,142 [INFO] دریافت داده‌های تستی برای DOGEUSDT
2025-04-30 13:58:51,144 [INFO] داده‌های OHLC برای DOGEUSDT دریافت شد: {'timestamp': 100, 'open': 10.0, 'high': 11.0, 'low': 9.0, 'close': 10.0, 'volume': 37.0}
2025-04-30 13:58:51,146 [INFO] تولید سیگنال برای DOGEUSDT با داده‌های تستی
2025-04-30 13:58:51,148 [INFO] مقدار close برای DOGEUSDT: 10.0
2025-04-30 13:58:51,150 [INFO] سیگنال تولید شد برای DOGEUSDT: {'coin': 'DOGEUSDT', 'type': 'BUY', 'price': 10.0, 'timestamp': 100}
2025-04-30 13:58:51,152 [INFO] ارسال سیگنال برای DOGEUSDT: {'coin': 'DOGEUSDT', 'type': 'BUY', 'price': 10.0, 'timestamp': 100}
2025-04-30 13:58:51,334 [INFO] پیام به تلگرام ارسال شد: سیگنال برای DOGEUSDT
نوع: BUY
قیمت: 10.0
زمان: 100
2025-04-30 13:58:51,335 [INFO] سیگنال برای DOGEUSDT ارسال شد: BUY
2025-04-30 13:58:51,338 [INFO] پردازش AVAXUSDT
2025-04-30 13:58:51,777 [INFO] دریافت داده‌های تستی برای AVAXUSDT
2025-04-30 13:58:51,780 [INFO] داده‌های OHLC برای AVAXUSDT دریافت شد: {'timestamp': 100, 'open': 10.0, 'high': 11.0, 'low': 9.0, 'close': 10.0, 'volume': 37.0}
2025-04-30 13:58:51,781 [INFO] تولید سیگنال برای AVAXUSDT با داده‌های تستی
2025-04-30 13:58:51,782 [INFO] مقدار close برای AVAXUSDT: 10.0
2025-04-30 13:58:51,783 [INFO] سیگنال تولید شد برای AVAXUSDT: {'coin': 'AVAXUSDT', 'type': 'BUY', 'price': 10.0, 'timestamp': 100}
2025-04-30 13:58:51,784 [INFO] ارسال سیگنال برای AVAXUSDT: {'coin': 'AVAXUSDT', 'type': 'BUY', 'price': 10.0, 'timestamp': 100}
2025-04-30 13:58:51,945 [INFO] پیام به تلگرام ارسال شد: سیگنال برای AVAXUSDT
نوع: BUY
قیمت: 10.0
زمان: 100
2025-04-30 13:58:51,946 [INFO] سیگنال برای AVAXUSDT ارسال شد: BUY
2025-04-30 13:58:51,949 [INFO] پردازش MATICUSDT
2025-04-30 13:58:52,408 [INFO] دریافت داده‌های تستی برای MATICUSDT
2025-04-30 13:58:52,409 [INFO] داده‌های OHLC برای MATICUSDT دریافت شد: {'timestamp': 100, 'open': 10.0, 'high': 11.0, 'low': 9.0, 'close': 10.0, 'volume': 37.0}
2025-04-30 13:58:52,412 [INFO] تولید سیگنال برای MATICUSDT با داده‌های تستی
2025-04-30 13:58:52,413 [INFO] مقدار close برای MATICUSDT: 10.0
2025-04-30 13:58:52,415 [INFO] سیگنال تولید شد برای MATICUSDT: {'coin': 'MATICUSDT', 'type': 'BUY', 'price': 10.0, 'timestamp': 100}
2025-04-30 13:58:52,417 [INFO] ارسال سیگنال برای MATICUSDT: {'coin': 'MATICUSDT', 'type': 'BUY', 'price': 10.0, 'timestamp': 100}
2025-04-30 13:58:52,588 [INFO] پیام به تلگرام ارسال شد: سیگنال برای MATICUSDT
نوع: BUY
قیمت: 10.0
زمان: 100
2025-04-30 13:58:52,589 [INFO] سیگنال برای MATICUSDT ارسال شد: BUY
2025-04-30 13:58:52,593 [INFO] انتظار برای چرخه بعدی (15 دقیقه)
2025-04-30 14:13:52,609 [INFO] پردازش BTCUSDT
2025-04-30 14:13:53,083 [INFO] دریافت داده‌های تستی برای BTCUSDT
2025-04-30 14:13:53,084 [INFO] داده‌های OHLC برای BTCUSDT دریافت شد: {'timestamp': 100, 'open': 10.0, 'high': 11.0, 'low': 9.0, 'close': 10.0, 'volume': 37.0}
2025-04-30 14:13:53,086 [INFO] تولید سیگنال برای BTCUSDT با داده‌های تستی
2025-04-30 14:13:53,086 [INFO] مقدار close برای BTCUSDT: 10.0
2025-04-30 14:13:53,089 [INFO] سیگنال تولید شد برای BTCUSDT: {'coin': 'BTCUSDT', 'type': 'BUY', 'price': 10.0, 'timestamp': 100}
2025-04-30 14:13:53,090 [INFO] ارسال سیگنال برای BTCUSDT: {'coin': 'BTCUSDT', 'type': 'BUY', 'price': 10.0, 'timestamp': 100}
2025-04-30 14:13:53,592 [INFO] پیام به تلگرام ارسال شد: سیگنال برای BTCUSDT
نوع: BUY
قیمت: 10.0
زمان: 100
2025-04-30 14:13:53,593 [INFO] سیگنال برای BTCUSDT ارسال شد: BUY
2025-04-30 14:13:53,596 [INFO] پردازش ETHUSDT
2025-04-30 14:13:54,033 [INFO] دریافت داده‌های تستی برای ETHUSDT
2025-04-30 14:13:54,034 [INFO] داده‌های OHLC برای ETHUSDT دریافت شد: {'timestamp': 100, 'open': 10.0, 'high': 11.0, 'low': 9.0, 'close': 10.0, 'volume': 37.0}
2025-04-30 14:13:54,035 [INFO] تولید سیگنال برای ETHUSDT با داده‌های تستی
2025-04-30 14:13:54,036 [INFO] مقدار close برای ETHUSDT: 10.0
2025-04-30 14:13:54,039 [INFO] سیگنال تولید شد برای ETHUSDT: {'coin': 'ETHUSDT', 'type': 'BUY', 'price': 10.0, 'timestamp': 100}
2025-04-30 14:13:54,039 [INFO] ارسال سیگنال برای ETHUSDT: {'coin': 'ETHUSDT', 'type': 'BUY', 'price': 10.0, 'timestamp': 100}
2025-04-30 14:13:54,230 [INFO] پیام به تلگرام ارسال شد: سیگنال برای ETHUSDT
نوع: BUY
قیمت: 10.0
زمان: 100
2025-04-30 14:13:54,231 [INFO] سیگنال برای ETHUSDT ارسال شد: BUY
2025-04-30 14:13:54,234 [INFO] پردازش BNBUSDT
2025-04-30 14:13:54,688 [INFO] دریافت داده‌های تستی برای BNBUSDT
2025-04-30 14:13:54,690 [INFO] داده‌های OHLC برای BNBUSDT دریافت شد: {'timestamp': 100, 'open': 10.0, 'high': 11.0, 'low': 9.0, 'close': 10.0, 'volume': 37.0}
2025-04-30 14:13:54,692 [INFO] تولید سیگنال برای BNBUSDT با داده‌های تستی
2025-04-30 14:13:54,694 [INFO] مقدار close برای BNBUSDT: 10.0
2025-04-30 14:13:54,695 [INFO] سیگنال تولید شد برای BNBUSDT: {'coin': 'BNBUSDT', 'type': 'BUY', 'price': 10.0, 'timestamp': 100}
2025-04-30 14:13:54,697 [INFO] ارسال سیگنال برای BNBUSDT: {'coin': 'BNBUSDT', 'type': 'BUY', 'price': 10.0, 'timestamp': 100}
2025-04-30 14:13:54,863 [INFO] پیام به تلگرام ارسال شد: سیگنال برای BNBUSDT
نوع: BUY
قیمت: 10.0
زمان: 100
2025-04-30 14:13:54,864 [INFO] سیگنال برای BNBUSDT ارسال شد: BUY
2025-04-30 14:13:54,867 [INFO] پردازش XRPUSDT
2025-04-30 14:13:55,327 [INFO] دریافت داده‌های تستی برای XRPUSDT
2025-04-30 14:13:55,329 [INFO] داده‌های OHLC برای XRPUSDT دریافت شد: {'timestamp': 100, 'open': 10.0, 'high': 11.0, 'low': 9.0, 'close': 10.0, 'volume': 37.0}
2025-04-30 14:13:55,330 [INFO] تولید سیگنال برای XRPUSDT با داده‌های تستی
2025-04-30 14:13:55,331 [INFO] مقدار close برای XRPUSDT: 10.0
2025-04-30 14:13:55,334 [INFO] سیگنال تولید شد برای XRPUSDT: {'coin': 'XRPUSDT', 'type': 'BUY', 'price': 10.0, 'timestamp': 100}
2025-04-30 14:13:55,335 [INFO] ارسال سیگنال برای XRPUSDT: {'coin': 'XRPUSDT', 'type': 'BUY', 'price': 10.0, 'timestamp': 100}
2025-04-30 14:13:55,513 [INFO] پیام به تلگرام ارسال شد: سیگنال برای XRPUSDT
نوع: BUY
قیمت: 10.0
زمان: 100
2025-04-30 14:13:55,514 [INFO] سیگنال برای XRPUSDT ارسال شد: BUY
2025-04-30 14:13:55,517 [INFO] پردازش ADAUSDT
2025-04-30 14:13:56,059 [INFO] دریافت داده‌های تستی برای ADAUSDT
2025-04-30 14:13:56,060 [INFO] داده‌های OHLC برای ADAUSDT دریافت شد: {'timestamp': 100, 'open': 10.0, 'high': 11.0, 'low': 9.0, 'close': 10.0, 'volume': 37.0}
2025-04-30 14:13:56,062 [INFO] تولید سیگنال برای ADAUSDT با داده‌های تستی
2025-04-30 14:13:56,063 [INFO] مقدار close برای ADAUSDT: 10.0
2025-04-30 14:13:56,066 [INFO] سیگنال تولید شد برای ADAUSDT: {'coin': 'ADAUSDT', 'type': 'BUY', 'price': 10.0, 'timestamp': 100}
2025-04-30 14:13:56,066 [INFO] ارسال سیگنال برای ADAUSDT: {'coin': 'ADAUSDT', 'type': 'BUY', 'price': 10.0, 'timestamp': 100}
2025-04-30 14:13:56,245 [INFO] پیام به تلگرام ارسال شد: سیگنال برای ADAUSDT
نوع: BUY
قیمت: 10.0
زمان: 100
2025-04-30 14:13:56,246 [INFO] سیگنال برای ADAUSDT ارسال شد: BUY
2025-04-30 14:13:56,249 [INFO] پردازش SOLUSDT
2025-04-30 14:13:56,704 [INFO] دریافت داده‌های تستی برای SOLUSDT
2025-04-30 14:13:56,706 [INFO] داده‌های OHLC برای SOLUSDT دریافت شد: {'timestamp': 100, 'open': 10.0, 'high': 11.0, 'low': 9.0, 'close': 10.0, 'volume': 37.0}
2025-04-30 14:13:56,708 [INFO] تولید سیگنال برای SOLUSDT با داده‌های تستی
2025-04-30 14:13:56,711 [INFO] مقدار close برای SOLUSDT: 10.0
2025-04-30 14:13:56,713 [INFO] سیگنال تولید شد برای SOLUSDT: {'coin': 'SOLUSDT', 'type': 'BUY', 'price': 10.0, 'timestamp': 100}
2025-04-30 14:13:56,713 [INFO] ارسال سیگنال برای SOLUSDT: {'coin': 'SOLUSDT', 'type': 'BUY', 'price': 10.0, 'timestamp': 100}
2025-04-30 14:13:56,887 [INFO] پیام به تلگرام ارسال شد: سیگنال برای SOLUSDT
نوع: BUY
قیمت: 10.0
زمان: 100
2025-04-30 14:13:56,888 [INFO] سیگنال برای SOLUSDT ارسال شد: BUY
2025-04-30 14:13:56,891 [INFO] پردازش DOTUSDT
2025-04-30 14:13:57,354 [INFO] دریافت داده‌های تستی برای DOTUSDT
2025-04-30 14:13:57,355 [INFO] داده‌های OHLC برای DOTUSDT دریافت شد: {'timestamp': 100, 'open': 10.0, 'high': 11.0, 'low': 9.0, 'close': 10.0, 'volume': 37.0}
2025-04-30 14:13:57,357 [INFO] تولید سیگنال برای DOTUSDT با داده‌های تستی
2025-04-30 14:13:57,360 [INFO] مقدار close برای DOTUSDT: 10.0
2025-04-30 14:13:57,361 [INFO] سیگنال تولید شد برای DOTUSDT: {'coin': 'DOTUSDT', 'type': 'BUY', 'price': 10.0, 'timestamp': 100}
2025-04-30 14:13:57,362 [INFO] ارسال سیگنال برای DOTUSDT: {'coin': 'DOTUSDT', 'type': 'BUY', 'price': 10.0, 'timestamp': 100}
2025-04-30 14:13:57,525 [INFO] پیام به تلگرام ارسال شد: سیگنال برای DOTUSDT
نوع: BUY
قیمت: 10.0
زمان: 100
2025-04-30 14:13:57,527 [INFO] سیگنال برای DOTUSDT ارسال شد: BUY
2025-04-30 14:13:57,530 [INFO] پردازش DOGEUSDT
2025-04-30 14:13:58,015 [INFO] دریافت داده‌های تستی برای DOGEUSDT
2025-04-30 14:13:58,016 [INFO] داده‌های OHLC برای DOGEUSDT دریافت شد: {'timestamp': 100, 'open': 10.0, 'high': 11.0, 'low': 9.0, 'close': 10.0, 'volume': 37.0}
2025-04-30 14:13:58,018 [INFO] تولید سیگنال برای DOGEUSDT با داده‌های تستی
2025-04-30 14:13:58,020 [INFO] مقدار close برای DOGEUSDT: 10.0
2025-04-30 14:13:58,021 [INFO] سیگنال تولید شد برای DOGEUSDT: {'coin': 'DOGEUSDT', 'type': 'BUY', 'price': 10.0, 'timestamp': 100}
2025-04-30 14:13:58,022 [INFO] ارسال سیگنال برای DOGEUSDT: {'coin': 'DOGEUSDT', 'type': 'BUY', 'price': 10.0, 'timestamp': 100}
2025-04-30 14:13:58,203 [INFO] پیام به تلگرام ارسال شد: سیگنال برای DOGEUSDT
نوع: BUY
قیمت: 10.0
زمان: 100
2025-04-30 14:13:58,204 [INFO] سیگنال برای DOGEUSDT ارسال شد: BUY
2025-04-30 14:13:58,207 [INFO] پردازش AVAXUSDT
2025-04-30 14:13:58,648 [INFO] دریافت داده‌های تستی برای AVAXUSDT
2025-04-30 14:13:58,650 [INFO] داده‌های OHLC برای AVAXUSDT دریافت شد: {'timestamp': 100, 'open': 10.0, 'high': 11.0, 'low': 9.0, 'close': 10.0, 'volume': 37.0}
2025-04-30 14:13:58,652 [INFO] تولید سیگنال برای AVAXUSDT با داده‌های تستی
2025-04-30 14:13:58,654 [INFO] مقدار close برای AVAXUSDT: 10.0
2025-04-30 14:13:58,657 [INFO] سیگنال تولید شد برای AVAXUSDT: {'coin': 'AVAXUSDT', 'type': 'BUY', 'price': 10.0, 'timestamp': 100}
2025-04-30 14:13:58,660 [INFO] ارسال سیگنال برای AVAXUSDT: {'coin': 'AVAXUSDT', 'type': 'BUY', 'price': 10.0, 'timestamp': 100}
2025-04-30 14:13:58,835 [INFO] پیام به تلگرام ارسال شد: سیگنال برای AVAXUSDT
نوع: BUY
قیمت: 10.0
زمان: 100
2025-04-30 14:13:58,837 [INFO] سیگنال برای AVAXUSDT ارسال شد: BUY
2025-04-30 14:13:58,841 [INFO] پردازش MATICUSDT
2025-04-30 14:13:59,368 [INFO] دریافت داده‌های تستی برای MATICUSDT
2025-04-30 14:13:59,370 [INFO] داده‌های OHLC برای MATICUSDT دریافت شد: {'timestamp': 100, 'open': 10.0, 'high': 11.0, 'low': 9.0, 'close': 10.0, 'volume': 37.0}
2025-04-30 14:13:59,370 [INFO] تولید سیگنال برای MATICUSDT با داده‌های تستی
2025-04-30 14:13:59,374 [INFO] مقدار close برای MATICUSDT: 10.0
2025-04-30 14:13:59,377 [INFO] سیگنال تولید شد برای MATICUSDT: {'coin': 'MATICUSDT', 'type': 'BUY', 'price': 10.0, 'timestamp': 100}
2025-04-30 14:13:59,379 [INFO] ارسال سیگنال برای MATICUSDT: {'coin': 'MATICUSDT', 'type': 'BUY', 'price': 10.0, 'timestamp': 100}
2025-04-30 14:13:59,549 [INFO] پیام به تلگرام ارسال شد: سیگنال برای MATICUSDT
نوع: BUY
قیمت: 10.0
زمان: 100
2025-04-30 14:13:59,550 [INFO] سیگنال برای MATICUSDT ارسال شد: BUY
2025-04-30 14:13:59,553 [INFO] انتظار برای چرخه بعدی (15 دقیقه)
2025-04-30 16:04:47,166 [INFO] پردازش BTCUSDT
2025-04-30 16:04:47,597 [INFO] دریافت داده‌های تستی برای BTCUSDT
2025-04-30 16:04:47,598 [INFO] داده‌های OHLC برای BTCUSDT دریافت شد: {'timestamp': 100, 'open': 10.0, 'high': 11.0, 'low': 9.0, 'close': 10.0, 'volume': 37.0}
2025-04-30 16:04:47,599 [INFO] تولید سیگنال برای BTCUSDT با داده‌های تستی
2025-04-30 16:04:47,601 [INFO] مقدار close برای BTCUSDT: 10.0
2025-04-30 16:04:47,601 [INFO] سیگنال تولید شد برای BTCUSDT: {'coin': 'BTCUSDT', 'type': 'BUY', 'price': 10.0, 'timestamp': 100}
2025-04-30 16:04:47,602 [INFO] ارسال سیگنال برای BTCUSDT: {'coin': 'BTCUSDT', 'type': 'BUY', 'price': 10.0, 'timestamp': 100}
2025-04-30 16:04:48,155 [INFO] پیام به تلگرام ارسال شد: سیگنال برای BTCUSDT
نوع: BUY
قیمت: 10.0
زمان: 100
2025-04-30 16:04:48,155 [INFO] سیگنال برای BTCUSDT ارسال شد: BUY
2025-04-30 16:04:48,157 [INFO] پردازش ETHUSDT
2025-04-30 16:04:48,607 [INFO] دریافت داده‌های تستی برای ETHUSDT
2025-04-30 16:04:48,608 [INFO] داده‌های OHLC برای ETHUSDT دریافت شد: {'timestamp': 100, 'open': 10.0, 'high': 11.0, 'low': 9.0, 'close': 10.0, 'volume': 37.0}
2025-04-30 16:04:48,609 [INFO] تولید سیگنال برای ETHUSDT با داده‌های تستی
2025-04-30 16:04:48,610 [INFO] مقدار close برای ETHUSDT: 10.0
2025-04-30 16:04:48,611 [INFO] سیگنال تولید شد برای ETHUSDT: {'coin': 'ETHUSDT', 'type': 'BUY', 'price': 10.0, 'timestamp': 100}
2025-04-30 16:04:48,612 [INFO] ارسال سیگنال برای ETHUSDT: {'coin': 'ETHUSDT', 'type': 'BUY', 'price': 10.0, 'timestamp': 100}
2025-04-30 16:04:48,856 [INFO] پیام به تلگرام ارسال شد: سیگنال برای ETHUSDT
نوع: BUY
قیمت: 10.0
زمان: 100
2025-04-30 16:04:48,857 [INFO] سیگنال برای ETHUSDT ارسال شد: BUY
2025-04-30 16:04:48,858 [INFO] پردازش BNBUSDT
2025-04-30 16:04:49,342 [INFO] دریافت داده‌های تستی برای BNBUSDT
2025-04-30 16:04:49,344 [INFO] داده‌های OHLC برای BNBUSDT دریافت شد: {'timestamp': 100, 'open': 10.0, 'high': 11.0, 'low': 9.0, 'close': 10.0, 'volume': 37.0}
2025-04-30 16:04:49,344 [INFO] تولید سیگنال برای BNBUSDT با داده‌های تستی
2025-04-30 16:04:49,346 [INFO] مقدار close برای BNBUSDT: 10.0
2025-04-30 16:04:49,347 [INFO] سیگنال تولید شد برای BNBUSDT: {'coin': 'BNBUSDT', 'type': 'BUY', 'price': 10.0, 'timestamp': 100}
2025-04-30 16:04:49,348 [INFO] ارسال سیگنال برای BNBUSDT: {'coin': 'BNBUSDT', 'type': 'BUY', 'price': 10.0, 'timestamp': 100}
2025-04-30 16:04:49,530 [INFO] پیام به تلگرام ارسال شد: سیگنال برای BNBUSDT
نوع: BUY
قیمت: 10.0
زمان: 100
2025-04-30 16:04:49,531 [INFO] سیگنال برای BNBUSDT ارسال شد: BUY
2025-04-30 16:04:49,533 [INFO] پردازش XRPUSDT
2025-04-30 16:04:49,981 [INFO] دریافت داده‌های تستی برای XRPUSDT
2025-04-30 16:04:49,982 [INFO] داده‌های OHLC برای XRPUSDT دریافت شد: {'timestamp': 100, 'open': 10.0, 'high': 11.0, 'low': 9.0, 'close': 10.0, 'volume': 37.0}
2025-04-30 16:04:49,983 [INFO] تولید سیگنال برای XRPUSDT با داده‌های تستی
2025-04-30 16:04:49,986 [INFO] مقدار close برای XRPUSDT: 10.0
2025-04-30 16:04:49,986 [INFO] سیگنال تولید شد برای XRPUSDT: {'coin': 'XRPUSDT', 'type': 'BUY', 'price': 10.0, 'timestamp': 100}
2025-04-30 16:04:49,987 [INFO] ارسال سیگنال برای XRPUSDT: {'coin': 'XRPUSDT', 'type': 'BUY', 'price': 10.0, 'timestamp': 100}
2025-04-30 16:04:50,161 [INFO] پیام به تلگرام ارسال شد: سیگنال برای XRPUSDT
نوع: BUY
قیمت: 10.0
زمان: 100
2025-04-30 16:04:50,162 [INFO] سیگنال برای XRPUSDT ارسال شد: BUY
2025-04-30 16:04:50,164 [INFO] پردازش ADAUSDT
2025-04-30 16:04:50,629 [INFO] دریافت داده‌های تستی برای ADAUSDT
2025-04-30 16:04:50,631 [INFO] داده‌های OHLC برای ADAUSDT دریافت شد: {'timestamp': 100, 'open': 10.0, 'high': 11.0, 'low': 9.0, 'close': 10.0, 'volume': 37.0}
2025-04-30 16:04:50,631 [INFO] تولید سیگنال برای ADAUSDT با داده‌های تستی
2025-04-30 16:04:50,635 [INFO] مقدار close برای ADAUSDT: 10.0
2025-04-30 16:04:50,635 [INFO] سیگنال تولید شد برای ADAUSDT: {'coin': 'ADAUSDT', 'type': 'BUY', 'price': 10.0, 'timestamp': 100}
2025-04-30 16:04:50,636 [INFO] ارسال سیگنال برای ADAUSDT: {'coin': 'ADAUSDT', 'type': 'BUY', 'price': 10.0, 'timestamp': 100}
2025-04-30 16:04:50,816 [INFO] پیام به تلگرام ارسال شد: سیگنال برای ADAUSDT
نوع: BUY
قیمت: 10.0
زمان: 100
2025-04-30 16:04:50,816 [INFO] سیگنال برای ADAUSDT ارسال شد: BUY
2025-04-30 16:04:50,817 [INFO] پردازش SOLUSDT
2025-04-30 16:04:51,247 [INFO] دریافت داده‌های تستی برای SOLUSDT
2025-04-30 16:04:51,248 [INFO] داده‌های OHLC برای SOLUSDT دریافت شد: {'timestamp': 100, 'open': 10.0, 'high': 11.0, 'low': 9.0, 'close': 10.0, 'volume': 37.0}
2025-04-30 16:04:51,249 [INFO] تولید سیگنال برای SOLUSDT با داده‌های تستی
2025-04-30 16:04:51,252 [INFO] مقدار close برای SOLUSDT: 10.0
2025-04-30 16:04:51,252 [INFO] سیگنال تولید شد برای SOLUSDT: {'coin': 'SOLUSDT', 'type': 'BUY', 'price': 10.0, 'timestamp': 100}
2025-04-30 16:04:51,253 [INFO] ارسال سیگنال برای SOLUSDT: {'coin': 'SOLUSDT', 'type': 'BUY', 'price': 10.0, 'timestamp': 100}
2025-04-30 16:04:51,423 [INFO] پیام به تلگرام ارسال شد: سیگنال برای SOLUSDT
نوع: BUY
قیمت: 10.0
زمان: 100
2025-04-30 16:04:51,423 [INFO] سیگنال برای SOLUSDT ارسال شد: BUY
2025-04-30 16:04:51,424 [INFO] پردازش DOTUSDT
2025-04-30 16:04:51,838 [INFO] دریافت داده‌های تستی برای DOTUSDT
2025-04-30 16:04:51,839 [INFO] داده‌های OHLC برای DOTUSDT دریافت شد: {'timestamp': 100, 'open': 10.0, 'high': 11.0, 'low': 9.0, 'close': 10.0, 'volume': 37.0}
2025-04-30 16:04:51,839 [INFO] تولید سیگنال برای DOTUSDT با داده‌های تستی
2025-04-30 16:04:51,841 [INFO] مقدار close برای DOTUSDT: 10.0
2025-04-30 16:04:51,841 [INFO] سیگنال تولید شد برای DOTUSDT: {'coin': 'DOTUSDT', 'type': 'BUY', 'price': 10.0, 'timestamp': 100}
2025-04-30 16:04:51,843 [INFO] ارسال سیگنال برای DOTUSDT: {'coin': 'DOTUSDT', 'type': 'BUY', 'price': 10.0, 'timestamp': 100}
2025-04-30 16:04:52,009 [INFO] پیام به تلگرام ارسال شد: سیگنال برای DOTUSDT
نوع: BUY
قیمت: 10.0
زمان: 100
2025-04-30 16:04:52,009 [INFO] سیگنال برای DOTUSDT ارسال شد: BUY
2025-04-30 16:04:52,011 [INFO] پردازش DOGEUSDT
2025-04-30 16:04:52,462 [INFO] دریافت داده‌های تستی برای DOGEUSDT
2025-04-30 16:04:52,463 [INFO] داده‌های OHLC برای DOGEUSDT دریافت شد: {'timestamp': 100, 'open': 10.0, 'high': 11.0, 'low': 9.0, 'close': 10.0, 'volume': 37.0}
2025-04-30 16:04:52,464 [INFO] تولید سیگنال برای DOGEUSDT با داده‌های تستی
2025-04-30 16:04:52,466 [INFO] مقدار close برای DOGEUSDT: 10.0
2025-04-30 16:04:52,466 [INFO] سیگنال تولید شد برای DOGEUSDT: {'coin': 'DOGEUSDT', 'type': 'BUY', 'price': 10.0, 'timestamp': 100}
2025-04-30 16:04:52,467 [INFO] ارسال سیگنال برای DOGEUSDT: {'coin': 'DOGEUSDT', 'type': 'BUY', 'price': 10.0, 'timestamp': 100}
2025-04-30 16:04:52,647 [INFO] پیام به تلگرام ارسال شد: سیگنال برای DOGEUSDT
نوع: BUY
قیمت: 10.0
زمان: 100
2025-04-30 16:04:52,647 [INFO] سیگنال برای DOGEUSDT ارسال شد: BUY
2025-04-30 16:04:52,648 [INFO] پردازش AVAXUSDT
2025-04-30 16:04:53,085 [INFO] دریافت داده‌های تستی برای AVAXUSDT
2025-04-30 16:04:53,086 [INFO] داده‌های OHLC برای AVAXUSDT دریافت شد: {'timestamp': 100, 'open': 10.0, 'high': 11.0, 'low': 9.0, 'close': 10.0, 'volume': 37.0}
2025-04-30 16:04:53,087 [INFO] تولید سیگنال برای AVAXUSDT با داده‌های تستی
2025-04-30 16:04:53,087 [INFO] مقدار close برای AVAXUSDT: 10.0
2025-04-30 16:04:53,089 [INFO] سیگنال تولید شد برای AVAXUSDT: {'coin': 'AVAXUSDT', 'type': 'BUY', 'price': 10.0, 'timestamp': 100}
2025-04-30 16:04:53,090 [INFO] ارسال سیگنال برای AVAXUSDT: {'coin': 'AVAXUSDT', 'type': 'BUY', 'price': 10.0, 'timestamp': 100}
2025-04-30 16:04:53,263 [INFO] پیام به تلگرام ارسال شد: سیگنال برای AVAXUSDT
نوع: BUY
قیمت: 10.0
زمان: 100
2025-04-30 16:04:53,264 [INFO] سیگنال برای AVAXUSDT ارسال شد: BUY
2025-04-30 16:04:53,265 [INFO] پردازش MATICUSDT
2025-04-30 16:04:53,703 [INFO] دریافت داده‌های تستی برای MATICUSDT
2025-04-30 16:04:53,704 [INFO] داده‌های OHLC برای MATICUSDT دریافت شد: {'timestamp': 100, 'open': 10.0, 'high': 11.0, 'low': 9.0, 'close': 10.0, 'volume': 37.0}
2025-04-30 16:04:53,705 [INFO] تولید سیگنال برای MATICUSDT با داده‌های تستی
2025-04-30 16:04:53,707 [INFO] مقدار close برای MATICUSDT: 10.0
2025-04-30 16:04:53,707 [INFO] سیگنال تولید شد برای MATICUSDT: {'coin': 'MATICUSDT', 'type': 'BUY', 'price': 10.0, 'timestamp': 100}
2025-04-30 16:04:53,708 [INFO] ارسال سیگنال برای MATICUSDT: {'coin': 'MATICUSDT', 'type': 'BUY', 'price': 10.0, 'timestamp': 100}
2025-04-30 16:04:53,900 [INFO] پیام به تلگرام ارسال شد: سیگنال برای MATICUSDT
نوع: BUY
قیمت: 10.0
زمان: 100
2025-04-30 16:04:53,900 [INFO] سیگنال برای MATICUSDT ارسال شد: BUY
2025-04-30 16:04:53,901 [INFO] انتظار برای چرخه بعدی (15 دقیقه)
2025-04-30 16:08:41,171 [INFO] شروع بارگذاری تنظیمات
2025-04-30 16:08:41,187 [INFO] تنظیمات بارگذاری شد: {'xt_api_url': 'https://api.coingecko.com/api/v3', 'timeframe': '15m', 'sma_short_period': 9, 'sma_long_period': 21, 'rsi_period': 14, 'macd_fast': 12, 'macd_slow': 26, 'macd_signal': 9, 'atr_period': 14, 'telegram_chat_id': '96545679'}
2025-04-30 16:08:41,188 [INFO] مقداردهی اولیه XT API
2025-04-30 16:08:41,190 [INFO] مقداردهی اولیه API برای CoinGecko انجام شد
2025-04-30 16:08:41,190 [INFO] مقداردهی اولیه بات تلگرام
2025-04-30 16:08:43,022 [INFO] مقداردهی اولیه بات تلگرام انجام شد
2025-04-30 16:08:43,022 [INFO] بارگذاری لیست ارزها
2025-04-30 16:08:43,023 [INFO] ارزهای بارگذاری‌شده: ['BTCUSDT', 'ETHUSDT', 'BNBUSDT', 'XRPUSDT', 'ADAUSDT', 'SOLUSDT', 'DOTUSDT', 'DOGEUSDT', 'AVAXUSDT', 'MATICUSDT']
2025-04-30 16:08:43,027 [INFO] مقداردهی اولیه استراتژی برای تست با JSONPlaceholder
2025-04-30 16:08:43,029 [INFO] بات SIGNAL-BOT با موفقیت شروع شد
2025-04-30 16:08:43,029 [INFO] پردازش BTCUSDT
2025-04-30 16:08:43,642 [ERROR] خطای HTTP برای BTCUSDT: 404 Client Error: Not Found for url: https://api.coingecko.com/api/v3/coins/btc/ohlc?vs_currency=usd&days=1
2025-04-30 16:08:43,643 [ERROR] خطا در پردازش BTCUSDT: name 'time' is not defined
2025-04-30 16:08:43,646 [INFO] پردازش ETHUSDT
2025-04-30 16:08:44,252 [ERROR] خطای HTTP برای ETHUSDT: 404 Client Error: Not Found for url: https://api.coingecko.com/api/v3/coins/eth/ohlc?vs_currency=usd&days=1
2025-04-30 16:08:44,252 [ERROR] خطا در پردازش ETHUSDT: name 'time' is not defined
2025-04-30 16:08:44,255 [INFO] پردازش BNBUSDT
2025-04-30 16:08:44,866 [ERROR] خطای HTTP برای BNBUSDT: 404 Client Error: Not Found for url: https://api.coingecko.com/api/v3/coins/bnb/ohlc?vs_currency=usd&days=1
2025-04-30 16:08:44,866 [ERROR] خطا در پردازش BNBUSDT: name 'time' is not defined
2025-04-30 16:08:44,868 [INFO] پردازش XRPUSDT
2025-04-30 16:08:45,868 [ERROR] خطای HTTP برای XRPUSDT: 404 Client Error: Not Found for url: https://api.coingecko.com/api/v3/coins/xrp/ohlc?vs_currency=usd&days=1
2025-04-30 16:08:45,869 [ERROR] خطا در پردازش XRPUSDT: name 'time' is not defined
2025-04-30 16:08:45,875 [INFO] پردازش ADAUSDT
2025-04-30 16:08:46,470 [ERROR] خطای HTTP برای ADAUSDT: 404 Client Error: Not Found for url: https://api.coingecko.com/api/v3/coins/ada/ohlc?vs_currency=usd&days=1
2025-04-30 16:08:46,471 [ERROR] خطا در پردازش ADAUSDT: name 'time' is not defined
2025-04-30 16:08:46,474 [INFO] پردازش SOLUSDT
2025-04-30 16:08:46,902 [ERROR] خطای HTTP برای SOLUSDT: 429 Client Error: Too Many Requests for url: https://api.coingecko.com/api/v3/coins/sol/ohlc?vs_currency=usd&days=1
2025-04-30 16:08:46,903 [ERROR] خطا در پردازش SOLUSDT: name 'time' is not defined
2025-04-30 16:08:46,905 [INFO] پردازش DOTUSDT
2025-04-30 16:08:47,329 [ERROR] خطای HTTP برای DOTUSDT: 429 Client Error: Too Many Requests for url: https://api.coingecko.com/api/v3/coins/dot/ohlc?vs_currency=usd&days=1
2025-04-30 16:08:47,329 [ERROR] خطا در پردازش DOTUSDT: name 'time' is not defined
2025-04-30 16:08:47,335 [INFO] پردازش DOGEUSDT
2025-04-30 16:08:47,825 [ERROR] خطای HTTP برای DOGEUSDT: 429 Client Error: Too Many Requests for url: https://api.coingecko.com/api/v3/coins/doge/ohlc?vs_currency=usd&days=1
2025-04-30 16:08:47,826 [ERROR] خطا در پردازش DOGEUSDT: name 'time' is not defined
2025-04-30 16:08:47,830 [INFO] پردازش AVAXUSDT
2025-04-30 16:08:48,307 [ERROR] خطای HTTP برای AVAXUSDT: 429 Client Error: Too Many Requests for url: https://api.coingecko.com/api/v3/coins/avax/ohlc?vs_currency=usd&days=1
2025-04-30 16:08:48,309 [ERROR] خطا در پردازش AVAXUSDT: name 'time' is not defined
2025-04-30 16:08:48,312 [INFO] پردازش MATICUSDT
2025-04-30 16:08:48,780 [ERROR] خطای HTTP برای MATICUSDT: 429 Client Error: Too Many Requests for url: https://api.coingecko.com/api/v3/coins/matic/ohlc?vs_currency=usd&days=1
2025-04-30 16:08:48,781 [ERROR] خطا در پردازش MATICUSDT: name 'time' is not defined
2025-04-30 16:08:48,784 [INFO] انتظار برای چرخه بعدی (15 دقیقه)
2025-04-30 16:14:45,765 [INFO] شروع بارگذاری تنظیمات
2025-04-30 16:14:45,765 [INFO] تنظیمات بارگذاری شد: {'xt_api_url': 'https://api.coingecko.com/api/v3', 'timeframe': '15m', 'sma_short_period': 9, 'sma_long_period': 21, 'rsi_period': 14, 'macd_fast': 12, 'macd_slow': 26, 'macd_signal': 9, 'atr_period': 14, 'telegram_chat_id': '96545679'}
2025-04-30 16:14:45,766 [INFO] مقداردهی اولیه XT API
2025-04-30 16:14:45,769 [INFO] مقداردهی اولیه API برای CoinGecko انجام شد
2025-04-30 16:14:45,769 [INFO] مقداردهی اولیه بات تلگرام
2025-04-30 16:14:47,613 [INFO] مقداردهی اولیه بات تلگرام انجام شد
2025-04-30 16:14:47,613 [INFO] بارگذاری لیست ارزها
2025-04-30 16:14:47,625 [INFO] ارزهای بارگذاری‌شده: ['BTCUSDT', 'ETHUSDT', 'BNBUSDT', 'XRPUSDT']
2025-04-30 16:14:47,626 [INFO] مقداردهی اولیه استراتژی برای تست با JSONPlaceholder
2025-04-30 16:14:47,626 [INFO] بات SIGNAL-BOT با موفقیت شروع شد
2025-04-30 16:14:47,627 [INFO] پردازش BTCUSDT
2025-04-30 16:14:48,242 [ERROR] خطای HTTP برای BTCUSDT: 404 Client Error: Not Found for url: https://api.coingecko.com/api/v3/coins/btc/ohlc?vs_currency=usd&days=1
2025-04-30 16:14:48,243 [WARNING] داده‌های OHLC برای BTCUSDT دریافت نشد
2025-04-30 16:14:48,245 [INFO] پردازش ETHUSDT
2025-04-30 16:14:48,813 [ERROR] خطای HTTP برای ETHUSDT: 404 Client Error: Not Found for url: https://api.coingecko.com/api/v3/coins/eth/ohlc?vs_currency=usd&days=1
2025-04-30 16:14:48,814 [WARNING] داده‌های OHLC برای ETHUSDT دریافت نشد
2025-04-30 16:14:48,817 [INFO] پردازش BNBUSDT
2025-04-30 16:14:49,374 [ERROR] خطای HTTP برای BNBUSDT: 404 Client Error: Not Found for url: https://api.coingecko.com/api/v3/coins/bnb/ohlc?vs_currency=usd&days=1
2025-04-30 16:14:49,375 [WARNING] داده‌های OHLC برای BNBUSDT دریافت نشد
2025-04-30 16:14:49,378 [INFO] پردازش XRPUSDT
2025-04-30 16:14:50,207 [ERROR] خطای HTTP برای XRPUSDT: 404 Client Error: Not Found for url: https://api.coingecko.com/api/v3/coins/xrp/ohlc?vs_currency=usd&days=1
2025-04-30 16:14:50,208 [WARNING] داده‌های OHLC برای XRPUSDT دریافت نشد
2025-04-30 16:14:50,211 [INFO] انتظار برای چرخه بعدی (15 دقیقه)
2025-04-30 16:17:01,169 [INFO] شروع بارگذاری تنظیمات
2025-04-30 16:17:01,170 [INFO] تنظیمات بارگذاری شد: {'xt_api_url': 'https://api.coingecko.com/api/v3', 'timeframe': '15m', 'sma_short_period': 9, 'sma_long_period': 21, 'rsi_period': 14, 'macd_fast': 12, 'macd_slow': 26, 'macd_signal': 9, 'atr_period': 14, 'telegram_chat_id': '96545679'}
2025-04-30 16:17:01,170 [INFO] مقداردهی اولیه XT API
2025-04-30 16:17:01,171 [INFO] مقداردهی اولیه API برای CoinGecko انجام شد
2025-04-30 16:17:01,171 [INFO] مقداردهی اولیه بات تلگرام
2025-04-30 16:17:03,034 [INFO] مقداردهی اولیه بات تلگرام انجام شد
2025-04-30 16:17:03,034 [INFO] بارگذاری لیست ارزها
2025-04-30 16:17:03,034 [INFO] ارزهای بارگذاری‌شده: ['BTCUSDT', 'ETHUSDT', 'BNBUSDT', 'XRPUSDT']
2025-04-30 16:17:03,035 [INFO] مقداردهی اولیه استراتژی برای تست با JSONPlaceholder
2025-04-30 16:17:03,035 [INFO] بات SIGNAL-BOT با موفقیت شروع شد
2025-04-30 16:17:03,035 [INFO] پردازش BTCUSDT
2025-04-30 16:17:03,619 [ERROR] خطای HTTP برای BTCUSDT: 404 Client Error: Not Found for url: https://api.coingecko.com/api/v3/coins/btc/ohlc?vs_currency=usd&days=1
2025-04-30 16:17:03,620 [WARNING] داده‌های OHLC برای BTCUSDT دریافت نشد
2025-04-30 16:17:03,621 [INFO] پردازش ETHUSDT
2025-04-30 16:17:04,222 [ERROR] خطای HTTP برای ETHUSDT: 404 Client Error: Not Found for url: https://api.coingecko.com/api/v3/coins/eth/ohlc?vs_currency=usd&days=1
2025-04-30 16:17:04,223 [WARNING] داده‌های OHLC برای ETHUSDT دریافت نشد
2025-04-30 16:17:04,223 [INFO] پردازش BNBUSDT
2025-04-30 16:17:04,836 [ERROR] خطای HTTP برای BNBUSDT: 404 Client Error: Not Found for url: https://api.coingecko.com/api/v3/coins/bnb/ohlc?vs_currency=usd&days=1
2025-04-30 16:17:04,837 [WARNING] داده‌های OHLC برای BNBUSDT دریافت نشد
2025-04-30 16:17:04,838 [INFO] پردازش XRPUSDT
2025-04-30 16:17:05,603 [ERROR] خطای HTTP برای XRPUSDT: 404 Client Error: Not Found for url: https://api.coingecko.com/api/v3/coins/xrp/ohlc?vs_currency=usd&days=1
2025-04-30 16:17:05,605 [WARNING] داده‌های OHLC برای XRPUSDT دریافت نشد
2025-04-30 16:17:05,608 [INFO] انتظار برای چرخه بعدی (15 دقیقه)
2025-04-30 16:25:36,420 [INFO] شروع بارگذاری تنظیمات
2025-04-30 16:25:36,421 [INFO] تنظیمات بارگذاری شد: {'xt_api_url': 'https://api.coingecko.com/api/v3', 'timeframe': '15m', 'sma_short_period': 9, 'sma_long_period': 21, 'rsi_period': 14, 'macd_fast': 12, 'macd_slow': 26, 'macd_signal': 9, 'atr_period': 14, 'telegram_chat_id': '96545679'}
2025-04-30 16:25:36,425 [INFO] مقداردهی اولیه XT API
2025-04-30 16:25:36,426 [INFO] مقداردهی اولیه API برای CoinGecko انجام شد
2025-04-30 16:25:36,427 [INFO] مقداردهی اولیه بات تلگرام
2025-04-30 16:25:38,754 [INFO] مقداردهی اولیه بات تلگرام انجام شد
2025-04-30 16:25:38,754 [INFO] بارگذاری لیست ارزها
2025-04-30 16:25:38,755 [INFO] ارزهای بارگذاری‌شده: ['BTCUSDT', 'ETHUSDT', 'BNBUSDT', 'XRPUSDT']
2025-04-30 16:25:38,755 [INFO] مقداردهی اولیه استراتژی برای تست با JSONPlaceholder
2025-04-30 16:25:38,756 [INFO] بات SIGNAL-BOT با موفقیت شروع شد
2025-04-30 16:25:38,757 [INFO] پردازش BTCUSDT
2025-04-30 16:25:39,208 [INFO] دریافت داده‌های OHLC برای BTCUSDT
2025-04-30 16:25:39,209 [INFO] داده‌های OHLC برای BTCUSDT دریافت شد: {'timestamp': 1746016200000, 'open': 95193.0, 'high': 95193.0, 'low': 95015.0, 'close': 95015.0, 'volume': 0.0}
2025-04-30 16:25:39,209 [INFO] تولید سیگنال برای BTCUSDT با داده‌های تستی
2025-04-30 16:25:39,210 [INFO] مقدار close برای BTCUSDT: 95015.0
2025-04-30 16:25:39,210 [INFO] سیگنال تولید شد برای BTCUSDT: {'coin': 'BTCUSDT', 'type': 'BUY', 'price': 95015.0, 'timestamp': 1746016200000}
2025-04-30 16:25:39,211 [INFO] ارسال سیگنال برای BTCUSDT: {'coin': 'BTCUSDT', 'type': 'BUY', 'price': 95015.0, 'timestamp': 1746016200000}
2025-04-30 16:25:39,849 [INFO] پیام به تلگرام ارسال شد: سیگنال برای BTCUSDT
نوع: BUY
قیمت: 95015.0
زمان: 1746016200000
2025-04-30 16:25:39,850 [INFO] سیگنال برای BTCUSDT ارسال شد: BUY
2025-04-30 16:25:39,853 [INFO] پردازش ETHUSDT
2025-04-30 16:25:40,304 [INFO] دریافت داده‌های OHLC برای ETHUSDT
2025-04-30 16:25:40,305 [INFO] داده‌های OHLC برای ETHUSDT دریافت شد: {'timestamp': 1746016200000, 'open': 1815.33, 'high': 1815.33, 'low': 1805.25, 'close': 1805.25, 'volume': 0.0}
2025-04-30 16:25:40,307 [INFO] تولید سیگنال برای ETHUSDT با داده‌های تستی
2025-04-30 16:25:40,310 [INFO] مقدار close برای ETHUSDT: 1805.25
2025-04-30 16:25:40,311 [INFO] سیگنال تولید شد برای ETHUSDT: {'coin': 'ETHUSDT', 'type': 'BUY', 'price': 1805.25, 'timestamp': 1746016200000}
2025-04-30 16:25:40,312 [INFO] ارسال سیگنال برای ETHUSDT: {'coin': 'ETHUSDT', 'type': 'BUY', 'price': 1805.25, 'timestamp': 1746016200000}
2025-04-30 16:25:40,491 [INFO] پیام به تلگرام ارسال شد: سیگنال برای ETHUSDT
نوع: BUY
قیمت: 1805.25
زمان: 1746016200000
2025-04-30 16:25:40,492 [INFO] سیگنال برای ETHUSDT ارسال شد: BUY
2025-04-30 16:25:40,495 [INFO] پردازش BNBUSDT
2025-04-30 16:25:40,956 [INFO] دریافت داده‌های OHLC برای BNBUSDT
2025-04-30 16:25:40,958 [INFO] داده‌های OHLC برای BNBUSDT دریافت شد: {'timestamp': 1746016200000, 'open': 602.2, 'high': 602.38, 'low': 601.67, 'close': 601.67, 'volume': 0.0}
2025-04-30 16:25:40,959 [INFO] تولید سیگنال برای BNBUSDT با داده‌های تستی
2025-04-30 16:25:40,963 [INFO] مقدار close برای BNBUSDT: 601.67
2025-04-30 16:25:40,964 [INFO] سیگنال تولید شد برای BNBUSDT: {'coin': 'BNBUSDT', 'type': 'BUY', 'price': 601.67, 'timestamp': 1746016200000}
2025-04-30 16:25:40,965 [INFO] ارسال سیگنال برای BNBUSDT: {'coin': 'BNBUSDT', 'type': 'BUY', 'price': 601.67, 'timestamp': 1746016200000}
2025-04-30 16:25:41,141 [INFO] پیام به تلگرام ارسال شد: سیگنال برای BNBUSDT
نوع: BUY
قیمت: 601.67
زمان: 1746016200000
2025-04-30 16:25:41,142 [INFO] سیگنال برای BNBUSDT ارسال شد: BUY
2025-04-30 16:25:41,146 [INFO] پردازش XRPUSDT
2025-04-30 16:25:41,701 [INFO] دریافت داده‌های OHLC برای XRPUSDT
2025-04-30 16:25:41,702 [INFO] داده‌های OHLC برای XRPUSDT دریافت شد: {'timestamp': 1746016200000, 'open': 2.24, 'high': 2.24, 'low': 2.23, 'close': 2.23, 'volume': 0.0}
2025-04-30 16:25:41,706 [INFO] تولید سیگنال برای XRPUSDT با داده‌های تستی
2025-04-30 16:25:41,708 [INFO] مقدار close برای XRPUSDT: 2.23
2025-04-30 16:25:41,708 [INFO] هیچ سیگنالی برای XRPUSDT تولید نشد
2025-04-30 16:25:41,710 [WARNING] هیچ سیگنالی برای XRPUSDT تولید نشد
2025-04-30 16:25:41,711 [INFO] انتظار برای چرخه بعدی (15 دقیقه)
2025-04-30 16:32:05,621 [INFO] پردازش BTCUSDT
2025-04-30 16:32:06,185 [ERROR] خطای HTTP برای BTCUSDT: 404 Client Error: Not Found for url: https://api.coingecko.com/api/v3/coins/btc/ohlc?vs_currency=usd&days=1
2025-04-30 16:32:06,187 [WARNING] داده‌های OHLC برای BTCUSDT دریافت نشد
2025-04-30 16:32:06,187 [INFO] پردازش ETHUSDT
2025-04-30 16:32:06,781 [ERROR] خطای HTTP برای ETHUSDT: 404 Client Error: Not Found for url: https://api.coingecko.com/api/v3/coins/eth/ohlc?vs_currency=usd&days=1
2025-04-30 16:32:06,783 [WARNING] داده‌های OHLC برای ETHUSDT دریافت نشد
2025-04-30 16:32:06,784 [INFO] پردازش BNBUSDT
2025-04-30 16:32:07,387 [ERROR] خطای HTTP برای BNBUSDT: 404 Client Error: Not Found for url: https://api.coingecko.com/api/v3/coins/bnb/ohlc?vs_currency=usd&days=1
2025-04-30 16:32:07,388 [WARNING] داده‌های OHLC برای BNBUSDT دریافت نشد
2025-04-30 16:32:07,389 [INFO] پردازش XRPUSDT
2025-04-30 16:32:07,955 [ERROR] خطای HTTP برای XRPUSDT: 404 Client Error: Not Found for url: https://api.coingecko.com/api/v3/coins/xrp/ohlc?vs_currency=usd&days=1
2025-04-30 16:32:07,956 [WARNING] داده‌های OHLC برای XRPUSDT دریافت نشد
2025-04-30 16:32:07,957 [INFO] انتظار برای چرخه بعدی (15 دقیقه)
2025-05-03 10:47:30,778 [INFO] شروع بارگذاری تنظیمات
2025-05-03 10:47:30,791 [INFO] تنظیمات بارگذاری شد: {'xt_api_url': 'https://api.coingecko.com/api/v3', 'timeframe': '15m', 'sma_short_period': 9, 'sma_long_period': 21, 'rsi_period': 14, 'macd_fast': 12, 'macd_slow': 26, 'macd_signal': 9, 'atr_period': 14, 'telegram_chat_id': '96545679'}
2025-05-03 10:47:30,791 [INFO] مقداردهی اولیه XT API
2025-05-03 10:47:30,792 [INFO] مقداردهی اولیه API برای CoinGecko انجام شد
2025-05-03 10:47:30,793 [INFO] مقداردهی اولیه بات تلگرام
2025-05-03 10:47:33,106 [INFO] مقداردهی اولیه بات تلگرام انجام شد
2025-05-03 10:47:33,106 [INFO] بارگذاری لیست ارزها
2025-05-03 10:47:33,108 [INFO] ارزهای بارگذاری‌شده: ['BTCUSDT', 'ETHUSDT', 'BNBUSDT', 'XRPUSDT']
2025-05-03 10:47:33,109 [INFO] مقداردهی اولیه استراتژی برای تست با JSONPlaceholder
2025-05-03 10:47:33,109 [INFO] بات SIGNAL-BOT با موفقیت شروع شد
2025-05-03 10:47:33,109 [INFO] پردازش BTCUSDT
2025-05-03 10:47:33,675 [INFO] دریافت داده‌های OHLC برای BTCUSDT
2025-05-03 10:47:33,676 [INFO] داده‌های OHLC برای BTCUSDT دریافت شد: {'timestamp': 1746253800000, 'open': 96463.0, 'high': 96463.0, 'low': 96321.0, 'close': 96327.0, 'volume': 0.0}
2025-05-03 10:47:33,677 [INFO] تولید سیگنال برای BTCUSDT با داده‌های تستی
2025-05-03 10:47:33,677 [INFO] مقدار close برای BTCUSDT: 96327.0
2025-05-03 10:47:33,678 [INFO] سیگنال تولید شد برای BTCUSDT: {'coin': 'BTCUSDT', 'type': 'BUY', 'price': 96327.0, 'timestamp': 1746253800000}
2025-05-03 10:47:33,678 [INFO] ارسال سیگنال برای BTCUSDT: {'coin': 'BTCUSDT', 'type': 'BUY', 'price': 96327.0, 'timestamp': 1746253800000}
2025-05-03 10:47:34,139 [INFO] پیام به تلگرام ارسال شد: سیگنال برای BTCUSDT
نوع: BUY
قیمت: 96327.0
زمان: 1746253800000
2025-05-03 10:47:34,141 [INFO] سیگنال برای BTCUSDT ارسال شد: BUY
2025-05-03 10:47:34,143 [INFO] پردازش ETHUSDT
2025-05-03 10:47:34,705 [INFO] دریافت داده‌های OHLC برای ETHUSDT
2025-05-03 10:47:34,706 [INFO] داده‌های OHLC برای ETHUSDT دریافت شد: {'timestamp': 1746255600000, 'open': 1827.76, 'high': 1829.63, 'low': 1827.76, 'close': 1828.0, 'volume': 0.0}
2025-05-03 10:47:34,711 [INFO] تولید سیگنال برای ETHUSDT با داده‌های تستی
2025-05-03 10:47:34,715 [INFO] مقدار close برای ETHUSDT: 1828.0
2025-05-03 10:47:34,720 [INFO] سیگنال تولید شد برای ETHUSDT: {'coin': 'ETHUSDT', 'type': 'BUY', 'price': 1828.0, 'timestamp': 1746255600000}
2025-05-03 10:47:34,721 [INFO] ارسال سیگنال برای ETHUSDT: {'coin': 'ETHUSDT', 'type': 'BUY', 'price': 1828.0, 'timestamp': 1746255600000}
2025-05-03 10:47:34,967 [INFO] پیام به تلگرام ارسال شد: سیگنال برای ETHUSDT
نوع: BUY
قیمت: 1828.0
زمان: 1746255600000
2025-05-03 10:47:34,968 [INFO] سیگنال برای ETHUSDT ارسال شد: BUY
2025-05-03 10:47:34,971 [INFO] پردازش BNBUSDT
2025-05-03 10:47:35,582 [INFO] دریافت داده‌های OHLC برای BNBUSDT
2025-05-03 10:47:35,583 [INFO] داده‌های OHLC برای BNBUSDT دریافت شد: {'timestamp': 1746255600000, 'open': 598.71, 'high': 599.22, 'low': 598.71, 'close': 598.92, 'volume': 0.0}
2025-05-03 10:47:35,587 [INFO] تولید سیگنال برای BNBUSDT با داده‌های تستی
2025-05-03 10:47:35,589 [INFO] مقدار close برای BNBUSDT: 598.92
2025-05-03 10:47:35,589 [INFO] سیگنال تولید شد برای BNBUSDT: {'coin': 'BNBUSDT', 'type': 'BUY', 'price': 598.92, 'timestamp': 1746255600000}
2025-05-03 10:47:35,592 [INFO] ارسال سیگنال برای BNBUSDT: {'coin': 'BNBUSDT', 'type': 'BUY', 'price': 598.92, 'timestamp': 1746255600000}
2025-05-03 10:47:35,752 [INFO] پیام به تلگرام ارسال شد: سیگنال برای BNBUSDT
نوع: BUY
قیمت: 598.92
زمان: 1746255600000
2025-05-03 10:47:35,753 [INFO] سیگنال برای BNBUSDT ارسال شد: BUY
2025-05-03 10:47:35,755 [INFO] پردازش XRPUSDT
2025-05-03 10:47:36,307 [INFO] دریافت داده‌های OHLC برای XRPUSDT
2025-05-03 10:47:36,308 [INFO] داده‌های OHLC برای XRPUSDT دریافت شد: {'timestamp': 1746255600000, 'open': 2.21, 'high': 2.21, 'low': 2.21, 'close': 2.21, 'volume': 0.0}
2025-05-03 10:47:36,311 [INFO] تولید سیگنال برای XRPUSDT با داده‌های تستی
2025-05-03 10:47:36,313 [INFO] مقدار close برای XRPUSDT: 2.21
2025-05-03 10:47:36,314 [INFO] هیچ سیگنالی برای XRPUSDT تولید نشد
2025-05-03 10:47:36,315 [WARNING] هیچ سیگنالی برای XRPUSDT تولید نشد
2025-05-03 10:47:36,316 [INFO] انتظار برای چرخه بعدی (15 دقیقه)
2025-05-03 10:58:21,836 [INFO] شروع بارگذاری تنظیمات
2025-05-03 10:58:21,837 [INFO] تنظیمات بارگذاری شد: {'xt_api_url': 'https://api.coingecko.com/api/v3', 'timeframe': '15m', 'sma_short_period': 9, 'sma_long_period': 21, 'rsi_period': 14, 'macd_fast': 12, 'macd_slow': 26, 'macd_signal': 9, 'atr_period': 14, 'telegram_chat_id': '96545679'}
2025-05-03 10:58:21,838 [INFO] مقداردهی اولیه XT API
2025-05-03 10:58:21,840 [INFO] مقداردهی اولیه API برای CoinGecko انجام شد
2025-05-03 10:58:21,841 [INFO] مقداردهی اولیه بات تلگرام
2025-05-03 11:15:24,208 [INFO] شروع بارگذاری تنظیمات
2025-05-03 11:15:24,210 [INFO] تنظیمات بارگذاری شد: {'xt_api_url': 'https://api.coingecko.com/api/v3', 'timeframe': '15m', 'sma_short_period': 9, 'sma_long_period': 21, 'rsi_period': 14, 'macd_fast': 12, 'macd_slow': 26, 'macd_signal': 9, 'atr_period': 14, 'telegram_chat_id': '@signalcrypto724', 'telegram_token': '8078807791:AAFWVqR1cn07kaKYZyYJMfeMIiBFxRK2XIw'}
2025-05-03 11:15:24,210 [INFO] مقداردهی اولیه XT API
2025-05-03 11:15:24,212 [INFO] مقداردهی اولیه API برای CoinGecko انجام شد
2025-05-03 11:15:24,213 [INFO] مقداردهی اولیه بات تلگرام
2025-05-03 11:15:26,551 [INFO] مقداردهی اولیه بات تلگرام انجام شد
2025-05-03 11:15:26,552 [INFO] بارگذاری لیست ارزها
2025-05-03 11:15:26,553 [INFO] ارزهای بارگذاری‌شده: ['BTCUSDT', 'ETHUSDT', 'BNBUSDT', 'XRPUSDT']
2025-05-03 11:15:26,556 [INFO] مقداردهی اولیه استراتژی برای CoinGecko
2025-05-03 11:15:26,556 [INFO] مقداردهی اولیه استراتژی برای تست با JSONPlaceholder
2025-05-03 11:15:26,556 [INFO] بات SIGNAL-BOT با موفقیت شروع شد
2025-05-03 11:15:26,557 [INFO] پردازش BTCUSDT
2025-05-03 11:15:26,990 [INFO] دریافت داده‌های OHLC برای BTCUSDT
2025-05-03 11:15:26,991 [INFO] تولید سیگنال برای BTCUSDT با داده‌های تستی
2025-05-03 11:15:26,993 [INFO] مقدار close برای BTCUSDT: 96234.0
2025-05-03 11:15:26,995 [INFO] سیگنال تولید شد برای BTCUSDT: {'coin': 'BTCUSDT', 'type': 'BUY', 'price': 96234.0, 'timestamp': 1746255600000}
2025-05-03 11:15:26,996 [INFO] ارسال سیگنال برای BTCUSDT: {'coin': 'BTCUSDT', 'type': 'BUY', 'price': 96234.0, 'timestamp': 1746255600000}
2025-05-03 11:15:26,997 [ERROR] خطای عمومی در ارسال پیام: 'market'
2025-05-03 11:15:26,998 [INFO] سیگنال برای BTCUSDT ارسال شد: BUY
2025-05-03 11:15:31,999 [INFO] پردازش ETHUSDT
2025-05-03 11:15:32,529 [INFO] دریافت داده‌های OHLC برای ETHUSDT
2025-05-03 11:15:32,531 [INFO] تولید سیگنال برای ETHUSDT با داده‌های تستی
2025-05-03 11:15:32,533 [INFO] مقدار close برای ETHUSDT: 1826.94
2025-05-03 11:15:32,536 [INFO] سیگنال تولید شد برای ETHUSDT: {'coin': 'ETHUSDT', 'type': 'BUY', 'price': 1826.94, 'timestamp': 1746257400000}
2025-05-03 11:15:32,537 [INFO] ارسال سیگنال برای ETHUSDT: {'coin': 'ETHUSDT', 'type': 'BUY', 'price': 1826.94, 'timestamp': 1746257400000}
2025-05-03 11:15:32,538 [ERROR] خطای عمومی در ارسال پیام: 'market'
2025-05-03 11:15:32,540 [INFO] سیگنال برای ETHUSDT ارسال شد: BUY
2025-05-03 11:15:37,542 [INFO] پردازش BNBUSDT
2025-05-03 11:15:37,992 [INFO] دریافت داده‌های OHLC برای BNBUSDT
2025-05-03 11:15:37,994 [INFO] تولید سیگنال برای BNBUSDT با داده‌های تستی
2025-05-03 11:15:37,996 [INFO] مقدار close برای BNBUSDT: 598.42
2025-05-03 11:15:37,999 [INFO] سیگنال تولید شد برای BNBUSDT: {'coin': 'BNBUSDT', 'type': 'BUY', 'price': 598.42, 'timestamp': 1746257400000}
2025-05-03 11:15:38,000 [INFO] ارسال سیگنال برای BNBUSDT: {'coin': 'BNBUSDT', 'type': 'BUY', 'price': 598.42, 'timestamp': 1746257400000}
2025-05-03 11:15:38,001 [ERROR] خطای عمومی در ارسال پیام: 'market'
2025-05-03 11:15:38,002 [INFO] سیگنال برای BNBUSDT ارسال شد: BUY
2025-05-03 11:15:43,005 [INFO] پردازش XRPUSDT
2025-05-03 11:15:43,793 [INFO] دریافت داده‌های OHLC برای XRPUSDT
2025-05-03 11:15:43,795 [INFO] تولید سیگنال برای XRPUSDT با داده‌های تستی
2025-05-03 11:15:43,797 [INFO] مقدار close برای XRPUSDT: 2.2
2025-05-03 11:15:43,800 [INFO] هیچ سیگنالی برای XRPUSDT تولید نشد
2025-05-03 11:15:48,239 [INFO] بات به‌صورت دستی متوقف شد
2025-05-03 11:17:57,540 [INFO] شروع بارگذاری تنظیمات
2025-05-03 11:17:57,541 [INFO] تنظیمات بارگذاری شد: {'xt_api_url': 'https://api.coingecko.com/api/v3', 'timeframe': '15m', 'sma_short_period': 9, 'sma_long_period': 21, 'rsi_period': 14, 'macd_fast': 12, 'macd_slow': 26, 'macd_signal': 9, 'atr_period': 14, 'telegram_chat_id': '@signalcrypto724', 'telegram_token': '8078807791:AAFWVqR1cn07kaKYZyYJMfeMIiBFxRK2XIw'}
2025-05-03 11:17:57,542 [INFO] مقداردهی اولیه XT API
2025-05-03 11:17:57,545 [INFO] مقداردهی اولیه API برای CoinGecko انجام شد
2025-05-03 11:17:57,546 [INFO] مقداردهی اولیه بات تلگرام
2025-05-03 11:17:59,865 [INFO] مقداردهی اولیه بات تلگرام انجام شد
2025-05-03 11:17:59,866 [INFO] بارگذاری لیست ارزها
2025-05-03 11:17:59,867 [INFO] ارزهای بارگذاری‌شده: ['BTCUSDT', 'ETHUSDT', 'BNBUSDT', 'XRPUSDT']
2025-05-03 11:17:59,869 [INFO] مقداردهی اولیه استراتژی برای CoinGecko
2025-05-03 11:17:59,869 [INFO] مقداردهی اولیه استراتژی برای تست با JSONPlaceholder
2025-05-03 11:17:59,870 [INFO] بات SIGNAL-BOT با موفقیت شروع شد
2025-05-03 11:17:59,872 [INFO] پردازش BTCUSDT
2025-05-03 11:18:00,323 [INFO] دریافت داده‌های OHLC برای BTCUSDT
2025-05-03 11:18:00,324 [INFO] تولید سیگنال برای BTCUSDT با داده‌های تستی
2025-05-03 11:18:00,325 [INFO] مقدار close برای BTCUSDT: 96234.0
2025-05-03 11:18:00,327 [INFO] سیگنال تولید شد برای BTCUSDT: {'coin': 'BTCUSDT', 'type': 'BUY', 'price': 96234.0, 'timestamp': 1746255600000}
2025-05-03 11:18:00,328 [INFO] ارسال سیگنال برای BTCUSDT: {'coin': 'BTCUSDT', 'type': 'BUY', 'price': 96234.0, 'timestamp': 1746255600000}
2025-05-03 11:18:00,329 [ERROR] خطای عمومی در ارسال پیام: 'market'
2025-05-03 11:18:00,330 [INFO] سیگنال برای BTCUSDT ارسال شد: BUY
2025-05-03 11:18:05,332 [INFO] پردازش ETHUSDT
2025-05-03 11:18:12,099 [INFO] دریافت داده‌های OHLC برای ETHUSDT
2025-05-03 11:18:12,100 [INFO] تولید سیگنال برای ETHUSDT با داده‌های تستی
2025-05-03 11:18:12,105 [INFO] مقدار close برای ETHUSDT: 1826.94
2025-05-03 11:18:12,105 [INFO] سیگنال تولید شد برای ETHUSDT: {'coin': 'ETHUSDT', 'type': 'BUY', 'price': 1826.94, 'timestamp': 1746257400000}
2025-05-03 11:18:12,106 [INFO] ارسال سیگنال برای ETHUSDT: {'coin': 'ETHUSDT', 'type': 'BUY', 'price': 1826.94, 'timestamp': 1746257400000}
2025-05-03 11:18:12,109 [ERROR] خطای عمومی در ارسال پیام: 'market'
2025-05-03 11:18:12,109 [INFO] سیگنال برای ETHUSDT ارسال شد: BUY
2025-05-03 11:18:15,584 [INFO] بات به‌صورت دستی متوقف شد
2025-05-03 11:22:37,267 [INFO] شروع بارگذاری تنظیمات
2025-05-03 11:22:37,268 [INFO] تنظیمات بارگذاری شد: {'xt_api_url': 'https://api.coingecko.com/api/v3', 'timeframe': '15m', 'sma_short_period': 9, 'sma_long_period': 21, 'rsi_period': 14, 'macd_fast': 12, 'macd_slow': 26, 'macd_signal': 9, 'atr_period': 14, 'telegram_chat_id': '@signalcrypto724', 'telegram_token': '8078807791:AAFWVqR1cn07kaKYZyYJMfeMIiBFxRK2XIw'}
2025-05-03 11:22:37,268 [INFO] مقداردهی اولیه XT API
2025-05-03 11:22:37,269 [INFO] مقداردهی اولیه API برای CoinGecko انجام شد
2025-05-03 11:22:37,270 [INFO] مقداردهی اولیه بات تلگرام
2025-05-03 11:22:39,606 [INFO] مقداردهی اولیه بات تلگرام انجام شد
2025-05-03 11:22:39,606 [INFO] بارگذاری لیست ارزها
2025-05-03 11:22:39,607 [INFO] ارزهای بارگذاری‌شده: ['BTCUSDT', 'ETHUSDT', 'BNBUSDT', 'XRPUSDT']
2025-05-03 11:22:39,607 [INFO] مقداردهی اولیه استراتژی برای CoinGecko
2025-05-03 11:22:39,607 [INFO] مقداردهی اولیه استراتژی برای CoinGecko
2025-05-03 11:22:39,608 [INFO] بات SIGNAL-BOT با موفقیت شروع شد
2025-05-03 11:22:39,608 [INFO] پردازش BTCUSDT
2025-05-03 11:22:40,045 [INFO] دریافت داده‌های OHLC برای BTCUSDT
2025-05-03 11:22:40,048 [INFO] مقدار close برای BTCUSDT: 96227.0
2025-05-03 11:22:40,057 [INFO] سیگنال تولید شد برای BTCUSDT: {'market': 'BTCUSDT', 'type': 'BUY', 'entry_price': np.float64(96227.0), 'stop_loss': np.float64(96009.875), 'take_profit': np.float64(96661.25), 'timestamp': np.int64(1746257400000), 'sma_status': 'Bearish', 'rsi_value': np.float64(32.87850385631313), 'macd_status': 'Bearish', 'volume_status': 'N/A'}
2025-05-03 11:22:40,058 [INFO] ارسال سیگنال برای BTCUSDT: {'market': 'BTCUSDT', 'type': 'BUY', 'entry_price': np.float64(96227.0), 'stop_loss': np.float64(96009.875), 'take_profit': np.float64(96661.25), 'timestamp': np.int64(1746257400000), 'sma_status': 'Bearish', 'rsi_value': np.float64(32.87850385631313), 'macd_status': 'Bearish', 'volume_status': 'N/A'}
2025-05-03 11:22:40,065 [INFO] پیام به تلگرام ارسال شد: 📊 سیگنال فیوچرز - 1746257400000
💰 جفت‌ارز: BTCUSDT
📈 نوع: BUY
🎯 قیمت ورود: 96227.00 USDT
🛑 حد ضرر: 96009.88 USDT
🏆 حد سود: 96661.25 USDT
📉 اندیکاتورها:
  - SMA: Bearish
  - RSI: 32.88
  - MACD: Bearish
  - حجم: N/A
⚠️ هشدار: مدیریت ریسک را رعایت کنید!
2025-05-03 11:22:40,066 [INFO] سیگنال برای BTCUSDT ارسال شد: BUY
2025-05-03 11:22:45,069 [INFO] پردازش ETHUSDT
2025-05-03 11:22:45,525 [INFO] دریافت داده‌های OHLC برای ETHUSDT
2025-05-03 11:22:45,528 [INFO] مقدار close برای ETHUSDT: 1826.94
2025-05-03 11:22:45,537 [INFO] سیگنال تولید شد برای ETHUSDT: {'market': 'ETHUSDT', 'type': 'BUY', 'entry_price': np.float64(1826.94), 'stop_loss': np.float64(1820.9296875), 'take_profit': np.float64(1838.960625), 'timestamp': np.int64(1746257400000), 'sma_status': 'Bearish', 'rsi_value': np.float64(37.750671060800215), 'macd_status': 'Bearish', 'volume_status': 'N/A'}
2025-05-03 11:22:45,538 [INFO] ارسال سیگنال برای ETHUSDT: {'market': 'ETHUSDT', 'type': 'BUY', 'entry_price': np.float64(1826.94), 'stop_loss': np.float64(1820.9296875), 'take_profit': np.float64(1838.960625), 'timestamp': np.int64(1746257400000), 'sma_status': 'Bearish', 'rsi_value': np.float64(37.750671060800215), 'macd_status': 'Bearish', 'volume_status': 'N/A'}
2025-05-03 11:22:45,539 [INFO] پیام به تلگرام ارسال شد: 📊 سیگنال فیوچرز - 1746257400000
💰 جفت‌ارز: ETHUSDT
📈 نوع: BUY
🎯 قیمت ورود: 1826.94 USDT
🛑 حد ضرر: 1820.93 USDT
🏆 حد سود: 1838.96 USDT
📉 اندیکاتورها:
  - SMA: Bearish
  - RSI: 37.75
  - MACD: Bearish
  - حجم: N/A
⚠️ هشدار: مدیریت ریسک را رعایت کنید!
2025-05-03 11:22:45,541 [INFO] سیگنال برای ETHUSDT ارسال شد: BUY
2025-05-03 11:22:50,542 [INFO] پردازش BNBUSDT
2025-05-03 11:22:50,975 [INFO] دریافت داده‌های OHLC برای BNBUSDT
2025-05-03 11:22:50,977 [INFO] مقدار close برای BNBUSDT: 598.42
2025-05-03 11:22:50,987 [INFO] سیگنال تولید شد برای BNBUSDT: {'market': 'BNBUSDT', 'type': 'SELL', 'entry_price': np.float64(598.42), 'stop_loss': np.float64(599.4018749999999), 'take_profit': np.float64(596.45625), 'timestamp': np.int64(1746257400000), 'sma_status': 'Bearish', 'rsi_value': np.float64(40.32993050688328), 'macd_status': 'Bearish', 'volume_status': 'N/A'}
2025-05-03 11:22:50,988 [INFO] ارسال سیگنال برای BNBUSDT: {'market': 'BNBUSDT', 'type': 'SELL', 'entry_price': np.float64(598.42), 'stop_loss': np.float64(599.4018749999999), 'take_profit': np.float64(596.45625), 'timestamp': np.int64(1746257400000), 'sma_status': 'Bearish', 'rsi_value': np.float64(40.32993050688328), 'macd_status': 'Bearish', 'volume_status': 'N/A'}
2025-05-03 11:22:50,991 [INFO] پیام به تلگرام ارسال شد: 📊 سیگنال فیوچرز - 1746257400000
💰 جفت‌ارز: BNBUSDT
📈 نوع: SELL
🎯 قیمت ورود: 598.42 USDT
🛑 حد ضرر: 599.40 USDT
🏆 حد سود: 596.46 USDT
📉 اندیکاتورها:
  - SMA: Bearish
  - RSI: 40.33
  - MACD: Bearish
  - حجم: N/A
⚠️ هشدار: مدیریت ریسک را رعایت کنید!
2025-05-03 11:22:50,993 [INFO] سیگنال برای BNBUSDT ارسال شد: SELL
2025-05-03 11:22:55,994 [INFO] پردازش XRPUSDT
2025-05-03 11:22:56,489 [INFO] دریافت داده‌های OHLC برای XRPUSDT
2025-05-03 11:22:56,490 [INFO] مقدار close برای XRPUSDT: 2.2
2025-05-03 11:22:56,496 [INFO] سیگنال تولید شد برای XRPUSDT: {'market': 'XRPUSDT', 'type': 'SELL', 'entry_price': np.float64(2.2), 'stop_loss': np.float64(2.20875), 'take_profit': np.float64(2.1825), 'timestamp': np.int64(1746257400000), 'sma_status': 'Bullish', 'rsi_value': np.float64(41.19345543007525), 'macd_status': 'Bearish', 'volume_status': 'N/A'}
2025-05-03 11:22:56,496 [INFO] ارسال سیگنال برای XRPUSDT: {'market': 'XRPUSDT', 'type': 'SELL', 'entry_price': np.float64(2.2), 'stop_loss': np.float64(2.20875), 'take_profit': np.float64(2.1825), 'timestamp': np.int64(1746257400000), 'sma_status': 'Bullish', 'rsi_value': np.float64(41.19345543007525), 'macd_status': 'Bearish', 'volume_status': 'N/A'}
2025-05-03 11:22:56,497 [INFO] پیام به تلگرام ارسال شد: 📊 سیگنال فیوچرز - 1746257400000
💰 جفت‌ارز: XRPUSDT
📈 نوع: SELL
🎯 قیمت ورود: 2.20 USDT
🛑 حد ضرر: 2.21 USDT
🏆 حد سود: 2.18 USDT
📉 اندیکاتورها:
  - SMA: Bullish
  - RSI: 41.19
  - MACD: Bearish
  - حجم: N/A
⚠️ هشدار: مدیریت ریسک را رعایت کنید!
2025-05-03 11:22:56,499 [INFO] سیگنال برای XRPUSDT ارسال شد: SELL
2025-05-03 11:23:01,501 [INFO] انتظار برای چرخه بعدی (15m)
2025-05-03 11:23:13,046 [INFO] بات به‌صورت دستی متوقف شد
2025-05-03 11:31:14,466 [INFO] شروع بارگذاری تنظیمات
2025-05-03 11:31:14,467 [INFO] تنظیمات بارگذاری شد: {'xt_api_url': 'https://api.coingecko.com/api/v3', 'timeframe': '15m', 'sma_short_period': 9, 'sma_long_period': 21, 'rsi_period': 14, 'macd_fast': 12, 'macd_slow': 26, 'macd_signal': 9, 'atr_period': 14, 'telegram_chat_id': '@signalcrypto724', 'telegram_token': '8078807791:AAFWVqR1cn07kaKYZyYJMfeMIiBFxRK2XIw'}
2025-05-03 11:31:14,467 [INFO] مقداردهی اولیه XT API
2025-05-03 11:31:14,468 [INFO] مقداردهی اولیه API برای CoinGecko انجام شد
2025-05-03 11:31:14,468 [INFO] مقداردهی اولیه بات تلگرام
2025-05-03 11:31:16,775 [INFO] مقداردهی اولیه بات تلگرام انجام شد
2025-05-03 11:31:16,775 [INFO] بارگذاری لیست ارزها
2025-05-03 11:31:16,776 [INFO] ارزهای بارگذاری‌شده: ['BTCUSDT', 'ETHUSDT', 'BNBUSDT', 'XRPUSDT']
2025-05-03 11:31:16,776 [INFO] مقداردهی اولیه استراتژی برای CoinGecko
2025-05-03 11:31:16,776 [INFO] مقداردهی اولیه استراتژی برای CoinGecko
2025-05-03 11:31:16,776 [INFO] بات SIGNAL-BOT با موفقیت شروع شد
2025-05-03 11:31:16,777 [INFO] پردازش BTCUSDT
2025-05-03 11:31:17,210 [INFO] دریافت داده‌های OHLC برای BTCUSDT
2025-05-03 11:31:17,212 [INFO] مقدار close برای BTCUSDT: 96227.0
2025-05-03 11:31:17,222 [INFO] سیگنال تولید شد برای BTCUSDT: {'market': 'BTCUSDT', 'type': 'BUY', 'entry_price': 96227.0, 'stop_loss': 96009.875, 'take_profit': 96661.25, 'timestamp': 1746257400000, 'sma_status': 'Bearish', 'rsi_value': 32.87850385631313, 'macd_status': 'Bearish', 'volume_status': 'N/A'}
2025-05-03 11:31:17,223 [INFO] ارسال سیگنال برای BTCUSDT: {'market': 'BTCUSDT', 'type': 'BUY', 'entry_price': 96227.0, 'stop_loss': 96009.875, 'take_profit': 96661.25, 'timestamp': 1746257400000, 'sma_status': 'Bearish', 'rsi_value': 32.87850385631313, 'macd_status': 'Bearish', 'volume_status': 'N/A'}
2025-05-03 11:31:17,751 [INFO] پیام به تلگرام ارسال شد: 📊 سیگنال فیوچرز - 1746257400000
💰 جفت‌ارز: BTCUSDT
📈 نوع: BUY
🎯 قیمت ورود: 96227.00 USDT
🛑 حد ضرر: 96009.88 USDT
🏆 حد سود: 96661.25 USDT
📉 اندیکاتورها:
  - SMA: Bearish
  - RSI: 32.88
  - MACD: Bearish
  - حجم: N/A
⚠️ هشدار: مدیریت ریسک را رعایت کنید!
2025-05-03 11:31:17,752 [INFO] سیگنال برای BTCUSDT ارسال شد: BUY
2025-05-03 11:31:22,756 [INFO] پردازش ETHUSDT
2025-05-03 11:31:23,326 [INFO] دریافت داده‌های OHLC برای ETHUSDT
2025-05-03 11:31:23,329 [INFO] مقدار close برای ETHUSDT: 1826.94
2025-05-03 11:31:23,337 [INFO] سیگنال تولید شد برای ETHUSDT: {'market': 'ETHUSDT', 'type': 'BUY', 'entry_price': 1826.94, 'stop_loss': 1820.9296875, 'take_profit': 1838.960625, 'timestamp': 1746257400000, 'sma_status': 'Bearish', 'rsi_value': 37.750671060800215, 'macd_status': 'Bearish', 'volume_status': 'N/A'}
2025-05-03 11:31:23,338 [INFO] ارسال سیگنال برای ETHUSDT: {'market': 'ETHUSDT', 'type': 'BUY', 'entry_price': 1826.94, 'stop_loss': 1820.9296875, 'take_profit': 1838.960625, 'timestamp': 1746257400000, 'sma_status': 'Bearish', 'rsi_value': 37.750671060800215, 'macd_status': 'Bearish', 'volume_status': 'N/A'}
2025-05-03 11:31:23,847 [INFO] پیام به تلگرام ارسال شد: 📊 سیگنال فیوچرز - 1746257400000
💰 جفت‌ارز: ETHUSDT
📈 نوع: BUY
🎯 قیمت ورود: 1826.94 USDT
🛑 حد ضرر: 1820.93 USDT
🏆 حد سود: 1838.96 USDT
📉 اندیکاتورها:
  - SMA: Bearish
  - RSI: 37.75
  - MACD: Bearish
  - حجم: N/A
⚠️ هشدار: مدیریت ریسک را رعایت کنید!
2025-05-03 11:31:23,848 [INFO] سیگنال برای ETHUSDT ارسال شد: BUY
2025-05-03 11:31:28,853 [INFO] پردازش BNBUSDT
2025-05-03 11:31:29,387 [INFO] دریافت داده‌های OHLC برای BNBUSDT
2025-05-03 11:31:29,389 [INFO] مقدار close برای BNBUSDT: 598.06
2025-05-03 11:31:29,396 [INFO] سیگنال تولید شد برای BNBUSDT: {'market': 'BNBUSDT', 'type': 'SELL', 'entry_price': 598.06, 'stop_loss': 599.029375, 'take_profit': 596.1212499999999, 'timestamp': 1746259200000, 'sma_status': 'Bearish', 'rsi_value': 37.557546985046166, 'macd_status': 'Bearish', 'volume_status': 'N/A'}
2025-05-03 11:31:29,396 [INFO] ارسال سیگنال برای BNBUSDT: {'market': 'BNBUSDT', 'type': 'SELL', 'entry_price': 598.06, 'stop_loss': 599.029375, 'take_profit': 596.1212499999999, 'timestamp': 1746259200000, 'sma_status': 'Bearish', 'rsi_value': 37.557546985046166, 'macd_status': 'Bearish', 'volume_status': 'N/A'}
2025-05-03 11:31:29,885 [INFO] پیام به تلگرام ارسال شد: 📊 سیگنال فیوچرز - 1746259200000
💰 جفت‌ارز: BNBUSDT
📈 نوع: SELL
🎯 قیمت ورود: 598.06 USDT
🛑 حد ضرر: 599.03 USDT
🏆 حد سود: 596.12 USDT
📉 اندیکاتورها:
  - SMA: Bearish
  - RSI: 37.56
  - MACD: Bearish
  - حجم: N/A
⚠️ هشدار: مدیریت ریسک را رعایت کنید!
2025-05-03 11:31:29,885 [INFO] سیگنال برای BNBUSDT ارسال شد: SELL
2025-05-03 11:31:34,890 [INFO] پردازش XRPUSDT
2025-05-03 11:31:35,428 [INFO] دریافت داده‌های OHLC برای XRPUSDT
2025-05-03 11:31:35,430 [INFO] مقدار close برای XRPUSDT: 2.2
2025-05-03 11:31:35,435 [INFO] سیگنال تولید شد برای XRPUSDT: {'market': 'XRPUSDT', 'type': 'SELL', 'entry_price': 2.2, 'stop_loss': 2.2084375, 'take_profit': 2.183125, 'timestamp': 1746259200000, 'sma_status': 'Bullish', 'rsi_value': 40.88275793350864, 'macd_status': 'Bearish', 'volume_status': 'N/A'}
2025-05-03 11:31:35,435 [INFO] ارسال سیگنال برای XRPUSDT: {'market': 'XRPUSDT', 'type': 'SELL', 'entry_price': 2.2, 'stop_loss': 2.2084375, 'take_profit': 2.183125, 'timestamp': 1746259200000, 'sma_status': 'Bullish', 'rsi_value': 40.88275793350864, 'macd_status': 'Bearish', 'volume_status': 'N/A'}
2025-05-03 11:31:35,930 [INFO] پیام به تلگرام ارسال شد: 📊 سیگنال فیوچرز - 1746259200000
💰 جفت‌ارز: XRPUSDT
📈 نوع: SELL
🎯 قیمت ورود: 2.20 USDT
🛑 حد ضرر: 2.21 USDT
🏆 حد سود: 2.18 USDT
📉 اندیکاتورها:
  - SMA: Bullish
  - RSI: 40.88
  - MACD: Bearish
  - حجم: N/A
⚠️ هشدار: مدیریت ریسک را رعایت کنید!
2025-05-03 11:31:35,931 [INFO] سیگنال برای XRPUSDT ارسال شد: SELL
2025-05-03 11:31:40,934 [INFO] انتظار برای چرخه بعدی (15m)
2025-05-03 11:41:58,584 [INFO] شروع بارگذاری تنظیمات
2025-05-03 11:41:58,605 [INFO] تنظیمات بارگذاری شد: {'xt_api_url': 'https://api.coingecko.com/api/v3', 'timeframe': '15m', 'sma_short_period': 9, 'sma_long_period': 21, 'rsi_period': 14, 'macd_fast': 12, 'macd_slow': 26, 'macd_signal': 9, 'atr_period': 14, 'telegram_chat_id': '@signalcrypto724', 'telegram_token': '8078807791:AAFWVqR1cn07kaKYZyYJMfeMIiBFxRK2XIw'}
2025-05-03 11:41:58,605 [INFO] مقداردهی اولیه XT API
2025-05-03 11:41:58,607 [INFO] مقداردهی اولیه API برای CoinGecko انجام شد
2025-05-03 11:41:58,607 [INFO] مقداردهی اولیه بات تلگرام
2025-05-03 11:42:00,952 [INFO] مقداردهی اولیه بات تلگرام انجام شد
2025-05-03 11:42:00,952 [INFO] بارگذاری لیست ارزها
2025-05-03 11:42:00,953 [INFO] ارزهای بارگذاری‌شده: ['BTCUSDT', 'ETHUSDT', 'BNBUSDT', 'XRPUSDT']
2025-05-03 11:42:00,953 [INFO] مقداردهی اولیه استراتژی برای CoinGecko
2025-05-03 11:42:00,954 [INFO] مقداردهی اولیه استراتژی برای CoinGecko
2025-05-03 11:42:00,954 [INFO] بات SIGNAL-BOT با موفقیت شروع شد
2025-05-03 11:42:00,955 [INFO] پردازش BTCUSDT
2025-05-03 11:42:01,358 [INFO] دریافت داده‌های OHLC برای BTCUSDT
2025-05-03 11:42:01,362 [INFO] مقدار close برای BTCUSDT: 96227.0
2025-05-03 11:42:01,372 [INFO] سیگنال تولید شد برای BTCUSDT: {'market': 'BTCUSDT', 'type': 'BUY', 'entry_price': 96227.0, 'stop_loss': 96009.875, 'take_profit': 96661.25, 'timestamp': 1746257400000, 'sma_status': 'Bearish', 'rsi_value': 32.87850385631313, 'macd_status': 'Bearish', 'volume_status': 'N/A'}
2025-05-03 11:42:01,372 [INFO] ارسال سیگنال برای BTCUSDT: {'market': 'BTCUSDT', 'type': 'BUY', 'entry_price': 96227.0, 'stop_loss': 96009.875, 'take_profit': 96661.25, 'timestamp': 1746257400000, 'sma_status': 'Bearish', 'rsi_value': 32.87850385631313, 'macd_status': 'Bearish', 'volume_status': 'N/A'}
2025-05-03 11:42:01,887 [INFO] پیام به تلگرام ارسال شد: 📊 سیگنال فیوچرز - 1746257400000
💰 جفت‌ارز: BTCUSDT
📈 نوع: BUY
🎯 قیمت ورود: 96227.00 USDT
🛑 حد ضرر: 96009.88 USDT
🏆 حد سود: 96661.25 USDT
📉 اندیکاتورها:
  - SMA: Bearish
  - RSI: 32.88
  - MACD: Bearish
  - حجم: N/A
⚠️ هشدار: مدیریت ریسک را رعایت کنید!
2025-05-03 11:42:01,889 [INFO] سیگنال برای BTCUSDT ارسال شد: BUY
2025-05-03 11:42:06,893 [INFO] پردازش ETHUSDT
2025-05-03 11:42:07,523 [INFO] دریافت داده‌های OHLC برای ETHUSDT
2025-05-03 11:42:07,525 [INFO] مقدار close برای ETHUSDT: 1826.94
2025-05-03 11:42:07,529 [INFO] سیگنال تولید شد برای ETHUSDT: {'market': 'ETHUSDT', 'type': 'BUY', 'entry_price': 1826.94, 'stop_loss': 1820.9296875, 'take_profit': 1838.960625, 'timestamp': 1746257400000, 'sma_status': 'Bearish', 'rsi_value': 37.750671060800215, 'macd_status': 'Bearish', 'volume_status': 'N/A'}
2025-05-03 11:42:07,530 [INFO] ارسال سیگنال برای ETHUSDT: {'market': 'ETHUSDT', 'type': 'BUY', 'entry_price': 1826.94, 'stop_loss': 1820.9296875, 'take_profit': 1838.960625, 'timestamp': 1746257400000, 'sma_status': 'Bearish', 'rsi_value': 37.750671060800215, 'macd_status': 'Bearish', 'volume_status': 'N/A'}
2025-05-03 11:42:08,057 [INFO] پیام به تلگرام ارسال شد: 📊 سیگنال فیوچرز - 1746257400000
💰 جفت‌ارز: ETHUSDT
📈 نوع: BUY
🎯 قیمت ورود: 1826.94 USDT
🛑 حد ضرر: 1820.93 USDT
🏆 حد سود: 1838.96 USDT
📉 اندیکاتورها:
  - SMA: Bearish
  - RSI: 37.75
  - MACD: Bearish
  - حجم: N/A
⚠️ هشدار: مدیریت ریسک را رعایت کنید!
2025-05-03 11:42:08,057 [INFO] سیگنال برای ETHUSDT ارسال شد: BUY
2025-05-03 11:42:13,059 [INFO] پردازش BNBUSDT
2025-05-03 11:42:13,511 [INFO] دریافت داده‌های OHLC برای BNBUSDT
2025-05-03 11:42:13,513 [INFO] مقدار close برای BNBUSDT: 598.06
2025-05-03 11:42:13,521 [INFO] سیگنال تولید شد برای BNBUSDT: {'market': 'BNBUSDT', 'type': 'SELL', 'entry_price': 598.06, 'stop_loss': 599.029375, 'take_profit': 596.1212499999999, 'timestamp': 1746259200000, 'sma_status': 'Bearish', 'rsi_value': 37.557546985046166, 'macd_status': 'Bearish', 'volume_status': 'N/A'}
2025-05-03 11:42:13,522 [INFO] ارسال سیگنال برای BNBUSDT: {'market': 'BNBUSDT', 'type': 'SELL', 'entry_price': 598.06, 'stop_loss': 599.029375, 'take_profit': 596.1212499999999, 'timestamp': 1746259200000, 'sma_status': 'Bearish', 'rsi_value': 37.557546985046166, 'macd_status': 'Bearish', 'volume_status': 'N/A'}
2025-05-03 11:42:14,004 [INFO] پیام به تلگرام ارسال شد: 📊 سیگنال فیوچرز - 1746259200000
💰 جفت‌ارز: BNBUSDT
📈 نوع: SELL
🎯 قیمت ورود: 598.06 USDT
🛑 حد ضرر: 599.03 USDT
🏆 حد سود: 596.12 USDT
📉 اندیکاتورها:
  - SMA: Bearish
  - RSI: 37.56
  - MACD: Bearish
  - حجم: N/A
⚠️ هشدار: مدیریت ریسک را رعایت کنید!
2025-05-03 11:42:14,006 [INFO] سیگنال برای BNBUSDT ارسال شد: SELL
2025-05-03 11:42:19,008 [INFO] پردازش XRPUSDT
2025-05-03 11:42:19,445 [INFO] دریافت داده‌های OHLC برای XRPUSDT
2025-05-03 11:42:19,448 [INFO] مقدار close برای XRPUSDT: 2.2
2025-05-03 11:42:19,457 [INFO] سیگنال تولید شد برای XRPUSDT: {'market': 'XRPUSDT', 'type': 'SELL', 'entry_price': 2.2, 'stop_loss': 2.2084375, 'take_profit': 2.183125, 'timestamp': 1746259200000, 'sma_status': 'Bullish', 'rsi_value': 40.88275793350864, 'macd_status': 'Bearish', 'volume_status': 'N/A'}
2025-05-03 11:42:19,457 [INFO] ارسال سیگنال برای XRPUSDT: {'market': 'XRPUSDT', 'type': 'SELL', 'entry_price': 2.2, 'stop_loss': 2.2084375, 'take_profit': 2.183125, 'timestamp': 1746259200000, 'sma_status': 'Bullish', 'rsi_value': 40.88275793350864, 'macd_status': 'Bearish', 'volume_status': 'N/A'}
2025-05-03 11:42:19,955 [INFO] پیام به تلگرام ارسال شد: 📊 سیگنال فیوچرز - 1746259200000
💰 جفت‌ارز: XRPUSDT
📈 نوع: SELL
🎯 قیمت ورود: 2.20 USDT
🛑 حد ضرر: 2.21 USDT
🏆 حد سود: 2.18 USDT
📉 اندیکاتورها:
  - SMA: Bullish
  - RSI: 40.88
  - MACD: Bearish
  - حجم: N/A
⚠️ هشدار: مدیریت ریسک را رعایت کنید!
2025-05-03 11:42:19,957 [INFO] سیگنال برای XRPUSDT ارسال شد: SELL
2025-05-03 11:42:24,962 [INFO] انتظار برای چرخه بعدی (15m)
2025-05-03 11:42:55,172 [INFO] بات به‌صورت دستی متوقف شد
2025-05-03 11:46:13,010 [INFO] شروع بارگذاری تنظیمات
2025-05-03 11:46:13,011 [INFO] تنظیمات بارگذاری شد: {'xt_api_url': 'https://api.coingecko.com/api/v3', 'timeframe': '15m', 'sma_short_period': 9, 'sma_long_period': 21, 'rsi_period': 14, 'macd_fast': 12, 'macd_slow': 26, 'macd_signal': 9, 'atr_period': 14, 'telegram_chat_id': '@signalcrypto724', 'telegram_token': '8078807791:AAFWVqR1cn07kaKYZyYJMfeMIiBFxRK2XIw'}
2025-05-03 11:46:13,012 [INFO] مقداردهی اولیه XT API
2025-05-03 11:46:13,013 [INFO] مقداردهی اولیه API برای CoinGecko انجام شد
2025-05-03 11:46:13,016 [INFO] مقداردهی اولیه بات تلگرام
2025-05-03 11:46:15,333 [INFO] مقداردهی اولیه بات تلگرام انجام شد
2025-05-03 11:46:15,334 [INFO] بارگذاری لیست ارزها
2025-05-03 11:46:15,337 [INFO] ارزهای بارگذاری‌شده: ['BTCUSDT', 'ETHUSDT', 'BNBUSDT', 'XRPUSDT']
2025-05-03 11:46:15,338 [INFO] مقداردهی اولیه استراتژی برای CoinGecko
2025-05-03 11:46:15,339 [INFO] مقداردهی اولیه استراتژی برای CoinGecko
2025-05-03 11:46:15,339 [INFO] بات SIGNAL-BOT با موفقیت شروع شد
2025-05-03 11:46:15,339 [INFO] پردازش BTCUSDT
2025-05-03 11:46:15,932 [INFO] دریافت داده‌های OHLC برای BTCUSDT
2025-05-03 11:46:15,935 [INFO] مقدار close برای BTCUSDT: 96227.0
2025-05-03 11:46:15,944 [INFO] هیچ سیگنالی برای BTCUSDT تولید نشد
2025-05-03 11:46:20,946 [INFO] پردازش ETHUSDT
2025-05-03 11:46:21,355 [INFO] دریافت داده‌های OHLC برای ETHUSDT
2025-05-03 11:46:21,358 [INFO] مقدار close برای ETHUSDT: 1826.94
2025-05-03 11:46:21,368 [INFO] هیچ سیگنالی برای ETHUSDT تولید نشد
2025-05-03 11:46:26,370 [INFO] پردازش BNBUSDT
2025-05-03 11:46:26,802 [INFO] دریافت داده‌های OHLC برای BNBUSDT
2025-05-03 11:46:26,805 [INFO] مقدار close برای BNBUSDT: 598.06
2025-05-03 11:46:26,813 [INFO] هیچ سیگنالی برای BNBUSDT تولید نشد
2025-05-03 11:46:31,815 [INFO] پردازش XRPUSDT
2025-05-03 11:46:32,236 [INFO] دریافت داده‌های OHLC برای XRPUSDT
2025-05-03 11:46:32,239 [INFO] مقدار close برای XRPUSDT: 2.2
2025-05-03 11:46:32,247 [INFO] هیچ سیگنالی برای XRPUSDT تولید نشد
2025-05-03 11:46:37,249 [INFO] انتظار برای چرخه بعدی (15m)
2025-05-03 11:48:07,254 [INFO] شروع بارگذاری تنظیمات
2025-05-03 11:48:07,255 [INFO] تنظیمات بارگذاری شد: {'xt_api_url': 'https://api.coingecko.com/api/v3', 'timeframe': '15m', 'sma_short_period': 9, 'sma_long_period': 21, 'rsi_period': 14, 'macd_fast': 12, 'macd_slow': 26, 'macd_signal': 9, 'atr_period': 14, 'telegram_chat_id': '@signalcrypto724', 'telegram_token': '8078807791:AAFWVqR1cn07kaKYZyYJMfeMIiBFxRK2XIw'}
2025-05-03 11:48:07,255 [INFO] مقداردهی اولیه XT API
2025-05-03 11:48:07,256 [INFO] مقداردهی اولیه API برای CoinGecko انجام شد
2025-05-03 11:48:07,256 [INFO] مقداردهی اولیه بات تلگرام
2025-05-03 11:48:09,559 [INFO] مقداردهی اولیه بات تلگرام انجام شد
2025-05-03 11:48:09,559 [INFO] بارگذاری لیست ارزها
2025-05-03 11:48:09,560 [INFO] ارزهای بارگذاری‌شده: ['BTCUSDT', 'ETHUSDT', 'BNBUSDT', 'XRPUSDT']
2025-05-03 11:48:09,560 [INFO] مقداردهی اولیه استراتژی برای CoinGecko
2025-05-03 11:48:09,560 [INFO] مقداردهی اولیه استراتژی برای CoinGecko
2025-05-03 11:48:09,561 [INFO] بات SIGNAL-BOT با موفقیت شروع شد
2025-05-03 11:48:09,561 [INFO] پردازش BTCUSDT
2025-05-03 11:48:10,013 [INFO] دریافت داده‌های OHLC برای BTCUSDT
2025-05-03 11:48:10,016 [INFO] مقدار close برای BTCUSDT: 96227.0
2025-05-03 11:48:10,024 [INFO] هیچ سیگنالی برای BTCUSDT تولید نشد
2025-05-03 11:48:15,026 [INFO] پردازش ETHUSDT
2025-05-03 11:48:16,268 [INFO] دریافت داده‌های OHLC برای ETHUSDT
2025-05-03 11:48:16,271 [INFO] مقدار close برای ETHUSDT: 1828.08
2025-05-03 11:48:16,279 [INFO] هیچ سیگنالی برای ETHUSDT تولید نشد
2025-05-03 11:48:21,280 [INFO] پردازش BNBUSDT
2025-05-03 11:48:21,818 [INFO] دریافت داده‌های OHLC برای BNBUSDT
2025-05-03 11:48:21,821 [INFO] مقدار close برای BNBUSDT: 598.06
2025-05-03 11:48:21,826 [INFO] هیچ سیگنالی برای BNBUSDT تولید نشد
2025-05-03 11:48:26,827 [INFO] پردازش XRPUSDT
2025-05-03 11:48:27,456 [INFO] دریافت داده‌های OHLC برای XRPUSDT
2025-05-03 11:48:27,458 [INFO] مقدار close برای XRPUSDT: 2.2
2025-05-03 11:48:27,466 [INFO] هیچ سیگنالی برای XRPUSDT تولید نشد
2025-05-03 11:48:32,467 [INFO] انتظار برای چرخه بعدی (15m)
2025-05-03 11:53:09,100 [INFO] شروع بارگذاری تنظیمات
2025-05-03 11:53:09,101 [INFO] تنظیمات بارگذاری شد: {'xt_api_url': 'https://api.coingecko.com/api/v3', 'timeframe': '15m', 'sma_short_period': 9, 'sma_long_period': 21, 'rsi_period': 14, 'macd_fast': 12, 'macd_slow': 26, 'macd_signal': 9, 'atr_period': 14, 'telegram_chat_id': '@signalcrypto724', 'telegram_token': '8078807791:AAFWVqR1cn07kaKYZyYJMfeMIiBFxRK2XIw'}
2025-05-03 11:53:09,101 [INFO] مقداردهی اولیه XT API
2025-05-03 11:53:09,101 [INFO] مقداردهی اولیه API برای CoinGecko انجام شد
2025-05-03 11:53:09,102 [INFO] مقداردهی اولیه بات تلگرام
2025-05-03 11:53:11,431 [INFO] مقداردهی اولیه بات تلگرام انجام شد
2025-05-03 11:53:11,431 [INFO] بارگذاری لیست ارزها
2025-05-03 11:53:11,432 [INFO] ارزهای بارگذاری‌شده: ['BTCUSDT', 'ETHUSDT', 'BNBUSDT', 'XRPUSDT']
2025-05-03 11:53:11,432 [INFO] مقداردهی اولیه استراتژی برای CoinGecko
2025-05-03 11:53:11,433 [INFO] مقداردهی اولیه استراتژی برای CoinGecko
2025-05-03 11:53:11,434 [INFO] بات SIGNAL-BOT با موفقیت شروع شد
2025-05-03 11:53:11,434 [INFO] پردازش BTCUSDT
2025-05-03 11:53:11,879 [INFO] دریافت داده‌های OHLC برای BTCUSDT
2025-05-03 11:53:11,882 [INFO] مقدار close برای BTCUSDT: 96359.0
2025-05-03 11:53:11,892 [INFO] سیگنال تولید شد برای BTCUSDT: {'market': 'BTCUSDT', 'type': 'BUY', 'entry_price': 96359.0, 'stop_loss': 96143.53125, 'take_profit': 96789.9375, 'timestamp': 1746259200000, 'sma_status': 'Bearish', 'rsi_value': 39.35328380747564, 'macd_status': 'Bearish', 'volume_status': 'N/A'}
2025-05-03 11:53:11,893 [INFO] ارسال سیگنال برای BTCUSDT: {'market': 'BTCUSDT', 'type': 'BUY', 'entry_price': 96359.0, 'stop_loss': 96143.53125, 'take_profit': 96789.9375, 'timestamp': 1746259200000, 'sma_status': 'Bearish', 'rsi_value': 39.35328380747564, 'macd_status': 'Bearish', 'volume_status': 'N/A'}
2025-05-03 11:53:12,409 [INFO] پیام به تلگرام (@signalcrypto724) ارسال شد: 📊 سیگنال فیوچرز - 1746259200000
💰 جفت‌ارز: BTCUSDT
📈 نوع: BUY
🎯 قیمت ورود: 96359.00 USDT
🛑 حد ضرر: 96143.53 USDT
🏆 حد سود: 96789.94 USDT
📉 اندیکاتورها:
  - SMA: Bearish
  - RSI: 39.35
  - MACD: Bearish
  - حجم: N/A
⚠️ هشدار: مدیریت ریسک را رعایت کنید!
2025-05-03 11:53:12,551 [ERROR] خطا در ارسال پیام به تلگرام: Chat not found
2025-05-03 11:53:12,552 [INFO] سیگنال برای BTCUSDT ارسال شد: BUY
2025-05-03 11:53:17,555 [INFO] پردازش ETHUSDT
2025-05-03 11:53:17,992 [INFO] دریافت داده‌های OHLC برای ETHUSDT
2025-05-03 11:53:17,996 [INFO] مقدار close برای ETHUSDT: 1828.08
2025-05-03 11:53:18,003 [INFO] سیگنال تولید شد برای ETHUSDT: {'market': 'ETHUSDT', 'type': 'BUY', 'entry_price': 1828.08, 'stop_loss': 1822.163125, 'take_profit': 1839.91375, 'timestamp': 1746259200000, 'sma_status': 'Bearish', 'rsi_value': 39.57290502141462, 'macd_status': 'Bearish', 'volume_status': 'N/A'}
2025-05-03 11:53:18,004 [INFO] ارسال سیگنال برای ETHUSDT: {'market': 'ETHUSDT', 'type': 'BUY', 'entry_price': 1828.08, 'stop_loss': 1822.163125, 'take_profit': 1839.91375, 'timestamp': 1746259200000, 'sma_status': 'Bearish', 'rsi_value': 39.57290502141462, 'macd_status': 'Bearish', 'volume_status': 'N/A'}
2025-05-03 11:53:18,550 [INFO] پیام به تلگرام (@signalcrypto724) ارسال شد: 📊 سیگنال فیوچرز - 1746259200000
💰 جفت‌ارز: ETHUSDT
📈 نوع: BUY
🎯 قیمت ورود: 1828.08 USDT
🛑 حد ضرر: 1822.16 USDT
🏆 حد سود: 1839.91 USDT
📉 اندیکاتورها:
  - SMA: Bearish
  - RSI: 39.57
  - MACD: Bearish
  - حجم: N/A
⚠️ هشدار: مدیریت ریسک را رعایت کنید!
2025-05-03 11:53:18,790 [ERROR] خطا در ارسال پیام به تلگرام: Chat not found
2025-05-03 11:53:18,791 [INFO] سیگنال برای ETHUSDT ارسال شد: BUY
2025-05-03 11:53:23,794 [INFO] پردازش BNBUSDT
2025-05-03 11:53:24,496 [INFO] دریافت داده‌های OHLC برای BNBUSDT
2025-05-03 11:53:24,499 [INFO] مقدار close برای BNBUSDT: 598.06
2025-05-03 11:53:24,508 [INFO] سیگنال تولید شد برای BNBUSDT: {'market': 'BNBUSDT', 'type': 'BUY', 'entry_price': 598.06, 'stop_loss': 597.0906249999999, 'take_profit': 599.99875, 'timestamp': 1746259200000, 'sma_status': 'Bearish', 'rsi_value': 37.557546985046166, 'macd_status': 'Bearish', 'volume_status': 'N/A'}
2025-05-03 11:53:24,509 [INFO] ارسال سیگنال برای BNBUSDT: {'market': 'BNBUSDT', 'type': 'BUY', 'entry_price': 598.06, 'stop_loss': 597.0906249999999, 'take_profit': 599.99875, 'timestamp': 1746259200000, 'sma_status': 'Bearish', 'rsi_value': 37.557546985046166, 'macd_status': 'Bearish', 'volume_status': 'N/A'}
2025-05-03 12:01:59,979 [INFO] شروع بارگذاری تنظیمات
2025-05-03 12:01:59,980 [INFO] تنظیمات بارگذاری شد: {'xt_api_url': 'https://api.coingecko.com/api/v3', 'timeframe': '15m', 'sma_short_period': 9, 'sma_long_period': 21, 'rsi_period': 14, 'macd_fast': 12, 'macd_slow': 26, 'macd_signal': 9, 'atr_period': 14, 'telegram_chat_id': '@signalcrypto724', 'telegram_token': '8078807791:AAFWVqR1cn07kaKYZyYJMfeMIiBFxRK2XIw'}
2025-05-03 12:01:59,980 [INFO] مقداردهی اولیه XT API
2025-05-03 12:01:59,980 [INFO] مقداردهی اولیه API برای CoinGecko انجام شد
2025-05-03 12:01:59,981 [INFO] مقداردهی اولیه بات تلگرام
2025-05-03 12:02:02,298 [INFO] مقداردهی اولیه بات تلگرام انجام شد
2025-05-03 12:02:02,300 [INFO] بارگذاری لیست ارزها
2025-05-03 12:02:02,300 [INFO] ارزهای بارگذاری‌شده: ['BTCUSDT', 'ETHUSDT', 'BNBUSDT', 'XRPUSDT']
2025-05-03 12:02:02,300 [INFO] مقداردهی اولیه استراتژی برای CoinGecko
2025-05-03 12:02:02,301 [INFO] مقداردهی اولیه استراتژی برای CoinGecko
2025-05-03 12:02:02,301 [INFO] بات SIGNAL-BOT با موفقیت شروع شد
2025-05-03 12:02:02,302 [INFO] پردازش BTCUSDT
2025-05-03 12:02:02,783 [INFO] دریافت داده‌های OHLC برای BTCUSDT
2025-05-03 12:02:02,787 [INFO] مقدار close برای BTCUSDT: 96359.0
2025-05-03 12:02:02,794 [INFO] هیچ سیگنالی برای BTCUSDT تولید نشد
2025-05-03 12:02:07,796 [INFO] پردازش ETHUSDT
2025-05-03 12:02:08,424 [INFO] دریافت داده‌های OHLC برای ETHUSDT
2025-05-03 12:02:08,427 [INFO] مقدار close برای ETHUSDT: 1828.08
2025-05-03 12:02:08,435 [INFO] هیچ سیگنالی برای ETHUSDT تولید نشد
2025-05-03 12:02:13,437 [INFO] پردازش BNBUSDT
2025-05-03 12:02:13,881 [INFO] دریافت داده‌های OHLC برای BNBUSDT
2025-05-03 12:02:13,882 [INFO] مقدار close برای BNBUSDT: 598.06
2025-05-03 12:02:13,885 [INFO] هیچ سیگنالی برای BNBUSDT تولید نشد
2025-05-03 12:02:18,887 [INFO] پردازش XRPUSDT
2025-05-03 12:02:19,316 [INFO] دریافت داده‌های OHLC برای XRPUSDT
2025-05-03 12:02:19,318 [INFO] مقدار close برای XRPUSDT: 2.2
2025-05-03 12:02:19,323 [INFO] هیچ سیگنالی برای XRPUSDT تولید نشد
2025-05-03 12:02:24,324 [INFO] انتظار برای چرخه بعدی (15m)
2025-05-03 12:17:24,325 [INFO] پردازش BTCUSDT
2025-05-03 12:17:24,786 [INFO] دریافت داده‌های OHLC برای BTCUSDT
2025-05-03 12:17:24,791 [INFO] مقدار close برای BTCUSDT: 96359.0
2025-05-03 12:17:24,798 [INFO] هیچ سیگنالی برای BTCUSDT تولید نشد
2025-05-03 12:17:29,799 [INFO] پردازش ETHUSDT
2025-05-03 12:17:30,450 [INFO] دریافت داده‌های OHLC برای ETHUSDT
2025-05-03 12:17:30,453 [INFO] مقدار close برای ETHUSDT: 1825.84
2025-05-03 12:17:30,461 [INFO] هیچ سیگنالی برای ETHUSDT تولید نشد
2025-05-03 12:17:35,462 [INFO] پردازش BNBUSDT
2025-05-03 12:17:35,984 [INFO] دریافت داده‌های OHLC برای BNBUSDT
2025-05-03 12:17:35,987 [INFO] مقدار close برای BNBUSDT: 596.7
2025-05-03 12:17:35,995 [INFO] هیچ سیگنالی برای BNBUSDT تولید نشد
2025-05-03 12:17:40,996 [INFO] پردازش XRPUSDT
2025-05-03 12:17:41,594 [INFO] دریافت داده‌های OHLC برای XRPUSDT
2025-05-03 12:17:41,598 [INFO] مقدار close برای XRPUSDT: 2.2
2025-05-03 12:17:41,604 [INFO] هیچ سیگنالی برای XRPUSDT تولید نشد
2025-05-03 12:17:46,606 [INFO] انتظار برای چرخه بعدی (15m)
2025-05-03 12:32:46,607 [INFO] پردازش BTCUSDT
2025-05-03 12:32:47,046 [INFO] دریافت داده‌های OHLC برای BTCUSDT
2025-05-03 12:32:47,050 [INFO] مقدار close برای BTCUSDT: 96227.0
2025-05-03 12:32:47,059 [INFO] هیچ سیگنالی برای BTCUSDT تولید نشد
2025-05-03 12:32:52,060 [INFO] پردازش ETHUSDT
2025-05-03 12:32:52,601 [INFO] دریافت داده‌های OHLC برای ETHUSDT
2025-05-03 12:32:52,604 [INFO] مقدار close برای ETHUSDT: 1827.19
2025-05-03 12:32:52,615 [INFO] هیچ سیگنالی برای ETHUSDT تولید نشد
2025-05-03 12:32:57,616 [INFO] پردازش BNBUSDT
2025-05-03 12:32:58,183 [INFO] دریافت داده‌های OHLC برای BNBUSDT
2025-05-03 12:32:58,186 [INFO] مقدار close برای BNBUSDT: 597.53
2025-05-03 12:32:58,194 [INFO] هیچ سیگنالی برای BNBUSDT تولید نشد
2025-05-03 12:33:03,196 [INFO] پردازش XRPUSDT
2025-05-03 12:33:03,728 [INFO] دریافت داده‌های OHLC برای XRPUSDT
2025-05-03 12:33:03,732 [INFO] مقدار close برای XRPUSDT: 2.2
2025-05-03 12:33:03,739 [INFO] هیچ سیگنالی برای XRPUSDT تولید نشد
2025-05-03 12:33:08,741 [INFO] انتظار برای چرخه بعدی (15m)
2025-05-03 12:40:29,015 [INFO] شروع بارگذاری تنظیمات
2025-05-03 12:40:29,016 [INFO] تنظیمات بارگذاری شد: {'xt_api_url': 'https://api.coingecko.com/api/v3', 'timeframe': '15m', 'sma_short_period': 9, 'sma_long_period': 21, 'rsi_period': 14, 'macd_fast': 12, 'macd_slow': 26, 'macd_signal': 9, 'atr_period': 14, 'telegram_chat_id': '@signalcrypto724', 'telegram_token': '8078807791:AAFWVqR1cn07kaKYZyYJMfeMIiBFxRK2XIw'}
2025-05-03 12:40:29,016 [INFO] مقداردهی اولیه XT API
2025-05-03 12:40:29,017 [INFO] مقداردهی اولیه API برای CoinGecko انجام شد
2025-05-03 12:40:29,018 [INFO] مقداردهی اولیه بات تلگرام
2025-05-03 12:40:31,410 [INFO] مقداردهی اولیه بات تلگرام انجام شد
2025-05-03 12:40:31,410 [INFO] بارگذاری لیست ارزها
2025-05-03 12:40:31,411 [INFO] ارزهای بارگذاری‌شده: ['BTCUSDT', 'ETHUSDT', 'BNBUSDT', 'XRPUSDT']
2025-05-03 12:40:31,411 [INFO] مقداردهی اولیه استراتژی تست
2025-05-03 12:40:31,412 [INFO] مقداردهی اولیه استراتژی تست
2025-05-03 12:40:31,412 [INFO] بات SIGNAL-BOT با موفقیت شروع شد
2025-05-03 12:40:31,413 [INFO] پردازش BTCUSDT
2025-05-03 12:40:31,867 [INFO] دریافت داده‌های OHLC برای BTCUSDT
2025-05-03 12:40:31,870 [INFO] مقدار close برای BTCUSDT: 96227.0
2025-05-03 12:40:31,874 [INFO] سیگنال تولید شد برای BTCUSDT: {'market': 'BTCUSDT', 'type': 'BUY', 'entry_price': 96227.0, 'stop_loss': 96014.09375, 'take_profit': 96652.8125, 'timestamp': 1746261000000, 'sma_status': 'N/A', 'rsi_value': 0.0, 'macd_status': 'N/A', 'volume_status': 'N/A'}
2025-05-03 12:40:31,875 [INFO] ارسال سیگنال برای BTCUSDT: {'market': 'BTCUSDT', 'type': 'BUY', 'entry_price': 96227.0, 'stop_loss': 96014.09375, 'take_profit': 96652.8125, 'timestamp': 1746261000000, 'sma_status': 'N/A', 'rsi_value': 0.0, 'macd_status': 'N/A', 'volume_status': 'N/A'}
2025-05-03 12:40:32,425 [INFO] پیام به تلگرام (@signalcrypto724) ارسال شد: 📊 سیگنال فیوچرز - 1746261000000
💰 جفت‌ارز: BTCUSDT
📈 نوع: BUY
🎯 قیمت ورود: 96227.00 USDT
🛑 حد ضرر: 96014.09 USDT
🏆 حد سود: 96652.81 USDT
📉 اندیکاتورها:
  - SMA: N/A
  - RSI: 0.00
  - MACD: N/A
  - حجم: N/A
⚠️ هشدار: مدیریت ریسک را رعایت کنید!
2025-05-03 12:40:32,574 [ERROR] خطا در ارسال پیام به YOUR_PRIVATE_CHAT_ID: Chat not found
2025-05-03 12:40:32,575 [INFO] سیگنال برای BTCUSDT ارسال شد: BUY
2025-05-03 12:40:37,577 [INFO] پردازش ETHUSDT
2025-05-03 12:40:38,029 [INFO] دریافت داده‌های OHLC برای ETHUSDT
2025-05-03 12:40:38,033 [INFO] مقدار close برای ETHUSDT: 1827.19
2025-05-03 12:40:38,034 [INFO] سیگنال تولید شد برای ETHUSDT: {'market': 'ETHUSDT', 'type': 'BUY', 'entry_price': 1827.19, 'stop_loss': 1821.4206250000002, 'take_profit': 1838.72875, 'timestamp': 1746262800000, 'sma_status': 'N/A', 'rsi_value': 0.0, 'macd_status': 'N/A', 'volume_status': 'N/A'}
2025-05-03 12:40:38,037 [INFO] ارسال سیگنال برای ETHUSDT: {'market': 'ETHUSDT', 'type': 'BUY', 'entry_price': 1827.19, 'stop_loss': 1821.4206250000002, 'take_profit': 1838.72875, 'timestamp': 1746262800000, 'sma_status': 'N/A', 'rsi_value': 0.0, 'macd_status': 'N/A', 'volume_status': 'N/A'}
2025-05-03 12:40:38,541 [INFO] پیام به تلگرام (@signalcrypto724) ارسال شد: 📊 سیگنال فیوچرز - 1746262800000
💰 جفت‌ارز: ETHUSDT
📈 نوع: BUY
🎯 قیمت ورود: 1827.19 USDT
🛑 حد ضرر: 1821.42 USDT
🏆 حد سود: 1838.73 USDT
📉 اندیکاتورها:
  - SMA: N/A
  - RSI: 0.00
  - MACD: N/A
  - حجم: N/A
⚠️ هشدار: مدیریت ریسک را رعایت کنید!
2025-05-03 12:40:38,698 [ERROR] خطا در ارسال پیام به YOUR_PRIVATE_CHAT_ID: Chat not found
2025-05-03 12:40:38,699 [INFO] سیگنال برای ETHUSDT ارسال شد: BUY
2025-05-03 12:40:43,703 [INFO] پردازش BNBUSDT
2025-05-03 12:40:44,169 [INFO] دریافت داده‌های OHLC برای BNBUSDT
2025-05-03 12:40:44,171 [INFO] مقدار close برای BNBUSDT: 597.53
2025-05-03 12:40:44,172 [INFO] سیگنال تولید شد برای BNBUSDT: {'market': 'BNBUSDT', 'type': 'BUY', 'entry_price': 597.53, 'stop_loss': 596.570625, 'take_profit': 599.4487499999999, 'timestamp': 1746262800000, 'sma_status': 'N/A', 'rsi_value': 0.0, 'macd_status': 'N/A', 'volume_status': 'N/A'}
2025-05-03 12:40:44,173 [INFO] ارسال سیگنال برای BNBUSDT: {'market': 'BNBUSDT', 'type': 'BUY', 'entry_price': 597.53, 'stop_loss': 596.570625, 'take_profit': 599.4487499999999, 'timestamp': 1746262800000, 'sma_status': 'N/A', 'rsi_value': 0.0, 'macd_status': 'N/A', 'volume_status': 'N/A'}
2025-05-03 12:40:44,690 [INFO] پیام به تلگرام (@signalcrypto724) ارسال شد: 📊 سیگنال فیوچرز - 1746262800000
💰 جفت‌ارز: BNBUSDT
📈 نوع: BUY
🎯 قیمت ورود: 597.53 USDT
🛑 حد ضرر: 596.57 USDT
🏆 حد سود: 599.45 USDT
📉 اندیکاتورها:
  - SMA: N/A
  - RSI: 0.00
  - MACD: N/A
  - حجم: N/A
⚠️ هشدار: مدیریت ریسک را رعایت کنید!
2025-05-03 12:40:44,843 [ERROR] خطا در ارسال پیام به YOUR_PRIVATE_CHAT_ID: Chat not found
2025-05-03 12:40:44,844 [INFO] سیگنال برای BNBUSDT ارسال شد: BUY
2025-05-03 12:40:49,846 [INFO] پردازش XRPUSDT
2025-05-03 12:40:50,292 [INFO] دریافت داده‌های OHLC برای XRPUSDT
2025-05-03 12:40:50,294 [INFO] مقدار close برای XRPUSDT: 2.2
2025-05-03 12:40:50,296 [INFO] سیگنال تولید شد برای XRPUSDT: {'market': 'XRPUSDT', 'type': 'SELL', 'entry_price': 2.2, 'stop_loss': 2.2081250000000003, 'take_profit': 2.18375, 'timestamp': 1746261000000, 'sma_status': 'N/A', 'rsi_value': 0.0, 'macd_status': 'N/A', 'volume_status': 'N/A'}
2025-05-03 12:40:50,297 [INFO] ارسال سیگنال برای XRPUSDT: {'market': 'XRPUSDT', 'type': 'SELL', 'entry_price': 2.2, 'stop_loss': 2.2081250000000003, 'take_profit': 2.18375, 'timestamp': 1746261000000, 'sma_status': 'N/A', 'rsi_value': 0.0, 'macd_status': 'N/A', 'volume_status': 'N/A'}
2025-05-03 12:40:50,786 [INFO] پیام به تلگرام (@signalcrypto724) ارسال شد: 📊 سیگنال فیوچرز - 1746261000000
💰 جفت‌ارز: XRPUSDT
📈 نوع: SELL
🎯 قیمت ورود: 2.20 USDT
🛑 حد ضرر: 2.21 USDT
🏆 حد سود: 2.18 USDT
📉 اندیکاتورها:
  - SMA: N/A
  - RSI: 0.00
  - MACD: N/A
  - حجم: N/A
⚠️ هشدار: مدیریت ریسک را رعایت کنید!
2025-05-03 12:40:50,936 [ERROR] خطا در ارسال پیام به YOUR_PRIVATE_CHAT_ID: Chat not found
2025-05-03 12:40:50,936 [INFO] سیگنال برای XRPUSDT ارسال شد: SELL
2025-05-03 12:40:55,941 [INFO] انتظار برای چرخه بعدی (15m)
2025-05-03 12:43:59,258 [INFO] شروع بارگذاری تنظیمات
2025-05-03 12:43:59,259 [INFO] تنظیمات بارگذاری شد: {'xt_api_url': 'https://api.coingecko.com/api/v3', 'timeframe': '15m', 'sma_short_period': 9, 'sma_long_period': 21, 'rsi_period': 14, 'macd_fast': 12, 'macd_slow': 26, 'macd_signal': 9, 'atr_period': 14, 'telegram_chat_id': '@signalcrypto724', 'telegram_token': '8078807791:AAFWVqR1cn07kaKYZyYJMfeMIiBFxRK2XIw'}
2025-05-03 12:43:59,259 [INFO] مقداردهی اولیه XT API
2025-05-03 12:43:59,260 [INFO] مقداردهی اولیه API برای CoinGecko انجام شد
2025-05-03 12:43:59,261 [INFO] مقداردهی اولیه بات تلگرام
2025-05-03 12:44:01,621 [INFO] مقداردهی اولیه بات تلگرام انجام شد
2025-05-03 12:44:01,622 [INFO] بارگذاری لیست ارزها
2025-05-03 12:44:01,622 [INFO] ارزهای بارگذاری‌شده: ['BTCUSDT', 'ETHUSDT', 'BNBUSDT', 'XRPUSDT']
2025-05-03 12:44:01,622 [INFO] مقداردهی اولیه استراتژی تست
2025-05-03 12:44:01,623 [INFO] مقداردهی اولیه استراتژی تست
2025-05-03 12:44:01,623 [INFO] بات SIGNAL-BOT با موفقیت شروع شد
2025-05-03 12:44:01,624 [INFO] پردازش BTCUSDT
2025-05-03 12:44:17,114 [INFO] دریافت داده‌های OHLC برای BTCUSDT
2025-05-03 12:45:10,891 [INFO] مقدار close برای BTCUSDT: 96227.0
2025-05-03 12:45:10,898 [INFO] سیگنال تولید شد برای BTCUSDT: {'market': 'BTCUSDT', 'type': 'BUY', 'entry_price': 96227.0, 'stop_loss': 96014.09375, 'take_profit': 96652.8125, 'timestamp': 1746261000000, 'sma_status': 'N/A', 'rsi_value': 0.0, 'macd_status': 'N/A', 'volume_status': 'N/A'}
2025-05-03 12:45:10,899 [INFO] ارسال سیگنال برای BTCUSDT: {'market': 'BTCUSDT', 'type': 'BUY', 'entry_price': 96227.0, 'stop_loss': 96014.09375, 'take_profit': 96652.8125, 'timestamp': 1746261000000, 'sma_status': 'N/A', 'rsi_value': 0.0, 'macd_status': 'N/A', 'volume_status': 'N/A'}
2025-05-03 12:45:11,468 [INFO] پیام به تلگرام (@signalcrypto724) ارسال شد: 📊 سیگنال فیوچرز - 1746261000000
💰 جفت‌ارز: BTCUSDT
📈 نوع: BUY
🎯 قیمت ورود: 96227.00 USDT
🛑 حد ضرر: 96014.09 USDT
🏆 حد سود: 96652.81 USDT
📉 اندیکاتورها:
  - SMA: N/A
  - RSI: 0.00
  - MACD: N/A
  - حجم: N/A
⚠️ هشدار: مدیریت ریسک را رعایت کنید!
2025-05-03 12:45:11,631 [ERROR] خطا در ارسال پیام به YOUR_PRIVATE_CHAT_ID: Chat not found
2025-05-03 12:45:11,632 [INFO] سیگنال برای BTCUSDT ارسال شد: BUY
2025-05-03 12:45:13,636 [INFO] پردازش ETHUSDT
2025-05-03 12:45:14,042 [INFO] دریافت داده‌های OHLC برای ETHUSDT
2025-05-03 12:45:14,044 [INFO] مقدار close برای ETHUSDT: 1827.19
2025-05-03 12:45:14,045 [INFO] سیگنال تولید شد برای ETHUSDT: {'market': 'ETHUSDT', 'type': 'BUY', 'entry_price': 1827.19, 'stop_loss': 1821.4206250000002, 'take_profit': 1838.72875, 'timestamp': 1746262800000, 'sma_status': 'N/A', 'rsi_value': 0.0, 'macd_status': 'N/A', 'volume_status': 'N/A'}
2025-05-03 12:45:14,047 [INFO] ارسال سیگنال برای ETHUSDT: {'market': 'ETHUSDT', 'type': 'BUY', 'entry_price': 1827.19, 'stop_loss': 1821.4206250000002, 'take_profit': 1838.72875, 'timestamp': 1746262800000, 'sma_status': 'N/A', 'rsi_value': 0.0, 'macd_status': 'N/A', 'volume_status': 'N/A'}
2025-05-03 12:45:14,254 [INFO] پیام به تلگرام (@signalcrypto724) ارسال شد: 📊 سیگنال فیوچرز - 1746262800000
💰 جفت‌ارز: ETHUSDT
📈 نوع: BUY
🎯 قیمت ورود: 1827.19 USDT
🛑 حد ضرر: 1821.42 USDT
🏆 حد سود: 1838.73 USDT
📉 اندیکاتورها:
  - SMA: N/A
  - RSI: 0.00
  - MACD: N/A
  - حجم: N/A
⚠️ هشدار: مدیریت ریسک را رعایت کنید!
2025-05-03 12:45:14,408 [ERROR] خطا در ارسال پیام به YOUR_PRIVATE_CHAT_ID: Chat not found
2025-05-03 12:45:14,408 [INFO] سیگنال برای ETHUSDT ارسال شد: BUY
2025-05-03 12:45:16,415 [INFO] پردازش BNBUSDT
2025-05-03 12:45:16,852 [INFO] دریافت داده‌های OHLC برای BNBUSDT
2025-05-03 12:45:16,855 [INFO] مقدار close برای BNBUSDT: 597.53
2025-05-03 12:45:16,856 [INFO] سیگنال تولید شد برای BNBUSDT: {'market': 'BNBUSDT', 'type': 'BUY', 'entry_price': 597.53, 'stop_loss': 596.570625, 'take_profit': 599.4487499999999, 'timestamp': 1746262800000, 'sma_status': 'N/A', 'rsi_value': 0.0, 'macd_status': 'N/A', 'volume_status': 'N/A'}
2025-05-03 12:45:16,857 [INFO] ارسال سیگنال برای BNBUSDT: {'market': 'BNBUSDT', 'type': 'BUY', 'entry_price': 597.53, 'stop_loss': 596.570625, 'take_profit': 599.4487499999999, 'timestamp': 1746262800000, 'sma_status': 'N/A', 'rsi_value': 0.0, 'macd_status': 'N/A', 'volume_status': 'N/A'}
2025-05-03 12:45:17,062 [INFO] پیام به تلگرام (@signalcrypto724) ارسال شد: 📊 سیگنال فیوچرز - 1746262800000
💰 جفت‌ارز: BNBUSDT
📈 نوع: BUY
🎯 قیمت ورود: 597.53 USDT
🛑 حد ضرر: 596.57 USDT
🏆 حد سود: 599.45 USDT
📉 اندیکاتورها:
  - SMA: N/A
  - RSI: 0.00
  - MACD: N/A
  - حجم: N/A
⚠️ هشدار: مدیریت ریسک را رعایت کنید!
2025-05-03 12:45:17,215 [ERROR] خطا در ارسال پیام به YOUR_PRIVATE_CHAT_ID: Chat not found
2025-05-03 12:45:17,216 [INFO] سیگنال برای BNBUSDT ارسال شد: BUY
2025-05-03 12:45:19,221 [INFO] پردازش XRPUSDT
2025-05-03 12:45:19,670 [INFO] دریافت داده‌های OHLC برای XRPUSDT
2025-05-03 12:45:19,673 [INFO] مقدار close برای XRPUSDT: 2.2
2025-05-03 12:45:19,674 [INFO] سیگنال تولید شد برای XRPUSDT: {'market': 'XRPUSDT', 'type': 'SELL', 'entry_price': 2.2, 'stop_loss': 2.2081250000000003, 'take_profit': 2.18375, 'timestamp': 1746261000000, 'sma_status': 'N/A', 'rsi_value': 0.0, 'macd_status': 'N/A', 'volume_status': 'N/A'}
2025-05-03 12:45:19,675 [INFO] ارسال سیگنال برای XRPUSDT: {'market': 'XRPUSDT', 'type': 'SELL', 'entry_price': 2.2, 'stop_loss': 2.2081250000000003, 'take_profit': 2.18375, 'timestamp': 1746261000000, 'sma_status': 'N/A', 'rsi_value': 0.0, 'macd_status': 'N/A', 'volume_status': 'N/A'}
2025-05-03 12:45:19,888 [INFO] پیام به تلگرام (@signalcrypto724) ارسال شد: 📊 سیگنال فیوچرز - 1746261000000
💰 جفت‌ارز: XRPUSDT
📈 نوع: SELL
🎯 قیمت ورود: 2.20 USDT
🛑 حد ضرر: 2.21 USDT
🏆 حد سود: 2.18 USDT
📉 اندیکاتورها:
  - SMA: N/A
  - RSI: 0.00
  - MACD: N/A
  - حجم: N/A
⚠️ هشدار: مدیریت ریسک را رعایت کنید!
2025-05-03 12:45:20,048 [ERROR] خطا در ارسال پیام به YOUR_PRIVATE_CHAT_ID: Chat not found
2025-05-03 12:45:20,049 [INFO] سیگنال برای XRPUSDT ارسال شد: SELL
2025-05-03 12:45:22,055 [INFO] بررسی بعدی در 10 ثانیه
2025-05-03 12:45:32,056 [INFO] پردازش BTCUSDT
2025-05-03 12:45:32,510 [INFO] دریافت داده‌های OHLC برای BTCUSDT
2025-05-03 12:45:32,513 [INFO] مقدار close برای BTCUSDT: 96227.0
2025-05-03 12:45:32,515 [INFO] سیگنال تولید شد برای BTCUSDT: {'market': 'BTCUSDT', 'type': 'BUY', 'entry_price': 96227.0, 'stop_loss': 96014.09375, 'take_profit': 96652.8125, 'timestamp': 1746261000000, 'sma_status': 'N/A', 'rsi_value': 0.0, 'macd_status': 'N/A', 'volume_status': 'N/A'}
2025-05-03 12:45:34,518 [INFO] پردازش ETHUSDT
2025-05-03 12:45:34,953 [INFO] دریافت داده‌های OHLC برای ETHUSDT
2025-05-03 12:45:34,956 [INFO] مقدار close برای ETHUSDT: 1827.19
2025-05-03 12:45:34,958 [INFO] سیگنال تولید شد برای ETHUSDT: {'market': 'ETHUSDT', 'type': 'BUY', 'entry_price': 1827.19, 'stop_loss': 1821.4206250000002, 'take_profit': 1838.72875, 'timestamp': 1746262800000, 'sma_status': 'N/A', 'rsi_value': 0.0, 'macd_status': 'N/A', 'volume_status': 'N/A'}
2025-05-03 12:45:36,960 [INFO] پردازش BNBUSDT
2025-05-03 12:45:37,401 [ERROR] خطای HTTP برای BNBUSDT: 429 Client Error: Too Many Requests for url: https://api.coingecko.com/api/v3/coins/binancecoin/ohlc?vs_currency=usd&days=1
2025-05-03 12:45:42,823 [ERROR] خطای HTTP برای BNBUSDT: 429 Client Error: Too Many Requests for url: https://api.coingecko.com/api/v3/coins/binancecoin/ohlc?vs_currency=usd&days=1
2025-05-03 12:45:48,238 [ERROR] خطای HTTP برای BNBUSDT: 429 Client Error: Too Many Requests for url: https://api.coingecko.com/api/v3/coins/binancecoin/ohlc?vs_currency=usd&days=1
2025-05-03 12:45:53,239 [ERROR] تلاش‌ها برای BNBUSDT ناموفق بود پس از 3 بار
2025-05-03 12:45:55,241 [INFO] پردازش XRPUSDT
2025-05-03 12:45:55,652 [ERROR] خطای HTTP برای XRPUSDT: 429 Client Error: Too Many Requests for url: https://api.coingecko.com/api/v3/coins/ripple/ohlc?vs_currency=usd&days=1
2025-05-03 12:46:01,068 [ERROR] خطای HTTP برای XRPUSDT: 429 Client Error: Too Many Requests for url: https://api.coingecko.com/api/v3/coins/ripple/ohlc?vs_currency=usd&days=1
2025-05-03 12:46:06,506 [ERROR] خطای HTTP برای XRPUSDT: 429 Client Error: Too Many Requests for url: https://api.coingecko.com/api/v3/coins/ripple/ohlc?vs_currency=usd&days=1
2025-05-03 12:46:13,959 [ERROR] تلاش‌ها برای XRPUSDT ناموفق بود پس از 3 بار
2025-05-03 12:46:15,960 [INFO] بررسی بعدی در 10 ثانیه
2025-05-03 12:46:25,962 [INFO] پردازش BTCUSDT
2025-05-03 12:46:26,383 [ERROR] خطای HTTP برای BTCUSDT: 429 Client Error: Too Many Requests for url: https://api.coingecko.com/api/v3/coins/bitcoin/ohlc?vs_currency=usd&days=1
2025-05-03 12:46:31,794 [ERROR] خطای HTTP برای BTCUSDT: 429 Client Error: Too Many Requests for url: https://api.coingecko.com/api/v3/coins/bitcoin/ohlc?vs_currency=usd&days=1
2025-05-03 12:46:37,205 [INFO] دریافت داده‌های OHLC برای BTCUSDT
2025-05-03 12:46:37,205 [INFO] مقدار close برای BTCUSDT: 96227.0
2025-05-03 12:46:37,206 [INFO] سیگنال تولید شد برای BTCUSDT: {'market': 'BTCUSDT', 'type': 'BUY', 'entry_price': 96227.0, 'stop_loss': 96014.09375, 'take_profit': 96652.8125, 'timestamp': 1746261000000, 'sma_status': 'N/A', 'rsi_value': 0.0, 'macd_status': 'N/A', 'volume_status': 'N/A'}
2025-05-03 12:46:39,208 [INFO] پردازش ETHUSDT
2025-05-03 12:46:39,638 [INFO] دریافت داده‌های OHLC برای ETHUSDT
2025-05-03 12:46:39,639 [INFO] مقدار close برای ETHUSDT: 1827.19
2025-05-03 12:46:39,640 [INFO] سیگنال تولید شد برای ETHUSDT: {'market': 'ETHUSDT', 'type': 'BUY', 'entry_price': 1827.19, 'stop_loss': 1821.4206250000002, 'take_profit': 1838.72875, 'timestamp': 1746262800000, 'sma_status': 'N/A', 'rsi_value': 0.0, 'macd_status': 'N/A', 'volume_status': 'N/A'}
2025-05-03 12:46:41,642 [INFO] پردازش BNBUSDT
2025-05-03 12:46:42,042 [INFO] دریافت داده‌های OHLC برای BNBUSDT
2025-05-03 12:46:42,044 [INFO] مقدار close برای BNBUSDT: 597.53
2025-05-03 12:46:42,045 [INFO] سیگنال تولید شد برای BNBUSDT: {'market': 'BNBUSDT', 'type': 'BUY', 'entry_price': 597.53, 'stop_loss': 596.570625, 'take_profit': 599.4487499999999, 'timestamp': 1746262800000, 'sma_status': 'N/A', 'rsi_value': 0.0, 'macd_status': 'N/A', 'volume_status': 'N/A'}
2025-05-03 12:46:44,047 [INFO] پردازش XRPUSDT
2025-05-03 12:46:44,478 [INFO] دریافت داده‌های OHLC برای XRPUSDT
2025-05-03 12:46:44,479 [INFO] مقدار close برای XRPUSDT: 2.2
2025-05-03 12:46:44,480 [INFO] سیگنال تولید شد برای XRPUSDT: {'market': 'XRPUSDT', 'type': 'SELL', 'entry_price': 2.2, 'stop_loss': 2.2081250000000003, 'take_profit': 2.18375, 'timestamp': 1746261000000, 'sma_status': 'N/A', 'rsi_value': 0.0, 'macd_status': 'N/A', 'volume_status': 'N/A'}
2025-05-03 12:46:46,482 [INFO] بررسی بعدی در 10 ثانیه
2025-05-03 12:46:56,483 [INFO] پردازش BTCUSDT
2025-05-03 12:46:56,922 [INFO] دریافت داده‌های OHLC برای BTCUSDT
2025-05-03 12:46:56,923 [INFO] مقدار close برای BTCUSDT: 96227.0
2025-05-03 12:46:56,925 [INFO] سیگنال تولید شد برای BTCUSDT: {'market': 'BTCUSDT', 'type': 'BUY', 'entry_price': 96227.0, 'stop_loss': 96014.09375, 'take_profit': 96652.8125, 'timestamp': 1746261000000, 'sma_status': 'N/A', 'rsi_value': 0.0, 'macd_status': 'N/A', 'volume_status': 'N/A'}
2025-05-03 12:46:58,926 [INFO] پردازش ETHUSDT
2025-05-03 12:46:59,380 [ERROR] خطای HTTP برای ETHUSDT: 429 Client Error: Too Many Requests for url: https://api.coingecko.com/api/v3/coins/ethereum/ohlc?vs_currency=usd&days=1
2025-05-03 12:47:04,783 [ERROR] خطای HTTP برای ETHUSDT: 429 Client Error: Too Many Requests for url: https://api.coingecko.com/api/v3/coins/ethereum/ohlc?vs_currency=usd&days=1
2025-05-03 12:47:10,177 [ERROR] خطای HTTP برای ETHUSDT: 429 Client Error: Too Many Requests for url: https://api.coingecko.com/api/v3/coins/ethereum/ohlc?vs_currency=usd&days=1
2025-05-03 12:47:15,179 [ERROR] تلاش‌ها برای ETHUSDT ناموفق بود پس از 3 بار
2025-05-03 12:47:17,179 [INFO] پردازش BNBUSDT
2025-05-03 12:47:17,586 [ERROR] خطای HTTP برای BNBUSDT: 429 Client Error: Too Many Requests for url: https://api.coingecko.com/api/v3/coins/binancecoin/ohlc?vs_currency=usd&days=1
2025-05-03 12:47:23,000 [ERROR] خطای HTTP برای BNBUSDT: 429 Client Error: Too Many Requests for url: https://api.coingecko.com/api/v3/coins/binancecoin/ohlc?vs_currency=usd&days=1
2025-05-03 12:47:28,428 [ERROR] خطای HTTP برای BNBUSDT: 429 Client Error: Too Many Requests for url: https://api.coingecko.com/api/v3/coins/binancecoin/ohlc?vs_currency=usd&days=1
2025-05-03 12:47:33,430 [ERROR] تلاش‌ها برای BNBUSDT ناموفق بود پس از 3 بار
2025-05-03 12:47:35,431 [INFO] پردازش XRPUSDT
2025-05-03 12:47:35,847 [ERROR] خطای HTTP برای XRPUSDT: 429 Client Error: Too Many Requests for url: https://api.coingecko.com/api/v3/coins/ripple/ohlc?vs_currency=usd&days=1
2025-05-03 12:47:41,303 [ERROR] خطای HTTP برای XRPUSDT: 429 Client Error: Too Many Requests for url: https://api.coingecko.com/api/v3/coins/ripple/ohlc?vs_currency=usd&days=1
2025-05-03 12:47:46,756 [ERROR] خطای HTTP برای XRPUSDT: 429 Client Error: Too Many Requests for url: https://api.coingecko.com/api/v3/coins/ripple/ohlc?vs_currency=usd&days=1
2025-05-03 12:47:51,757 [ERROR] تلاش‌ها برای XRPUSDT ناموفق بود پس از 3 بار
2025-05-03 12:47:53,759 [INFO] بررسی بعدی در 10 ثانیه
2025-05-03 12:48:03,759 [INFO] پردازش BTCUSDT
2025-05-03 12:48:04,169 [INFO] دریافت داده‌های OHLC برای BTCUSDT
2025-05-03 12:48:04,172 [INFO] مقدار close برای BTCUSDT: 96227.0
2025-05-03 12:48:04,173 [INFO] سیگنال تولید شد برای BTCUSDT: {'market': 'BTCUSDT', 'type': 'BUY', 'entry_price': 96227.0, 'stop_loss': 96014.09375, 'take_profit': 96652.8125, 'timestamp': 1746261000000, 'sma_status': 'N/A', 'rsi_value': 0.0, 'macd_status': 'N/A', 'volume_status': 'N/A'}
2025-05-03 12:48:06,176 [INFO] پردازش ETHUSDT
2025-05-03 12:48:06,721 [INFO] دریافت داده‌های OHLC برای ETHUSDT
2025-05-03 12:48:06,724 [INFO] مقدار close برای ETHUSDT: 1827.19
2025-05-03 12:48:06,726 [INFO] سیگنال تولید شد برای ETHUSDT: {'market': 'ETHUSDT', 'type': 'BUY', 'entry_price': 1827.19, 'stop_loss': 1821.4206250000002, 'take_profit': 1838.72875, 'timestamp': 1746262800000, 'sma_status': 'N/A', 'rsi_value': 0.0, 'macd_status': 'N/A', 'volume_status': 'N/A'}
2025-05-03 12:48:08,729 [INFO] پردازش BNBUSDT
2025-05-03 12:48:09,305 [INFO] دریافت داده‌های OHLC برای BNBUSDT
2025-05-03 12:48:09,306 [INFO] مقدار close برای BNBUSDT: 597.53
2025-05-03 12:48:09,306 [INFO] سیگنال تولید شد برای BNBUSDT: {'market': 'BNBUSDT', 'type': 'BUY', 'entry_price': 597.53, 'stop_loss': 596.570625, 'take_profit': 599.4487499999999, 'timestamp': 1746262800000, 'sma_status': 'N/A', 'rsi_value': 0.0, 'macd_status': 'N/A', 'volume_status': 'N/A'}
2025-05-03 12:48:11,310 [INFO] پردازش XRPUSDT
2025-05-03 12:48:11,874 [INFO] دریافت داده‌های OHLC برای XRPUSDT
2025-05-03 12:48:11,877 [INFO] مقدار close برای XRPUSDT: 2.21
2025-05-03 12:48:11,879 [INFO] سیگنال تولید شد برای XRPUSDT: {'market': 'XRPUSDT', 'type': 'SELL', 'entry_price': 2.21, 'stop_loss': 2.218125, 'take_profit': 2.19375, 'timestamp': 1746262800000, 'sma_status': 'N/A', 'rsi_value': 0.0, 'macd_status': 'N/A', 'volume_status': 'N/A'}
2025-05-03 12:48:11,881 [INFO] ارسال سیگنال برای XRPUSDT: {'market': 'XRPUSDT', 'type': 'SELL', 'entry_price': 2.21, 'stop_loss': 2.218125, 'take_profit': 2.19375, 'timestamp': 1746262800000, 'sma_status': 'N/A', 'rsi_value': 0.0, 'macd_status': 'N/A', 'volume_status': 'N/A'}
2025-05-03 12:48:12,419 [INFO] پیام به تلگرام (@signalcrypto724) ارسال شد: 📊 سیگنال فیوچرز - 1746262800000
💰 جفت‌ارز: XRPUSDT
📈 نوع: SELL
🎯 قیمت ورود: 2.21 USDT
🛑 حد ضرر: 2.22 USDT
🏆 حد سود: 2.19 USDT
📉 اندیکاتورها:
  - SMA: N/A
  - RSI: 0.00
  - MACD: N/A
  - حجم: N/A
⚠️ هشدار: مدیریت ریسک را رعایت کنید!
2025-05-03 12:48:12,576 [ERROR] خطا در ارسال پیام به YOUR_PRIVATE_CHAT_ID: Chat not found
2025-05-03 12:48:12,577 [INFO] سیگنال برای XRPUSDT ارسال شد: SELL
2025-05-03 12:48:14,580 [INFO] بررسی بعدی در 10 ثانیه
2025-05-03 12:48:24,582 [INFO] پردازش BTCUSDT
2025-05-03 12:48:25,010 [INFO] دریافت داده‌های OHLC برای BTCUSDT
2025-05-03 12:48:25,014 [INFO] مقدار close برای BTCUSDT: 96227.0
2025-05-03 12:48:25,016 [INFO] سیگنال تولید شد برای BTCUSDT: {'market': 'BTCUSDT', 'type': 'BUY', 'entry_price': 96227.0, 'stop_loss': 96014.09375, 'take_profit': 96652.8125, 'timestamp': 1746261000000, 'sma_status': 'N/A', 'rsi_value': 0.0, 'macd_status': 'N/A', 'volume_status': 'N/A'}
2025-05-03 12:48:27,017 [INFO] پردازش ETHUSDT
2025-05-03 12:48:27,636 [ERROR] خطای HTTP برای ETHUSDT: 429 Client Error: Too Many Requests for url: https://api.coingecko.com/api/v3/coins/ethereum/ohlc?vs_currency=usd&days=1
2025-05-03 12:48:33,078 [ERROR] خطای HTTP برای ETHUSDT: 429 Client Error: Too Many Requests for url: https://api.coingecko.com/api/v3/coins/ethereum/ohlc?vs_currency=usd&days=1
2025-05-03 12:48:38,513 [ERROR] خطای HTTP برای ETHUSDT: 429 Client Error: Too Many Requests for url: https://api.coingecko.com/api/v3/coins/ethereum/ohlc?vs_currency=usd&days=1
2025-05-03 12:48:43,515 [ERROR] تلاش‌ها برای ETHUSDT ناموفق بود پس از 3 بار
2025-05-03 12:48:45,517 [INFO] پردازش BNBUSDT
2025-05-03 12:48:45,913 [ERROR] خطای HTTP برای BNBUSDT: 429 Client Error: Too Many Requests for url: https://api.coingecko.com/api/v3/coins/binancecoin/ohlc?vs_currency=usd&days=1
2025-05-03 12:48:51,349 [ERROR] خطای HTTP برای BNBUSDT: 429 Client Error: Too Many Requests for url: https://api.coingecko.com/api/v3/coins/binancecoin/ohlc?vs_currency=usd&days=1
2025-05-03 12:48:56,774 [ERROR] خطای HTTP برای BNBUSDT: 429 Client Error: Too Many Requests for url: https://api.coingecko.com/api/v3/coins/binancecoin/ohlc?vs_currency=usd&days=1
2025-05-03 12:49:01,776 [ERROR] تلاش‌ها برای BNBUSDT ناموفق بود پس از 3 بار
2025-05-03 12:49:03,777 [INFO] پردازش XRPUSDT
2025-05-03 12:49:04,203 [ERROR] خطای HTTP برای XRPUSDT: 429 Client Error: Too Many Requests for url: https://api.coingecko.com/api/v3/coins/ripple/ohlc?vs_currency=usd&days=1
2025-05-03 12:49:09,780 [ERROR] خطای HTTP برای XRPUSDT: 429 Client Error: Too Many Requests for url: https://api.coingecko.com/api/v3/coins/ripple/ohlc?vs_currency=usd&days=1
2025-05-03 12:49:15,179 [ERROR] خطای HTTP برای XRPUSDT: 429 Client Error: Too Many Requests for url: https://api.coingecko.com/api/v3/coins/ripple/ohlc?vs_currency=usd&days=1
2025-05-03 12:49:20,181 [ERROR] تلاش‌ها برای XRPUSDT ناموفق بود پس از 3 بار
2025-05-03 12:49:22,183 [INFO] بررسی بعدی در 10 ثانیه
2025-05-03 12:49:42,826 [INFO] شروع بارگذاری تنظیمات
2025-05-03 12:49:42,826 [INFO] تنظیمات بارگذاری شد: {'xt_api_url': 'https://api.coingecko.com/api/v3', 'timeframe': '15m', 'sma_short_period': 9, 'sma_long_period': 21, 'rsi_period': 14, 'macd_fast': 12, 'macd_slow': 26, 'macd_signal': 9, 'atr_period': 14, 'telegram_chat_id': '@signalcrypto724', 'telegram_token': '8078807791:AAFWVqR1cn07kaKYZyYJMfeMIiBFxRK2XIw'}
2025-05-03 12:49:42,827 [INFO] مقداردهی اولیه XT API
2025-05-03 12:49:42,827 [INFO] مقداردهی اولیه API برای CoinGecko انجام شد
2025-05-03 12:49:42,827 [INFO] مقداردهی اولیه بات تلگرام
2025-05-03 12:49:45,151 [INFO] مقداردهی اولیه بات تلگرام انجام شد
2025-05-03 12:49:45,152 [INFO] بارگذاری لیست ارزها
2025-05-03 12:49:45,152 [INFO] ارزهای بارگذاری‌شده: ['BTCUSDT', 'ETHUSDT', 'BNBUSDT', 'XRPUSDT']
2025-05-03 12:49:45,152 [INFO] مقداردهی اولیه استراتژی تست
2025-05-03 12:49:45,153 [INFO] مقداردهی اولیه استراتژی تست
2025-05-03 12:49:45,153 [INFO] بات SIGNAL-BOT با موفقیت شروع شد
2025-05-03 12:49:45,153 [INFO] پردازش BTCUSDT
2025-05-03 12:49:45,579 [INFO] دریافت داده‌های OHLC برای BTCUSDT
2025-05-03 12:49:45,581 [INFO] مقدار close برای BTCUSDT: 96227.0
2025-05-03 12:49:45,586 [INFO] سیگنال تولید شد برای BTCUSDT: {'market': 'BTCUSDT', 'type': 'BUY', 'entry_price': 96227.0, 'stop_loss': 96014.09375, 'take_profit': 96652.8125, 'timestamp': 1746261000000, 'sma_status': 'N/A', 'rsi_value': 0.0, 'macd_status': 'N/A', 'volume_status': 'N/A'}
2025-05-03 12:49:45,587 [INFO] ارسال سیگنال برای BTCUSDT: {'market': 'BTCUSDT', 'type': 'BUY', 'entry_price': 96227.0, 'stop_loss': 96014.09375, 'take_profit': 96652.8125, 'timestamp': 1746261000000, 'sma_status': 'N/A', 'rsi_value': 0.0, 'macd_status': 'N/A', 'volume_status': 'N/A'}
2025-05-03 12:49:46,077 [INFO] پیام به تلگرام (@signalcrypto724) ارسال شد: 📊 سیگنال فیوچرز - 1746261000000
💰 جفت‌ارز: BTCUSDT
📈 نوع: BUY
🎯 قیمت ورود: 96227.00 USDT
🛑 حد ضرر: 96014.09 USDT
🏆 حد سود: 96652.81 USDT
📉 اندیکاتورها:
  - SMA: N/A
  - RSI: 0.00
  - MACD: N/A
  - حجم: N/A
⚠️ هشدار: مدیریت ریسک را رعایت کنید!
2025-05-03 12:49:46,222 [ERROR] خطا در ارسال پیام به تلگرام: Chat not found
2025-05-03 12:49:46,223 [ERROR] شکست در ارسال سیگنال برای BTCUSDT
2025-05-03 12:49:51,237 [INFO] پردازش ETHUSDT
2025-05-03 12:49:51,658 [INFO] دریافت داده‌های OHLC برای ETHUSDT
2025-05-03 12:49:51,661 [INFO] مقدار close برای ETHUSDT: 1827.19
2025-05-03 12:49:51,663 [INFO] سیگنال تولید شد برای ETHUSDT: {'market': 'ETHUSDT', 'type': 'BUY', 'entry_price': 1827.19, 'stop_loss': 1821.4206250000002, 'take_profit': 1838.72875, 'timestamp': 1746262800000, 'sma_status': 'N/A', 'rsi_value': 0.0, 'macd_status': 'N/A', 'volume_status': 'N/A'}
2025-05-03 12:49:51,664 [INFO] ارسال سیگنال برای ETHUSDT: {'market': 'ETHUSDT', 'type': 'BUY', 'entry_price': 1827.19, 'stop_loss': 1821.4206250000002, 'take_profit': 1838.72875, 'timestamp': 1746262800000, 'sma_status': 'N/A', 'rsi_value': 0.0, 'macd_status': 'N/A', 'volume_status': 'N/A'}
2025-05-03 12:49:52,170 [INFO] پیام به تلگرام (@signalcrypto724) ارسال شد: 📊 سیگنال فیوچرز - 1746262800000
💰 جفت‌ارز: ETHUSDT
📈 نوع: BUY
🎯 قیمت ورود: 1827.19 USDT
🛑 حد ضرر: 1821.42 USDT
🏆 حد سود: 1838.73 USDT
📉 اندیکاتورها:
  - SMA: N/A
  - RSI: 0.00
  - MACD: N/A
  - حجم: N/A
⚠️ هشدار: مدیریت ریسک را رعایت کنید!
2025-05-03 12:49:52,318 [ERROR] خطا در ارسال پیام به تلگرام: Chat not found
2025-05-03 12:49:52,319 [ERROR] شکست در ارسال سیگنال برای ETHUSDT
2025-05-03 12:49:57,339 [INFO] پردازش BNBUSDT
2025-05-03 12:49:57,775 [INFO] دریافت داده‌های OHLC برای BNBUSDT
2025-05-03 12:49:57,778 [INFO] مقدار close برای BNBUSDT: 597.53
2025-05-03 12:49:57,780 [INFO] سیگنال تولید شد برای BNBUSDT: {'market': 'BNBUSDT', 'type': 'BUY', 'entry_price': 597.53, 'stop_loss': 596.570625, 'take_profit': 599.4487499999999, 'timestamp': 1746262800000, 'sma_status': 'N/A', 'rsi_value': 0.0, 'macd_status': 'N/A', 'volume_status': 'N/A'}
2025-05-03 12:49:57,780 [INFO] ارسال سیگنال برای BNBUSDT: {'market': 'BNBUSDT', 'type': 'BUY', 'entry_price': 597.53, 'stop_loss': 596.570625, 'take_profit': 599.4487499999999, 'timestamp': 1746262800000, 'sma_status': 'N/A', 'rsi_value': 0.0, 'macd_status': 'N/A', 'volume_status': 'N/A'}
2025-05-03 12:49:58,292 [INFO] پیام به تلگرام (@signalcrypto724) ارسال شد: 📊 سیگنال فیوچرز - 1746262800000
💰 جفت‌ارز: BNBUSDT
📈 نوع: BUY
🎯 قیمت ورود: 597.53 USDT
🛑 حد ضرر: 596.57 USDT
🏆 حد سود: 599.45 USDT
📉 اندیکاتورها:
  - SMA: N/A
  - RSI: 0.00
  - MACD: N/A
  - حجم: N/A
⚠️ هشدار: مدیریت ریسک را رعایت کنید!
2025-05-03 12:49:58,455 [ERROR] خطا در ارسال پیام به تلگرام: Chat not found
2025-05-03 12:49:58,455 [ERROR] شکست در ارسال سیگنال برای BNBUSDT
2025-05-03 12:50:03,462 [INFO] پردازش XRPUSDT
2025-05-03 12:50:03,908 [INFO] دریافت داده‌های OHLC برای XRPUSDT
2025-05-03 12:50:03,911 [INFO] مقدار close برای XRPUSDT: 2.21
2025-05-03 12:50:03,913 [INFO] سیگنال تولید شد برای XRPUSDT: {'market': 'XRPUSDT', 'type': 'SELL', 'entry_price': 2.21, 'stop_loss': 2.218125, 'take_profit': 2.19375, 'timestamp': 1746262800000, 'sma_status': 'N/A', 'rsi_value': 0.0, 'macd_status': 'N/A', 'volume_status': 'N/A'}
2025-05-03 12:50:03,915 [INFO] ارسال سیگنال برای XRPUSDT: {'market': 'XRPUSDT', 'type': 'SELL', 'entry_price': 2.21, 'stop_loss': 2.218125, 'take_profit': 2.19375, 'timestamp': 1746262800000, 'sma_status': 'N/A', 'rsi_value': 0.0, 'macd_status': 'N/A', 'volume_status': 'N/A'}
2025-05-03 12:50:04,415 [INFO] پیام به تلگرام (@signalcrypto724) ارسال شد: 📊 سیگنال فیوچرز - 1746262800000
💰 جفت‌ارز: XRPUSDT
📈 نوع: SELL
🎯 قیمت ورود: 2.21 USDT
🛑 حد ضرر: 2.22 USDT
🏆 حد سود: 2.19 USDT
📉 اندیکاتورها:
  - SMA: N/A
  - RSI: 0.00
  - MACD: N/A
  - حجم: N/A
⚠️ هشدار: مدیریت ریسک را رعایت کنید!
2025-05-03 12:50:04,557 [ERROR] خطا در ارسال پیام به تلگرام: Chat not found
2025-05-03 12:50:04,557 [ERROR] شکست در ارسال سیگنال برای XRPUSDT
2025-05-03 12:50:09,558 [INFO] بررسی بعدی در 30 ثانیه
2025-05-03 12:50:39,570 [INFO] پردازش BTCUSDT
2025-05-03 12:50:40,017 [INFO] دریافت داده‌های OHLC برای BTCUSDT
2025-05-03 12:50:40,019 [INFO] مقدار close برای BTCUSDT: 96227.0
2025-05-03 12:50:40,021 [INFO] سیگنال تولید شد برای BTCUSDT: {'market': 'BTCUSDT', 'type': 'BUY', 'entry_price': 96227.0, 'stop_loss': 96014.09375, 'take_profit': 96652.8125, 'timestamp': 1746261000000, 'sma_status': 'N/A', 'rsi_value': 0.0, 'macd_status': 'N/A', 'volume_status': 'N/A'}
2025-05-03 12:50:40,023 [INFO] ارسال سیگنال برای BTCUSDT: {'market': 'BTCUSDT', 'type': 'BUY', 'entry_price': 96227.0, 'stop_loss': 96014.09375, 'take_profit': 96652.8125, 'timestamp': 1746261000000, 'sma_status': 'N/A', 'rsi_value': 0.0, 'macd_status': 'N/A', 'volume_status': 'N/A'}
2025-05-03 12:50:40,528 [INFO] پیام به تلگرام (@signalcrypto724) ارسال شد: 📊 سیگنال فیوچرز - 1746261000000
💰 جفت‌ارز: BTCUSDT
📈 نوع: BUY
🎯 قیمت ورود: 96227.00 USDT
🛑 حد ضرر: 96014.09 USDT
🏆 حد سود: 96652.81 USDT
📉 اندیکاتورها:
  - SMA: N/A
  - RSI: 0.00
  - MACD: N/A
  - حجم: N/A
⚠️ هشدار: مدیریت ریسک را رعایت کنید!
2025-05-03 12:50:40,680 [ERROR] خطا در ارسال پیام به تلگرام: Chat not found
2025-05-03 12:50:40,680 [ERROR] شکست در ارسال سیگنال برای BTCUSDT
2025-05-03 12:50:45,693 [INFO] پردازش ETHUSDT
2025-05-03 12:50:46,136 [INFO] دریافت داده‌های OHLC برای ETHUSDT
2025-05-03 12:50:46,137 [INFO] مقدار close برای ETHUSDT: 1827.19
2025-05-03 12:50:46,137 [INFO] سیگنال تولید شد برای ETHUSDT: {'market': 'ETHUSDT', 'type': 'BUY', 'entry_price': 1827.19, 'stop_loss': 1821.4206250000002, 'take_profit': 1838.72875, 'timestamp': 1746262800000, 'sma_status': 'N/A', 'rsi_value': 0.0, 'macd_status': 'N/A', 'volume_status': 'N/A'}
2025-05-03 12:50:46,141 [INFO] ارسال سیگنال برای ETHUSDT: {'market': 'ETHUSDT', 'type': 'BUY', 'entry_price': 1827.19, 'stop_loss': 1821.4206250000002, 'take_profit': 1838.72875, 'timestamp': 1746262800000, 'sma_status': 'N/A', 'rsi_value': 0.0, 'macd_status': 'N/A', 'volume_status': 'N/A'}
2025-05-03 12:50:46,671 [INFO] پیام به تلگرام (@signalcrypto724) ارسال شد: 📊 سیگنال فیوچرز - 1746262800000
💰 جفت‌ارز: ETHUSDT
📈 نوع: BUY
🎯 قیمت ورود: 1827.19 USDT
🛑 حد ضرر: 1821.42 USDT
🏆 حد سود: 1838.73 USDT
📉 اندیکاتورها:
  - SMA: N/A
  - RSI: 0.00
  - MACD: N/A
  - حجم: N/A
⚠️ هشدار: مدیریت ریسک را رعایت کنید!
2025-05-03 12:50:46,819 [ERROR] خطا در ارسال پیام به تلگرام: Chat not found
2025-05-03 12:50:46,819 [ERROR] شکست در ارسال سیگنال برای ETHUSDT
2025-05-03 12:50:51,824 [INFO] پردازش BNBUSDT
2025-05-03 12:50:52,222 [INFO] دریافت داده‌های OHLC برای BNBUSDT
2025-05-03 12:50:52,223 [INFO] مقدار close برای BNBUSDT: 597.53
2025-05-03 12:50:52,224 [INFO] سیگنال تولید شد برای BNBUSDT: {'market': 'BNBUSDT', 'type': 'BUY', 'entry_price': 597.53, 'stop_loss': 596.570625, 'take_profit': 599.4487499999999, 'timestamp': 1746262800000, 'sma_status': 'N/A', 'rsi_value': 0.0, 'macd_status': 'N/A', 'volume_status': 'N/A'}
2025-05-03 12:50:52,225 [INFO] ارسال سیگنال برای BNBUSDT: {'market': 'BNBUSDT', 'type': 'BUY', 'entry_price': 597.53, 'stop_loss': 596.570625, 'take_profit': 599.4487499999999, 'timestamp': 1746262800000, 'sma_status': 'N/A', 'rsi_value': 0.0, 'macd_status': 'N/A', 'volume_status': 'N/A'}
2025-05-03 12:50:52,730 [INFO] پیام به تلگرام (@signalcrypto724) ارسال شد: 📊 سیگنال فیوچرز - 1746262800000
💰 جفت‌ارز: BNBUSDT
📈 نوع: BUY
🎯 قیمت ورود: 597.53 USDT
🛑 حد ضرر: 596.57 USDT
🏆 حد سود: 599.45 USDT
📉 اندیکاتورها:
  - SMA: N/A
  - RSI: 0.00
  - MACD: N/A
  - حجم: N/A
⚠️ هشدار: مدیریت ریسک را رعایت کنید!
2025-05-03 12:50:52,917 [ERROR] خطا در ارسال پیام به تلگرام: Chat not found
2025-05-03 12:50:52,917 [ERROR] شکست در ارسال سیگنال برای BNBUSDT
2025-05-03 12:50:57,931 [INFO] پردازش XRPUSDT
2025-05-03 12:50:58,349 [INFO] دریافت داده‌های OHLC برای XRPUSDT
2025-05-03 12:50:58,351 [INFO] مقدار close برای XRPUSDT: 2.21
2025-05-03 12:50:58,352 [INFO] سیگنال تولید شد برای XRPUSDT: {'market': 'XRPUSDT', 'type': 'SELL', 'entry_price': 2.21, 'stop_loss': 2.218125, 'take_profit': 2.19375, 'timestamp': 1746262800000, 'sma_status': 'N/A', 'rsi_value': 0.0, 'macd_status': 'N/A', 'volume_status': 'N/A'}
2025-05-03 12:50:58,353 [INFO] ارسال سیگنال برای XRPUSDT: {'market': 'XRPUSDT', 'type': 'SELL', 'entry_price': 2.21, 'stop_loss': 2.218125, 'take_profit': 2.19375, 'timestamp': 1746262800000, 'sma_status': 'N/A', 'rsi_value': 0.0, 'macd_status': 'N/A', 'volume_status': 'N/A'}
2025-05-03 12:50:58,847 [INFO] پیام به تلگرام (@signalcrypto724) ارسال شد: 📊 سیگنال فیوچرز - 1746262800000
💰 جفت‌ارز: XRPUSDT
📈 نوع: SELL
🎯 قیمت ورود: 2.21 USDT
🛑 حد ضرر: 2.22 USDT
🏆 حد سود: 2.19 USDT
📉 اندیکاتورها:
  - SMA: N/A
  - RSI: 0.00
  - MACD: N/A
  - حجم: N/A
⚠️ هشدار: مدیریت ریسک را رعایت کنید!
2025-05-03 12:50:59,003 [ERROR] خطا در ارسال پیام به تلگرام: Chat not found
2025-05-03 12:50:59,004 [ERROR] شکست در ارسال سیگنال برای XRPUSDT
2025-05-03 12:53:14,477 [INFO] شروع بارگذاری تنظیمات
2025-05-03 12:53:14,477 [INFO] تنظیمات بارگذاری شد: {'xt_api_url': 'https://api.coingecko.com/api/v3', 'timeframe': '15m', 'sma_short_period': 9, 'sma_long_period': 21, 'rsi_period': 14, 'macd_fast': 12, 'macd_slow': 26, 'macd_signal': 9, 'atr_period': 14, 'telegram_chat_id': '@signalcrypto724', 'telegram_token': '8078807791:AAFWVqR1cn07kaKYZyYJMfeMIiBFxRK2XIw'}
2025-05-03 12:53:14,477 [INFO] مقداردهی اولیه XT API
2025-05-03 12:53:14,478 [INFO] مقداردهی اولیه API برای CoinGecko انجام شد
2025-05-03 12:53:14,478 [INFO] مقداردهی اولیه بات تلگرام
2025-05-03 12:53:16,806 [INFO] مقداردهی اولیه بات تلگرام انجام شد
2025-05-03 12:53:16,806 [INFO] بارگذاری لیست ارزها
2025-05-03 12:53:16,807 [INFO] ارزهای بارگذاری‌شده: ['BTCUSDT', 'ETHUSDT', 'BNBUSDT', 'XRPUSDT']
2025-05-03 12:53:16,807 [INFO] مقداردهی اولیه استراتژی برای CoinGecko
2025-05-03 12:53:16,808 [INFO] مقداردهی اولیه استراتژی برای CoinGecko
2025-05-03 12:53:16,808 [INFO] بات SIGNAL-BOT با موفقیت شروع شد
2025-05-03 12:53:16,808 [INFO] پردازش BTCUSDT
2025-05-03 12:53:17,258 [INFO] دریافت داده‌های OHLC برای BTCUSDT
2025-05-03 12:53:17,260 [INFO] مقدار close برای BTCUSDT: 96227.0
2025-05-03 12:53:17,264 [INFO] هیچ سیگنالی برای BTCUSDT تولید نشد
2025-05-03 12:53:22,275 [INFO] پردازش ETHUSDT
2025-05-03 12:53:25,922 [INFO] دریافت داده‌های OHLC برای ETHUSDT
2025-05-03 12:53:25,925 [INFO] مقدار close برای ETHUSDT: 1827.19
2025-05-03 12:53:25,927 [INFO] هیچ سیگنالی برای ETHUSDT تولید نشد
2025-05-03 12:53:30,932 [INFO] پردازش BNBUSDT
2025-05-03 12:53:31,620 [INFO] دریافت داده‌های OHLC برای BNBUSDT
2025-05-03 12:53:31,621 [INFO] مقدار close برای BNBUSDT: 597.53
2025-05-03 12:53:31,625 [INFO] هیچ سیگنالی برای BNBUSDT تولید نشد
2025-05-03 12:53:36,629 [INFO] پردازش XRPUSDT
2025-05-03 12:53:37,043 [INFO] دریافت داده‌های OHLC برای XRPUSDT
2025-05-03 12:53:37,046 [INFO] مقدار close برای XRPUSDT: 2.21
2025-05-03 12:53:37,049 [INFO] هیچ سیگنالی برای XRPUSDT تولید نشد
2025-05-03 12:53:42,058 [INFO] بررسی بعدی در 30 ثانیه
2025-05-03 12:54:12,062 [INFO] پردازش BTCUSDT
2025-05-03 12:54:12,611 [INFO] دریافت داده‌های OHLC برای BTCUSDT
2025-05-03 12:54:12,612 [INFO] مقدار close برای BTCUSDT: 96358.0
2025-05-03 12:54:12,615 [INFO] هیچ سیگنالی برای BTCUSDT تولید نشد
2025-05-03 12:54:17,623 [INFO] پردازش ETHUSDT
2025-05-03 12:54:18,186 [INFO] دریافت داده‌های OHLC برای ETHUSDT
2025-05-03 12:54:18,187 [INFO] مقدار close برای ETHUSDT: 1827.19
2025-05-03 12:54:18,191 [INFO] هیچ سیگنالی برای ETHUSDT تولید نشد
2025-05-03 12:54:23,191 [INFO] پردازش BNBUSDT
2025-05-03 12:54:23,638 [INFO] دریافت داده‌های OHLC برای BNBUSDT
2025-05-03 12:54:23,639 [INFO] مقدار close برای BNBUSDT: 597.53
2025-05-03 12:54:23,643 [INFO] هیچ سیگنالی برای BNBUSDT تولید نشد
2025-05-03 12:54:28,654 [INFO] پردازش XRPUSDT
2025-05-03 12:54:29,075 [ERROR] خطای HTTP برای XRPUSDT: 429 Client Error: Too Many Requests for url: https://api.coingecko.com/api/v3/coins/ripple/ohlc?vs_currency=usd&days=1
2025-05-03 12:54:34,494 [ERROR] خطای HTTP برای XRPUSDT: 429 Client Error: Too Many Requests for url: https://api.coingecko.com/api/v3/coins/ripple/ohlc?vs_currency=usd&days=1
2025-05-03 12:54:39,918 [ERROR] خطای HTTP برای XRPUSDT: 429 Client Error: Too Many Requests for url: https://api.coingecko.com/api/v3/coins/ripple/ohlc?vs_currency=usd&days=1
2025-05-03 12:54:44,919 [ERROR] تلاش‌ها برای XRPUSDT ناموفق بود پس از 3 بار
2025-05-03 12:54:49,926 [INFO] بررسی بعدی در 30 ثانیه
2025-05-03 12:55:19,932 [INFO] پردازش BTCUSDT
2025-05-03 12:55:20,353 [ERROR] خطای HTTP برای BTCUSDT: 429 Client Error: Too Many Requests for url: https://api.coingecko.com/api/v3/coins/bitcoin/ohlc?vs_currency=usd&days=1
2025-05-03 12:55:25,769 [ERROR] خطای HTTP برای BTCUSDT: 429 Client Error: Too Many Requests for url: https://api.coingecko.com/api/v3/coins/bitcoin/ohlc?vs_currency=usd&days=1
2025-05-03 12:55:31,189 [INFO] دریافت داده‌های OHLC برای BTCUSDT
2025-05-03 12:55:31,192 [INFO] مقدار close برای BTCUSDT: 96358.0
2025-05-03 12:55:31,199 [INFO] هیچ سیگنالی برای BTCUSDT تولید نشد
2025-05-03 12:55:36,212 [INFO] پردازش ETHUSDT
2025-05-03 12:55:36,652 [INFO] دریافت داده‌های OHLC برای ETHUSDT
2025-05-03 12:55:36,655 [INFO] مقدار close برای ETHUSDT: 1827.19
2025-05-03 12:55:36,662 [INFO] هیچ سیگنالی برای ETHUSDT تولید نشد
2025-05-03 12:55:41,668 [INFO] پردازش BNBUSDT
2025-05-03 12:55:42,180 [INFO] دریافت داده‌های OHLC برای BNBUSDT
2025-05-03 12:55:42,182 [INFO] مقدار close برای BNBUSDT: 597.53
2025-05-03 12:55:42,185 [INFO] هیچ سیگنالی برای BNBUSDT تولید نشد
2025-05-03 12:55:47,198 [INFO] پردازش XRPUSDT
2025-05-03 12:55:47,635 [INFO] دریافت داده‌های OHLC برای XRPUSDT
2025-05-03 12:55:47,637 [INFO] مقدار close برای XRPUSDT: 2.21
2025-05-03 12:55:47,646 [INFO] هیچ سیگنالی برای XRPUSDT تولید نشد
2025-05-03 12:55:52,649 [INFO] بررسی بعدی در 30 ثانیه
2025-05-03 12:57:07,520 [INFO] شروع بارگذاری تنظیمات
2025-05-03 12:57:07,521 [INFO] تنظیمات بارگذاری شد: {'xt_api_url': 'https://api.coingecko.com/api/v3', 'timeframe': '15m', 'sma_short_period': 9, 'sma_long_period': 21, 'rsi_period': 14, 'macd_fast': 12, 'macd_slow': 26, 'macd_signal': 9, 'atr_period': 14, 'telegram_chat_id': '@signalcrypto724', 'telegram_token': '8078807791:AAFWVqR1cn07kaKYZyYJMfeMIiBFxRK2XIw'}
2025-05-03 12:57:07,521 [INFO] مقداردهی اولیه XT API
2025-05-03 12:57:07,522 [INFO] مقداردهی اولیه API برای CoinGecko انجام شد
2025-05-03 12:57:07,522 [INFO] مقداردهی اولیه بات تلگرام
2025-05-03 12:57:09,838 [INFO] مقداردهی اولیه بات تلگرام انجام شد
2025-05-03 12:57:09,838 [INFO] بارگذاری لیست ارزها
2025-05-03 12:57:09,838 [INFO] ارزهای بارگذاری‌شده: ['BTCUSDT', 'ETHUSDT', 'BNBUSDT', 'XRPUSDT']
2025-05-03 12:57:09,839 [INFO] مقداردهی اولیه استراتژی تست
2025-05-03 12:57:09,839 [INFO] مقداردهی اولیه استراتژی تست
2025-05-03 12:57:09,839 [INFO] بات SIGNAL-BOT با موفقیت شروع شد
2025-05-03 12:57:09,840 [INFO] پردازش BTCUSDT
2025-05-03 12:57:10,237 [INFO] دریافت داده‌های OHLC برای BTCUSDT
2025-05-03 12:57:10,240 [INFO] مقدار close برای BTCUSDT: 96358.0
2025-05-03 12:57:10,242 [INFO] سیگنال تولید شد برای BTCUSDT: {'market': 'BTCUSDT', 'type': 'BUY', 'entry_price': 96358.0, 'stop_loss': 96147.03125, 'take_profit': 96779.9375, 'timestamp': 1746262800000, 'sma_status': 'N/A', 'rsi_value': 0.0, 'macd_status': 'N/A', 'volume_status': 'N/A'}
2025-05-03 12:57:10,243 [INFO] ارسال سیگنال برای BTCUSDT: {'market': 'BTCUSDT', 'type': 'BUY', 'entry_price': 96358.0, 'stop_loss': 96147.03125, 'take_profit': 96779.9375, 'timestamp': 1746262800000, 'sma_status': 'N/A', 'rsi_value': 0.0, 'macd_status': 'N/A', 'volume_status': 'N/A'}
2025-05-03 12:57:10,775 [INFO] پیام به تلگرام (@signalcrypto724) ارسال شد: 📊 سیگنال فیوچرز - 1746262800000
💰 جفت‌ارز: BTCUSDT
📈 نوع: BUY
🎯 قیمت ورود: 96358.00 USDT
🛑 حد ضرر: 96147.03 USDT
🏆 حد سود: 96779.94 USDT
📉 اندیکاتورها:
  - SMA: N/A
  - RSI: 0.00
  - MACD: N/A
  - حجم: N/A
⚠️ هشدار: مدیریت ریسک را رعایت کنید!
2025-05-03 12:57:10,925 [ERROR] خطا در ارسال پیام به تلگرام: Chat not found
2025-05-03 12:57:10,925 [ERROR] شکست در ارسال سیگنال برای BTCUSDT
2025-05-03 12:57:15,938 [INFO] پردازش ETHUSDT
2025-05-03 12:57:16,367 [INFO] دریافت داده‌های OHLC برای ETHUSDT
2025-05-03 12:57:16,368 [INFO] مقدار close برای ETHUSDT: 1827.19
2025-05-03 12:57:16,371 [INFO] سیگنال تولید شد برای ETHUSDT: {'market': 'ETHUSDT', 'type': 'BUY', 'entry_price': 1827.19, 'stop_loss': 1821.4206250000002, 'take_profit': 1838.72875, 'timestamp': 1746262800000, 'sma_status': 'N/A', 'rsi_value': 0.0, 'macd_status': 'N/A', 'volume_status': 'N/A'}
2025-05-03 12:57:16,372 [INFO] ارسال سیگنال برای ETHUSDT: {'market': 'ETHUSDT', 'type': 'BUY', 'entry_price': 1827.19, 'stop_loss': 1821.4206250000002, 'take_profit': 1838.72875, 'timestamp': 1746262800000, 'sma_status': 'N/A', 'rsi_value': 0.0, 'macd_status': 'N/A', 'volume_status': 'N/A'}
2025-05-03 12:57:16,868 [INFO] پیام به تلگرام (@signalcrypto724) ارسال شد: 📊 سیگنال فیوچرز - 1746262800000
💰 جفت‌ارز: ETHUSDT
📈 نوع: BUY
🎯 قیمت ورود: 1827.19 USDT
🛑 حد ضرر: 1821.42 USDT
🏆 حد سود: 1838.73 USDT
📉 اندیکاتورها:
  - SMA: N/A
  - RSI: 0.00
  - MACD: N/A
  - حجم: N/A
⚠️ هشدار: مدیریت ریسک را رعایت کنید!
2025-05-03 12:57:17,030 [ERROR] خطا در ارسال پیام به تلگرام: Chat not found
2025-05-03 12:57:17,030 [ERROR] شکست در ارسال سیگنال برای ETHUSDT
2025-05-03 12:57:22,036 [INFO] پردازش BNBUSDT
2025-05-03 12:57:24,624 [INFO] دریافت داده‌های OHLC برای BNBUSDT
2025-05-03 12:57:24,627 [INFO] مقدار close برای BNBUSDT: 597.53
2025-05-03 12:57:24,628 [INFO] سیگنال تولید شد برای BNBUSDT: {'market': 'BNBUSDT', 'type': 'BUY', 'entry_price': 597.53, 'stop_loss': 596.570625, 'take_profit': 599.4487499999999, 'timestamp': 1746262800000, 'sma_status': 'N/A', 'rsi_value': 0.0, 'macd_status': 'N/A', 'volume_status': 'N/A'}
2025-05-03 12:57:24,630 [INFO] ارسال سیگنال برای BNBUSDT: {'market': 'BNBUSDT', 'type': 'BUY', 'entry_price': 597.53, 'stop_loss': 596.570625, 'take_profit': 599.4487499999999, 'timestamp': 1746262800000, 'sma_status': 'N/A', 'rsi_value': 0.0, 'macd_status': 'N/A', 'volume_status': 'N/A'}
2025-05-03 12:57:25,133 [INFO] پیام به تلگرام (@signalcrypto724) ارسال شد: 📊 سیگنال فیوچرز - 1746262800000
💰 جفت‌ارز: BNBUSDT
📈 نوع: BUY
🎯 قیمت ورود: 597.53 USDT
🛑 حد ضرر: 596.57 USDT
🏆 حد سود: 599.45 USDT
📉 اندیکاتورها:
  - SMA: N/A
  - RSI: 0.00
  - MACD: N/A
  - حجم: N/A
⚠️ هشدار: مدیریت ریسک را رعایت کنید!
2025-05-03 12:57:25,290 [ERROR] خطا در ارسال پیام به تلگرام: Chat not found
2025-05-03 12:57:25,290 [ERROR] شکست در ارسال سیگنال برای BNBUSDT
2025-05-03 12:59:01,532 [INFO] شروع بارگذاری تنظیمات
2025-05-03 12:59:01,532 [INFO] تنظیمات بارگذاری شد: {'xt_api_url': 'https://api.coingecko.com/api/v3', 'timeframe': '15m', 'sma_short_period': 9, 'sma_long_period': 21, 'rsi_period': 14, 'macd_fast': 12, 'macd_slow': 26, 'macd_signal': 9, 'atr_period': 14, 'telegram_chat_id': '@signalcrypto724', 'telegram_token': '8078807791:AAFWVqR1cn07kaKYZyYJMfeMIiBFxRK2XIw'}
2025-05-03 12:59:01,533 [INFO] مقداردهی اولیه XT API
2025-05-03 12:59:01,533 [INFO] مقداردهی اولیه API برای CoinGecko انجام شد
2025-05-03 12:59:01,534 [INFO] مقداردهی اولیه بات تلگرام
2025-05-03 12:59:03,830 [INFO] مقداردهی اولیه بات تلگرام انجام شد
2025-05-03 12:59:03,830 [INFO] بارگذاری لیست ارزها
2025-05-03 12:59:03,831 [INFO] ارزهای بارگذاری‌شده: ['BTCUSDT', 'ETHUSDT', 'BNBUSDT', 'XRPUSDT']
2025-05-03 12:59:03,831 [INFO] مقداردهی اولیه استراتژی برای CoinGecko
2025-05-03 12:59:03,831 [INFO] مقداردهی اولیه استراتژی برای CoinGecko
2025-05-03 12:59:03,832 [INFO] بات SIGNAL-BOT با موفقیت شروع شد
2025-05-03 12:59:03,832 [INFO] پردازش BTCUSDT
2025-05-03 12:59:04,277 [INFO] دریافت داده‌های OHLC برای BTCUSDT
2025-05-03 12:59:04,280 [INFO] مقدار close برای BTCUSDT: 96358.0
2025-05-03 12:59:04,284 [INFO] هیچ سیگنالی برای BTCUSDT تولید نشد
2025-05-03 12:59:09,298 [INFO] پردازش ETHUSDT
2025-05-03 12:59:11,998 [INFO] دریافت داده‌های OHLC برای ETHUSDT
2025-05-03 12:59:12,001 [INFO] مقدار close برای ETHUSDT: 1827.19
2025-05-03 12:59:12,009 [INFO] هیچ سیگنالی برای ETHUSDT تولید نشد
2025-05-03 12:59:17,025 [INFO] پردازش BNBUSDT
2025-05-03 12:59:17,447 [INFO] دریافت داده‌های OHLC برای BNBUSDT
2025-05-03 12:59:17,450 [INFO] مقدار close برای BNBUSDT: 597.53
2025-05-03 12:59:17,453 [INFO] هیچ سیگنالی برای BNBUSDT تولید نشد
2025-05-03 12:59:22,466 [INFO] پردازش XRPUSDT
2025-05-03 12:59:22,911 [INFO] دریافت داده‌های OHLC برای XRPUSDT
2025-05-03 12:59:22,915 [INFO] مقدار close برای XRPUSDT: 2.21
2025-05-03 12:59:22,923 [INFO] هیچ سیگنالی برای XRPUSDT تولید نشد
2025-05-03 12:59:27,936 [INFO] بررسی بعدی در 30 ثانیه
2025-05-03 12:59:57,945 [INFO] پردازش BTCUSDT
2025-05-03 12:59:58,373 [INFO] دریافت داده‌های OHLC برای BTCUSDT
2025-05-03 12:59:58,374 [INFO] مقدار close برای BTCUSDT: 96358.0
2025-05-03 12:59:58,377 [INFO] هیچ سیگنالی برای BTCUSDT تولید نشد
2025-05-03 13:00:03,388 [INFO] پردازش ETHUSDT
2025-05-03 13:00:03,850 [INFO] دریافت داده‌های OHLC برای ETHUSDT
2025-05-03 13:00:03,853 [INFO] مقدار close برای ETHUSDT: 1827.19
2025-05-03 13:00:03,860 [INFO] هیچ سیگنالی برای ETHUSDT تولید نشد
2025-05-03 13:00:08,871 [INFO] پردازش BNBUSDT
2025-05-03 13:00:09,294 [ERROR] خطای HTTP برای BNBUSDT: 429 Client Error: Too Many Requests for url: https://api.coingecko.com/api/v3/coins/binancecoin/ohlc?vs_currency=usd&days=1
2025-05-03 13:00:14,757 [ERROR] خطای HTTP برای BNBUSDT: 429 Client Error: Too Many Requests for url: https://api.coingecko.com/api/v3/coins/binancecoin/ohlc?vs_currency=usd&days=1
2025-05-03 13:00:20,184 [ERROR] خطای HTTP برای BNBUSDT: 429 Client Error: Too Many Requests for url: https://api.coingecko.com/api/v3/coins/binancecoin/ohlc?vs_currency=usd&days=1
2025-05-03 13:00:25,185 [ERROR] تلاش‌ها برای BNBUSDT ناموفق بود پس از 3 بار
2025-05-03 13:00:30,187 [INFO] پردازش XRPUSDT
2025-05-03 13:00:30,660 [ERROR] خطای HTTP برای XRPUSDT: 429 Client Error: Too Many Requests for url: https://api.coingecko.com/api/v3/coins/ripple/ohlc?vs_currency=usd&days=1
2025-05-03 13:00:36,144 [ERROR] خطای HTTP برای XRPUSDT: 429 Client Error: Too Many Requests for url: https://api.coingecko.com/api/v3/coins/ripple/ohlc?vs_currency=usd&days=1
2025-05-03 13:00:41,569 [ERROR] خطای HTTP برای XRPUSDT: 429 Client Error: Too Many Requests for url: https://api.coingecko.com/api/v3/coins/ripple/ohlc?vs_currency=usd&days=1
2025-05-03 13:00:46,571 [ERROR] تلاش‌ها برای XRPUSDT ناموفق بود پس از 3 بار
2025-05-03 13:00:51,579 [INFO] بررسی بعدی در 30 ثانیه
2025-05-03 13:01:21,590 [INFO] پردازش BTCUSDT
2025-05-03 13:01:22,030 [INFO] دریافت داده‌های OHLC برای BTCUSDT
2025-05-03 13:01:22,031 [INFO] مقدار close برای BTCUSDT: 96358.0
2025-05-03 13:01:22,036 [INFO] هیچ سیگنالی برای BTCUSDT تولید نشد
2025-05-03 13:01:27,047 [INFO] پردازش ETHUSDT
2025-05-03 13:01:27,481 [INFO] دریافت داده‌های OHLC برای ETHUSDT
2025-05-03 13:01:27,482 [INFO] مقدار close برای ETHUSDT: 1827.19
2025-05-03 13:01:27,487 [INFO] هیچ سیگنالی برای ETHUSDT تولید نشد
2025-05-03 13:01:32,490 [INFO] پردازش BNBUSDT
2025-05-03 13:01:32,920 [INFO] دریافت داده‌های OHLC برای BNBUSDT
2025-05-03 13:01:32,924 [INFO] مقدار close برای BNBUSDT: 597.53
2025-05-03 13:01:32,927 [INFO] هیچ سیگنالی برای BNBUSDT تولید نشد
2025-05-03 13:01:37,941 [INFO] پردازش XRPUSDT
2025-05-03 13:01:38,426 [INFO] دریافت داده‌های OHLC برای XRPUSDT
2025-05-03 13:01:38,427 [INFO] مقدار close برای XRPUSDT: 2.21
2025-05-03 13:01:38,432 [INFO] هیچ سیگنالی برای XRPUSDT تولید نشد
2025-05-03 13:01:43,440 [INFO] بررسی بعدی در 30 ثانیه
2025-05-03 13:02:13,449 [INFO] پردازش BTCUSDT
2025-05-03 13:02:13,880 [INFO] دریافت داده‌های OHLC برای BTCUSDT
2025-05-03 13:02:13,884 [INFO] مقدار close برای BTCUSDT: 96358.0
2025-05-03 13:02:13,889 [INFO] هیچ سیگنالی برای BTCUSDT تولید نشد
2025-05-03 13:02:18,900 [INFO] پردازش ETHUSDT
2025-05-03 13:02:19,313 [INFO] دریافت داده‌های OHLC برای ETHUSDT
2025-05-03 13:02:19,316 [INFO] مقدار close برای ETHUSDT: 1827.19
2025-05-03 13:02:19,319 [INFO] هیچ سیگنالی برای ETHUSDT تولید نشد
2025-05-03 13:02:24,326 [INFO] پردازش BNBUSDT
2025-05-03 13:02:24,750 [INFO] دریافت داده‌های OHLC برای BNBUSDT
2025-05-03 13:02:24,753 [INFO] مقدار close برای BNBUSDT: 597.53
2025-05-03 13:02:24,756 [INFO] هیچ سیگنالی برای BNBUSDT تولید نشد
2025-05-03 13:02:29,768 [INFO] پردازش XRPUSDT
2025-05-03 13:02:30,187 [ERROR] خطای HTTP برای XRPUSDT: 429 Client Error: Too Many Requests for url: https://api.coingecko.com/api/v3/coins/ripple/ohlc?vs_currency=usd&days=1
2025-05-03 13:02:35,591 [ERROR] خطای HTTP برای XRPUSDT: 429 Client Error: Too Many Requests for url: https://api.coingecko.com/api/v3/coins/ripple/ohlc?vs_currency=usd&days=1
2025-05-03 13:02:41,011 [ERROR] خطای HTTP برای XRPUSDT: 429 Client Error: Too Many Requests for url: https://api.coingecko.com/api/v3/coins/ripple/ohlc?vs_currency=usd&days=1
2025-05-03 13:02:46,012 [ERROR] تلاش‌ها برای XRPUSDT ناموفق بود پس از 3 بار
2025-05-03 13:02:51,014 [INFO] بررسی بعدی در 30 ثانیه
2025-05-03 13:03:21,020 [INFO] پردازش BTCUSDT
2025-05-03 13:03:21,422 [ERROR] خطای HTTP برای BTCUSDT: 429 Client Error: Too Many Requests for url: https://api.coingecko.com/api/v3/coins/bitcoin/ohlc?vs_currency=usd&days=1
2025-05-03 13:03:26,830 [ERROR] خطای HTTP برای BTCUSDT: 429 Client Error: Too Many Requests for url: https://api.coingecko.com/api/v3/coins/bitcoin/ohlc?vs_currency=usd&days=1
2025-05-03 13:03:32,288 [INFO] دریافت داده‌های OHLC برای BTCUSDT
2025-05-03 13:03:32,291 [INFO] مقدار close برای BTCUSDT: 96358.0
2025-05-03 13:03:32,306 [INFO] هیچ سیگنالی برای BTCUSDT تولید نشد
2025-05-03 13:03:37,323 [INFO] پردازش ETHUSDT
2025-05-03 13:03:37,878 [INFO] دریافت داده‌های OHLC برای ETHUSDT
2025-05-03 13:03:37,880 [INFO] مقدار close برای ETHUSDT: 1826.53
2025-05-03 13:03:37,883 [INFO] هیچ سیگنالی برای ETHUSDT تولید نشد
2025-05-03 13:04:03,968 [INFO] شروع بارگذاری تنظیمات
2025-05-03 13:04:03,968 [INFO] تنظیمات بارگذاری شد: {'xt_api_url': 'https://api.coingecko.com/api/v3', 'timeframe': '15m', 'sma_short_period': 9, 'sma_long_period': 21, 'rsi_period': 14, 'macd_fast': 12, 'macd_slow': 26, 'macd_signal': 9, 'atr_period': 14, 'telegram_chat_id': '@signalcrypto724', 'telegram_token': '8078807791:AAFWVqR1cn07kaKYZyYJMfeMIiBFxRK2XIw'}
2025-05-03 13:04:03,968 [INFO] مقداردهی اولیه XT API
2025-05-03 13:04:03,969 [INFO] مقداردهی اولیه API برای CoinGecko انجام شد
2025-05-03 13:04:03,969 [INFO] مقداردهی اولیه بات تلگرام
2025-05-03 13:04:06,308 [INFO] مقداردهی اولیه بات تلگرام انجام شد
2025-05-03 13:04:06,309 [INFO] بارگذاری لیست ارزها
2025-05-03 13:04:06,309 [INFO] ارزهای بارگذاری‌شده: ['BTCUSDT', 'ETHUSDT', 'BNBUSDT', 'XRPUSDT']
2025-05-03 13:04:06,309 [INFO] مقداردهی اولیه استراتژی برای CoinGecko
2025-05-03 13:04:06,310 [INFO] مقداردهی اولیه استراتژی برای CoinGecko
2025-05-03 13:04:06,310 [INFO] بات SIGNAL-BOT با موفقیت شروع شد
2025-05-03 13:04:06,311 [INFO] پردازش BTCUSDT
2025-05-03 13:04:06,866 [INFO] دریافت داده‌های OHLC برای BTCUSDT
2025-05-03 13:04:06,869 [INFO] مقدار close برای BTCUSDT: 96358.0
2025-05-03 13:04:06,876 [INFO] هیچ سیگنالی برای BTCUSDT تولید نشد. RSI: 41.50, SMA: Bearish, MACD: Bearish
2025-05-03 13:04:11,879 [INFO] پردازش ETHUSDT
2025-05-03 13:04:12,317 [INFO] دریافت داده‌های OHLC برای ETHUSDT
2025-05-03 13:04:12,319 [INFO] مقدار close برای ETHUSDT: 1826.53
2025-05-03 13:04:12,322 [INFO] هیچ سیگنالی برای ETHUSDT تولید نشد. RSI: 38.65, SMA: Bearish, MACD: Bearish
2025-05-03 13:04:17,328 [INFO] پردازش BNBUSDT
2025-05-03 13:04:17,857 [INFO] دریافت داده‌های OHLC برای BNBUSDT
2025-05-03 13:04:17,860 [INFO] مقدار close برای BNBUSDT: 596.8
2025-05-03 13:04:17,865 [INFO] هیچ سیگنالی برای BNBUSDT تولید نشد. RSI: 34.41, SMA: Bearish, MACD: Bearish
2025-05-03 13:04:22,878 [INFO] پردازش XRPUSDT
2025-05-03 13:05:04,525 [INFO] دریافت داده‌های OHLC برای XRPUSDT
2025-05-03 13:05:04,527 [INFO] مقدار close برای XRPUSDT: 2.2
2025-05-03 13:05:04,531 [INFO] هیچ سیگنالی برای XRPUSDT تولید نشد. RSI: 42.97, SMA: Bearish, MACD: Bearish
2025-05-03 13:05:09,539 [INFO] بررسی بعدی در 30 ثانیه
2025-05-03 13:05:39,544 [INFO] پردازش BTCUSDT
2025-05-03 13:05:39,967 [INFO] دریافت داده‌های OHLC برای BTCUSDT
2025-05-03 13:05:39,970 [INFO] مقدار close برای BTCUSDT: 96358.0
2025-05-03 13:05:39,979 [INFO] هیچ سیگنالی برای BTCUSDT تولید نشد. RSI: 41.50, SMA: Bearish, MACD: Bearish
2025-05-03 13:05:44,988 [INFO] پردازش ETHUSDT
2025-05-03 13:05:45,422 [INFO] دریافت داده‌های OHLC برای ETHUSDT
2025-05-03 13:05:45,425 [INFO] مقدار close برای ETHUSDT: 1826.53
2025-05-03 13:05:45,428 [INFO] هیچ سیگنالی برای ETHUSDT تولید نشد. RSI: 38.65, SMA: Bearish, MACD: Bearish
2025-05-03 13:05:50,434 [INFO] پردازش BNBUSDT
2025-05-03 13:05:50,836 [INFO] دریافت داده‌های OHLC برای BNBUSDT
2025-05-03 13:05:50,839 [INFO] مقدار close برای BNBUSDT: 596.8
2025-05-03 13:05:50,846 [INFO] هیچ سیگنالی برای BNBUSDT تولید نشد. RSI: 34.41, SMA: Bearish, MACD: Bearish
2025-05-03 13:05:55,853 [INFO] پردازش XRPUSDT
2025-05-03 13:05:56,311 [INFO] دریافت داده‌های OHLC برای XRPUSDT
2025-05-03 13:05:56,314 [INFO] مقدار close برای XRPUSDT: 2.2
2025-05-03 13:05:56,322 [INFO] هیچ سیگنالی برای XRPUSDT تولید نشد. RSI: 42.97, SMA: Bearish, MACD: Bearish
2025-05-03 13:06:01,338 [INFO] بررسی بعدی در 30 ثانیه
2025-05-03 13:06:31,339 [INFO] پردازش BTCUSDT
2025-05-03 13:06:31,778 [INFO] دریافت داده‌های OHLC برای BTCUSDT
2025-05-03 13:06:31,779 [INFO] مقدار close برای BTCUSDT: 96358.0
2025-05-03 13:06:31,782 [INFO] هیچ سیگنالی برای BTCUSDT تولید نشد. RSI: 41.50, SMA: Bearish, MACD: Bearish
2025-05-03 13:06:36,785 [INFO] پردازش ETHUSDT
2025-05-03 13:06:37,174 [INFO] دریافت داده‌های OHLC برای ETHUSDT
2025-05-03 13:06:37,176 [INFO] مقدار close برای ETHUSDT: 1826.53
2025-05-03 13:06:37,179 [INFO] هیچ سیگنالی برای ETHUSDT تولید نشد. RSI: 38.65, SMA: Bearish, MACD: Bearish
2025-05-03 13:06:42,183 [INFO] پردازش BNBUSDT
2025-05-03 13:06:42,994 [INFO] دریافت داده‌های OHLC برای BNBUSDT
2025-05-03 13:06:42,995 [INFO] مقدار close برای BNBUSDT: 596.8
2025-05-03 13:06:42,998 [INFO] هیچ سیگنالی برای BNBUSDT تولید نشد. RSI: 34.41, SMA: Bearish, MACD: Bearish
2025-05-03 13:06:48,004 [INFO] پردازش XRPUSDT
2025-05-03 13:06:48,474 [INFO] دریافت داده‌های OHLC برای XRPUSDT
2025-05-03 13:06:48,476 [INFO] مقدار close برای XRPUSDT: 2.2
2025-05-03 13:06:48,491 [INFO] هیچ سیگنالی برای XRPUSDT تولید نشد. RSI: 42.97, SMA: Bearish, MACD: Bearish
2025-05-03 13:06:53,526 [INFO] بررسی بعدی در 30 ثانیه
2025-05-03 13:07:23,530 [INFO] پردازش BTCUSDT
2025-05-03 13:07:23,973 [INFO] دریافت داده‌های OHLC برای BTCUSDT
2025-05-03 13:07:23,974 [INFO] مقدار close برای BTCUSDT: 96358.0
2025-05-03 13:07:23,977 [INFO] هیچ سیگنالی برای BTCUSDT تولید نشد. RSI: 41.50, SMA: Bearish, MACD: Bearish
2025-05-03 13:07:28,991 [INFO] پردازش ETHUSDT
2025-05-03 13:07:29,427 [INFO] دریافت داده‌های OHLC برای ETHUSDT
2025-05-03 13:07:29,428 [INFO] مقدار close برای ETHUSDT: 1826.53
2025-05-03 13:07:29,431 [INFO] هیچ سیگنالی برای ETHUSDT تولید نشد. RSI: 38.65, SMA: Bearish, MACD: Bearish
2025-05-03 13:07:34,443 [INFO] پردازش BNBUSDT
2025-05-03 13:07:34,860 [INFO] دریافت داده‌های OHLC برای BNBUSDT
2025-05-03 13:07:34,862 [INFO] مقدار close برای BNBUSDT: 596.8
2025-05-03 13:07:34,865 [INFO] هیچ سیگنالی برای BNBUSDT تولید نشد. RSI: 34.41, SMA: Bearish, MACD: Bearish
2025-05-03 13:07:39,869 [INFO] پردازش XRPUSDT
2025-05-03 13:07:40,292 [INFO] دریافت داده‌های OHLC برای XRPUSDT
2025-05-03 13:07:40,294 [INFO] مقدار close برای XRPUSDT: 2.2
2025-05-03 13:07:40,297 [INFO] هیچ سیگنالی برای XRPUSDT تولید نشد. RSI: 42.97, SMA: Bearish, MACD: Bearish
2025-05-03 13:07:45,300 [INFO] بررسی بعدی در 30 ثانیه
2025-05-03 13:08:15,313 [INFO] پردازش BTCUSDT
2025-05-03 13:08:15,804 [INFO] دریافت داده‌های OHLC برای BTCUSDT
2025-05-03 13:08:15,807 [INFO] مقدار close برای BTCUSDT: 96358.0
2025-05-03 13:08:15,813 [INFO] هیچ سیگنالی برای BTCUSDT تولید نشد. RSI: 41.50, SMA: Bearish, MACD: Bearish
2025-05-03 13:08:20,828 [INFO] پردازش ETHUSDT
2025-05-03 13:08:21,294 [INFO] دریافت داده‌های OHLC برای ETHUSDT
2025-05-03 13:08:21,297 [INFO] مقدار close برای ETHUSDT: 1826.53
2025-05-03 13:08:21,300 [INFO] هیچ سیگنالی برای ETHUSDT تولید نشد. RSI: 38.65, SMA: Bearish, MACD: Bearish
2025-05-03 13:08:26,303 [INFO] پردازش BNBUSDT
2025-05-03 13:08:26,716 [INFO] دریافت داده‌های OHLC برای BNBUSDT
2025-05-03 13:08:26,718 [INFO] مقدار close برای BNBUSDT: 596.8
2025-05-03 13:08:26,725 [INFO] هیچ سیگنالی برای BNBUSDT تولید نشد. RSI: 34.41, SMA: Bearish, MACD: Bearish
2025-05-03 13:08:31,733 [INFO] پردازش XRPUSDT
2025-05-03 13:08:32,184 [INFO] دریافت داده‌های OHLC برای XRPUSDT
2025-05-03 13:08:32,187 [INFO] مقدار close برای XRPUSDT: 2.2
2025-05-03 13:08:32,190 [INFO] هیچ سیگنالی برای XRPUSDT تولید نشد. RSI: 42.97, SMA: Bearish, MACD: Bearish
2025-05-03 13:08:37,201 [INFO] بررسی بعدی در 30 ثانیه
2025-05-03 13:09:07,203 [INFO] پردازش BTCUSDT
2025-05-03 13:09:08,059 [INFO] دریافت داده‌های OHLC برای BTCUSDT
2025-05-03 13:09:08,062 [INFO] مقدار close برای BTCUSDT: 96358.0
2025-05-03 13:09:08,068 [INFO] هیچ سیگنالی برای BTCUSDT تولید نشد. RSI: 41.50, SMA: Bearish, MACD: Bearish
2025-05-03 13:09:13,070 [INFO] پردازش ETHUSDT
2025-05-03 13:09:13,555 [INFO] دریافت داده‌های OHLC برای ETHUSDT
2025-05-03 13:09:13,558 [INFO] مقدار close برای ETHUSDT: 1826.53
2025-05-03 13:09:13,561 [INFO] هیچ سیگنالی برای ETHUSDT تولید نشد. RSI: 38.65, SMA: Bearish, MACD: Bearish
2025-05-03 13:09:18,577 [INFO] پردازش BNBUSDT
2025-05-03 13:09:19,035 [INFO] دریافت داده‌های OHLC برای BNBUSDT
2025-05-03 13:09:19,037 [INFO] مقدار close برای BNBUSDT: 596.8
2025-05-03 13:09:19,044 [INFO] هیچ سیگنالی برای BNBUSDT تولید نشد. RSI: 34.41, SMA: Bearish, MACD: Bearish
2025-05-03 13:10:21,269 [INFO] شروع بارگذاری تنظیمات
2025-05-03 13:10:21,269 [INFO] تنظیمات بارگذاری شد: {'xt_api_url': 'https://api.coingecko.com/api/v3', 'timeframe': '15m', 'sma_short_period': 9, 'sma_long_period': 21, 'rsi_period': 14, 'macd_fast': 12, 'macd_slow': 26, 'macd_signal': 9, 'atr_period': 14, 'telegram_chat_id': '@signalcrypto724', 'telegram_token': '8078807791:AAFWVqR1cn07kaKYZyYJMfeMIiBFxRK2XIw'}
2025-05-03 13:10:21,269 [INFO] مقداردهی اولیه XT API
2025-05-03 13:10:21,270 [INFO] مقداردهی اولیه API برای CoinGecko انجام شد
2025-05-03 13:10:21,270 [INFO] مقداردهی اولیه بات تلگرام
2025-05-03 13:10:23,599 [INFO] مقداردهی اولیه بات تلگرام انجام شد
2025-05-03 13:10:23,599 [INFO] بارگذاری لیست ارزها
2025-05-03 13:10:23,599 [INFO] ارزهای بارگذاری‌شده: ['BTCUSDT', 'ETHUSDT', 'BNBUSDT', 'XRPUSDT']
2025-05-03 13:10:23,599 [INFO] مقداردهی اولیه استراتژی برای CoinGecko
2025-05-03 13:10:23,600 [INFO] مقداردهی اولیه استراتژی برای CoinGecko
2025-05-03 13:10:23,600 [INFO] بات SIGNAL-BOT با موفقیت شروع شد
2025-05-03 13:10:23,601 [INFO] پردازش BTCUSDT
2025-05-03 13:10:24,021 [INFO] دریافت داده‌های OHLC برای BTCUSDT
2025-05-03 13:10:24,023 [INFO] مقدار close برای BTCUSDT: 96358.0
2025-05-03 13:10:24,028 [INFO] هیچ سیگنالی برای BTCUSDT تولید نشد. RSI: 41.50, SMA: Bearish, MACD: Bearish
2025-05-03 13:10:29,031 [INFO] پردازش ETHUSDT
2025-05-03 13:10:29,463 [INFO] دریافت داده‌های OHLC برای ETHUSDT
2025-05-03 13:10:29,465 [INFO] مقدار close برای ETHUSDT: 1826.53
2025-05-03 13:10:29,473 [INFO] هیچ سیگنالی برای ETHUSDT تولید نشد. RSI: 38.65, SMA: Bearish, MACD: Bearish
2025-05-03 13:10:34,481 [INFO] پردازش BNBUSDT
2025-05-03 13:10:34,892 [INFO] دریافت داده‌های OHLC برای BNBUSDT
2025-05-03 13:10:34,895 [INFO] مقدار close برای BNBUSDT: 596.8
2025-05-03 13:10:34,901 [INFO] هیچ سیگنالی برای BNBUSDT تولید نشد. RSI: 34.41, SMA: Bearish, MACD: Bearish
2025-05-03 13:10:39,916 [INFO] پردازش XRPUSDT
2025-05-03 13:10:40,358 [INFO] دریافت داده‌های OHLC برای XRPUSDT
2025-05-03 13:10:40,360 [INFO] مقدار close برای XRPUSDT: 2.2
2025-05-03 13:10:40,363 [INFO] هیچ سیگنالی برای XRPUSDT تولید نشد. RSI: 42.97, SMA: Bearish, MACD: Bearish
2025-05-03 13:10:45,378 [INFO] بررسی بعدی در 30 ثانیه
2025-05-03 13:11:15,392 [INFO] پردازش BTCUSDT
2025-05-03 13:11:16,045 [INFO] دریافت داده‌های OHLC برای BTCUSDT
2025-05-03 13:11:16,047 [INFO] مقدار close برای BTCUSDT: 96358.0
2025-05-03 13:11:16,050 [INFO] هیچ سیگنالی برای BTCUSDT تولید نشد. RSI: 41.50, SMA: Bearish, MACD: Bearish
2025-05-03 13:11:21,061 [INFO] پردازش ETHUSDT
2025-05-03 13:11:21,486 [INFO] دریافت داده‌های OHLC برای ETHUSDT
2025-05-03 13:11:21,487 [INFO] مقدار close برای ETHUSDT: 1826.53
2025-05-03 13:11:21,490 [INFO] هیچ سیگنالی برای ETHUSDT تولید نشد. RSI: 38.65, SMA: Bearish, MACD: Bearish
2025-05-03 13:11:26,494 [INFO] پردازش BNBUSDT
2025-05-03 13:11:26,968 [INFO] دریافت داده‌های OHLC برای BNBUSDT
2025-05-03 13:11:26,971 [INFO] مقدار close برای BNBUSDT: 596.8
2025-05-03 13:11:26,980 [INFO] هیچ سیگنالی برای BNBUSDT تولید نشد. RSI: 34.41, SMA: Bearish, MACD: Bearish
2025-05-03 13:11:31,989 [INFO] پردازش XRPUSDT
2025-05-03 13:11:32,403 [INFO] دریافت داده‌های OHLC برای XRPUSDT
2025-05-03 13:11:32,406 [INFO] مقدار close برای XRPUSDT: 2.2
2025-05-03 13:11:32,413 [INFO] هیچ سیگنالی برای XRPUSDT تولید نشد. RSI: 42.97, SMA: Bearish, MACD: Bearish
2025-05-03 13:11:37,425 [INFO] بررسی بعدی در 30 ثانیه
2025-05-03 13:13:03,383 [INFO] شروع بارگذاری تنظیمات
2025-05-03 13:13:03,383 [INFO] تنظیمات بارگذاری شد: {'xt_api_url': 'https://api.coingecko.com/api/v3', 'timeframe': '15m', 'sma_short_period': 9, 'sma_long_period': 21, 'rsi_period': 14, 'macd_fast': 12, 'macd_slow': 26, 'macd_signal': 9, 'atr_period': 14, 'telegram_chat_id': '@signalcrypto724', 'telegram_token': '8078807791:AAFWVqR1cn07kaKYZyYJMfeMIiBFxRK2XIw'}
2025-05-03 13:13:03,384 [INFO] مقداردهی اولیه XT API
2025-05-03 13:13:03,384 [INFO] مقداردهی اولیه API برای CoinGecko انجام شد
2025-05-03 13:13:03,384 [INFO] مقداردهی اولیه بات تلگرام
2025-05-03 13:13:05,699 [INFO] مقداردهی اولیه بات تلگرام انجام شد
2025-05-03 13:13:05,700 [INFO] بارگذاری لیست ارزها
2025-05-03 13:13:05,700 [INFO] ارزهای بارگذاری‌شده: ['BTCUSDT', 'ETHUSDT', 'BNBUSDT', 'XRPUSDT']
2025-05-03 13:13:05,700 [INFO] مقداردهی اولیه استراتژی برای CoinGecko
2025-05-03 13:13:05,701 [INFO] مقداردهی اولیه استراتژی برای CoinGecko
2025-05-03 13:13:05,701 [INFO] بات SIGNAL-BOT با موفقیت شروع شد
2025-05-03 13:13:05,701 [INFO] پردازش BTCUSDT
2025-05-03 13:13:06,130 [INFO] دریافت داده‌های OHLC برای BTCUSDT
2025-05-03 13:13:06,133 [INFO] مقدار close برای BTCUSDT: 96358.0
2025-05-03 13:13:06,140 [INFO] سیگنال تولید شد برای BTCUSDT: {'market': 'BTCUSDT', 'type': 'BUY', 'entry_price': 96358.0, 'stop_loss': 96147.03125, 'take_profit': 96779.9375, 'timestamp': 1746262800000, 'sma_status': 'Bearish', 'rsi_value': 41.4971043095053, 'macd_status': 'Bearish', 'volume_status': 'N/A'}
2025-05-03 13:13:06,140 [INFO] ارسال سیگنال برای BTCUSDT: {'market': 'BTCUSDT', 'type': 'BUY', 'entry_price': 96358.0, 'stop_loss': 96147.03125, 'take_profit': 96779.9375, 'timestamp': 1746262800000, 'sma_status': 'Bearish', 'rsi_value': 41.4971043095053, 'macd_status': 'Bearish', 'volume_status': 'N/A'}
2025-05-03 13:13:06,671 [INFO] پیام به تلگرام (@signalcrypto724) ارسال شد: 📊 سیگنال فیوچرز - 1746262800000
💰 جفت‌ارز: BTCUSDT
📈 نوع: BUY
🎯 قیمت ورود: 96358.00 USDT
🛑 حد ضرر: 96147.03 USDT
🏆 حد سود: 96779.94 USDT
📉 اندیکاتورها:
  - SMA: Bearish
  - RSI: 41.50
  - MACD: Bearish
  - حجم: N/A
⚠️ هشدار: مدیریت ریسک را رعایت کنید!
2025-05-03 13:13:06,822 [ERROR] خطا در ارسال پیام به تلگرام: Chat not found
2025-05-03 13:13:06,823 [ERROR] شکست در ارسال سیگنال برای BTCUSDT
2025-05-03 13:13:11,827 [INFO] پردازش ETHUSDT
2025-05-03 13:13:12,245 [INFO] دریافت داده‌های OHLC برای ETHUSDT
2025-05-03 13:13:12,248 [INFO] مقدار close برای ETHUSDT: 1826.53
2025-05-03 13:13:12,252 [INFO] سیگنال تولید شد برای ETHUSDT: {'market': 'ETHUSDT', 'type': 'BUY', 'entry_price': 1826.53, 'stop_loss': 1820.7809375, 'take_profit': 1838.0281249999998, 'timestamp': 1746264600000, 'sma_status': 'Bearish', 'rsi_value': 38.64908368978667, 'macd_status': 'Bearish', 'volume_status': 'N/A'}
2025-05-03 13:13:12,253 [INFO] ارسال سیگنال برای ETHUSDT: {'market': 'ETHUSDT', 'type': 'BUY', 'entry_price': 1826.53, 'stop_loss': 1820.7809375, 'take_profit': 1838.0281249999998, 'timestamp': 1746264600000, 'sma_status': 'Bearish', 'rsi_value': 38.64908368978667, 'macd_status': 'Bearish', 'volume_status': 'N/A'}
2025-05-03 13:13:12,740 [INFO] پیام به تلگرام (@signalcrypto724) ارسال شد: 📊 سیگنال فیوچرز - 1746264600000
💰 جفت‌ارز: ETHUSDT
📈 نوع: BUY
🎯 قیمت ورود: 1826.53 USDT
🛑 حد ضرر: 1820.78 USDT
🏆 حد سود: 1838.03 USDT
📉 اندیکاتورها:
  - SMA: Bearish
  - RSI: 38.65
  - MACD: Bearish
  - حجم: N/A
⚠️ هشدار: مدیریت ریسک را رعایت کنید!
2025-05-03 13:13:12,922 [ERROR] خطا در ارسال پیام به تلگرام: Chat not found
2025-05-03 13:13:12,922 [ERROR] شکست در ارسال سیگنال برای ETHUSDT
